matrix_name,family,param,q,mse,rmse,rel_rmse
"Step (r=4, drop=1.5)",Step Height Sweep,1.5,2,0.03572815076804934,0.18901891642914828,0.0027796899474874736
"Step (r=4, drop=1.5)",Step Height Sweep,1.5,4,0.07650673576460705,0.2765985100549297,0.004067625147866611
"Step (r=4, drop=1.5)",Step Height Sweep,1.5,6,0.11031970946804084,0.33214410948869894,0.004884472198363217
"Step (r=4, drop=1.5)",Step Height Sweep,1.5,8,0.17368776185661652,0.4167586374109318,0.006128803491337229
"Step (r=4, drop=1.5)",Step Height Sweep,1.5,10,0.22204858579293854,0.47122031555625715,0.0069297105228861315
"Step (r=4, drop=1.5)",Step Height Sweep,1.5,12,0.2559609846544939,0.5059258687342385,0.007440086304915269
"Step (r=4, drop=1.5)",Step Height Sweep,1.5,14,0.27868720428029337,0.5279083294287876,0.007763357785717462
"Step (r=4, drop=1.5)",Step Height Sweep,1.5,16,0.380359109359348,0.616732607666684,0.00906959717156888
"Step (r=4, drop=1.5)",Step Height Sweep,1.5,18,0.5124436631150374,0.7158517046952095,0.010527230951400136
"Step (r=4, drop=1.5)",Step Height Sweep,1.5,20,0.7197989444035627,0.8484096560056131,0.012476612588317835
"Step (r=4, drop=1.5)",Step Height Sweep,1.5,22,1.092761300944706,1.0453522377384121,0.015372827025564877
"Step (r=4, drop=1.5)",Step Height Sweep,1.5,24,1.4524731788736038,1.205185951989818,0.01772332282337967
"Step (r=4, drop=1.5)",Step Height Sweep,1.5,26,2.1579834742070023,1.4690076494719155,0.02160305366870463
"Step (r=4, drop=1.5)",Step Height Sweep,1.5,28,4.858085292848662,2.20410646132365,0.03241333031358307
"Step (r=4, drop=2.0)",Step Height Sweep,2.0,2,0.045319114051726776,0.21288286462683365,0.004093901242823724
"Step (r=4, drop=2.0)",Step Height Sweep,2.0,4,0.0739981857929502,0.27202607557539443,0.005231270684142201
"Step (r=4, drop=2.0)",Step Height Sweep,2.0,6,0.08096660960026876,0.284546322415646,0.005472044661839346
"Step (r=4, drop=2.0)",Step Height Sweep,2.0,8,0.08914740610971571,0.2985756287939719,0.005741839015268691
"Step (r=4, drop=2.0)",Step Height Sweep,2.0,10,0.16892542934778734,0.4110053884656348,0.007903949778185284
"Step (r=4, drop=2.0)",Step Height Sweep,2.0,12,0.13474365679766462,0.36707445674912415,0.007059124168252388
"Step (r=4, drop=2.0)",Step Height Sweep,2.0,14,0.19384297097345857,0.44027601680475237,0.008466846477014468
"Step (r=4, drop=2.0)",Step Height Sweep,2.0,16,0.19033640367612564,0.4362756051810892,0.008389915484251716
"Step (r=4, drop=2.0)",Step Height Sweep,2.0,18,0.34491966661792056,0.5872986179261114,0.011294204190886756
"Step (r=4, drop=2.0)",Step Height Sweep,2.0,20,0.5123573464477326,0.7157914126669392,0.013765219474364217
"Step (r=4, drop=2.0)",Step Height Sweep,2.0,22,0.608230803991097,0.779891533478276,0.014997914105351461
"Step (r=4, drop=2.0)",Step Height Sweep,2.0,24,0.8702748781536527,0.9328852438288713,0.01794010084286291
"Step (r=4, drop=2.0)",Step Height Sweep,2.0,26,1.2390052458604386,1.1131061251562848,0.021405887022236246
"Step (r=4, drop=2.0)",Step Height Sweep,2.0,28,3.239924971455856,1.7999791586170812,0.034614983819559256
"Step (r=4, drop=5.0)",Step Height Sweep,5.0,2,0.05568064654119652,0.23596746924353051,0.010171011605324591
"Step (r=4, drop=5.0)",Step Height Sweep,5.0,4,0.04539074662623828,0.21305104230263291,0.00918323458201004
"Step (r=4, drop=5.0)",Step Height Sweep,5.0,6,0.03941036619497274,0.19852044276339084,0.008556915636353054
"Step (r=4, drop=5.0)",Step Height Sweep,5.0,8,0.03654463600633883,0.19116651382064492,0.00823993594054504
"Step (r=4, drop=5.0)",Step Height Sweep,5.0,10,0.02801823471181969,0.16738648306186402,0.007214934614735518
"Step (r=4, drop=5.0)",Step Height Sweep,5.0,12,0.032878181538343425,0.1813234169608091,0.007815664524172806
"Step (r=4, drop=5.0)",Step Height Sweep,5.0,14,0.037242909427162206,0.19298422066884693,0.008318285373657195
"Step (r=4, drop=5.0)",Step Height Sweep,5.0,16,0.04362267598540012,0.2088604222570665,0.009002604407632177
"Step (r=4, drop=5.0)",Step Height Sweep,5.0,18,0.061758852372661203,0.24851328409696977,0.010711779486938352
"Step (r=4, drop=5.0)",Step Height Sweep,5.0,20,0.07315403907381714,0.2704700335967316,0.011658191103307397
"Step (r=4, drop=5.0)",Step Height Sweep,5.0,22,0.07555948596600988,0.27488085776570526,0.011848312834728675
"Step (r=4, drop=5.0)",Step Height Sweep,5.0,24,0.16931872859576932,0.4114835702622516,0.017736360787166016
"Step (r=4, drop=5.0)",Step Height Sweep,5.0,26,0.2237765660316217,0.47305027854512643,0.020390098213152002
"Step (r=4, drop=5.0)",Step Height Sweep,5.0,28,0.379673675908136,0.6161766596586858,0.02655933877839163
"Step (r=4, drop=10.0)",Step Height Sweep,10.0,2,0.04985216731152135,0.22327598910657936,0.016417352140189658
"Step (r=4, drop=10.0)",Step Height Sweep,10.0,4,0.028898985691933093,0.16999701671480325,0.012499780640794355
"Step (r=4, drop=10.0)",Step Height Sweep,10.0,6,0.020817790714058197,0.1442837160391227,0.010609096767582551
"Step (r=4, drop=10.0)",Step Height Sweep,10.0,8,0.010693879636270675,0.10341121620148694,0.007603765897168157
"Step (r=4, drop=10.0)",Step Height Sweep,10.0,10,0.008710768480413016,0.09333149779368707,0.006862610131888755
"Step (r=4, drop=10.0)",Step Height Sweep,10.0,12,0.0072289231981453,0.08502307450419151,0.006251696654719963
"Step (r=4, drop=10.0)",Step Height Sweep,10.0,14,0.009027197018312418,0.09501156255063074,0.006986144305193436
"Step (r=4, drop=10.0)",Step Height Sweep,10.0,16,0.017468999773502317,0.1321703437746241,0.009718407630487065
"Step (r=4, drop=10.0)",Step Height Sweep,10.0,18,0.014047681368225462,0.11852291494991786,0.008714920216905724
"Step (r=4, drop=10.0)",Step Height Sweep,10.0,20,0.018397462372912662,0.1356372455224326,0.009973326876649454
"Step (r=4, drop=10.0)",Step Height Sweep,10.0,22,0.03633903503340617,0.19062800170333363,0.014016764831127472
"Step (r=4, drop=10.0)",Step Height Sweep,10.0,24,0.03455120808947621,0.18587955263954187,0.013667614164672194
"Step (r=4, drop=10.0)",Step Height Sweep,10.0,26,0.07841102449382108,0.2800196859040826,0.020589682787064894
"Step (r=4, drop=10.0)",Step Height Sweep,10.0,28,0.10506923181916586,0.32414384433329263,0.023834106200977395
"Step (r=4, drop=50.0)",Step Height Sweep,50.0,2,0.05383446732948234,0.2320225578030773,0.0391929996288982
"Step (r=4, drop=50.0)",Step Height Sweep,50.0,4,0.009334831892218056,0.0966169337757003,0.01632042800265208
"Step (r=4, drop=50.0)",Step Height Sweep,50.0,6,0.000797422286028871,0.02823866650585454,0.004770045017880835
"Step (r=4, drop=50.0)",Step Height Sweep,50.0,8,0.00030941217715511215,0.017590115893737372,0.002971303360428611
"Step (r=4, drop=50.0)",Step Height Sweep,50.0,10,0.00017714791935296342,0.013309692684392206,0.002248258899390576
"Step (r=4, drop=50.0)",Step Height Sweep,50.0,12,0.0001974407361566597,0.014051360651433715,0.00237354065058002
"Step (r=4, drop=50.0)",Step Height Sweep,50.0,14,0.0002746884141181126,0.01657372662131582,0.002799615983330375
"Step (r=4, drop=50.0)",Step Height Sweep,50.0,16,0.00042411835069685217,0.020594133890427444,0.003478738832842474
"Step (r=4, drop=50.0)",Step Height Sweep,50.0,18,0.00046319799855444144,0.021522035186163073,0.0036354789165816007
"Step (r=4, drop=50.0)",Step Height Sweep,50.0,20,0.0007850092444696571,0.02801801642639352,0.0047327730449989065
"Step (r=4, drop=50.0)",Step Height Sweep,50.0,22,0.0008270982106255842,0.028759315197437928,0.004857992431999651
"Step (r=4, drop=50.0)",Step Height Sweep,50.0,24,0.0010085742721480993,0.03175805838126915,0.005364536888727897
"Step (r=4, drop=50.0)",Step Height Sweep,50.0,26,0.0019071165514028088,0.04367054558169395,0.007376781348259114
"Step (r=4, drop=50.0)",Step Height Sweep,50.0,28,0.005007294795378193,0.07076224131115544,0.011953081302560042
"Step (r=4, drop=100.0)",Step Height Sweep,100.0,2,0.09210183420125288,0.3034828400441331,0.06118605646051072
"Step (r=4, drop=100.0)",Step Height Sweep,100.0,4,0.0018479183892243759,0.04298742129070289,0.008666818808609455
"Step (r=4, drop=100.0)",Step Height Sweep,100.0,6,4.1027110368879284e-05,0.00640524085174627,0.0012913792039811031
"Step (r=4, drop=100.0)",Step Height Sweep,100.0,8,3.631005429755518e-05,0.006025782463510874,0.0012148754966755796
"Step (r=4, drop=100.0)",Step Height Sweep,100.0,10,4.568007321229295e-05,0.006758703515637666,0.0013626418378301748
"Step (r=4, drop=100.0)",Step Height Sweep,100.0,12,5.846854332540608e-05,0.007646472606725671,0.001541627541678563
"Step (r=4, drop=100.0)",Step Height Sweep,100.0,14,8.327187295582625e-05,0.009125342347321893,0.0018397867635729626
"Step (r=4, drop=100.0)",Step Height Sweep,100.0,16,9.364349299030927e-05,0.009676956804197757,0.0019509993556850321
"Step (r=4, drop=100.0)",Step Height Sweep,100.0,18,0.00011389729184797386,0.010672267418312467,0.002151666818208159
"Step (r=4, drop=100.0)",Step Height Sweep,100.0,20,0.00017415256885165977,0.013196687798522013,0.0026606225400245998
"Step (r=4, drop=100.0)",Step Height Sweep,100.0,22,0.0002323944960287366,0.015244490677905136,0.0030734860237711975
"Step (r=4, drop=100.0)",Step Height Sweep,100.0,24,0.00034849259709674065,0.018667956425295743,0.0037637008921967228
"Step (r=4, drop=100.0)",Step Height Sweep,100.0,26,0.0002967891285241099,0.017227568851236958,0.003473300171620355
"Step (r=4, drop=100.0)",Step Height Sweep,100.0,28,0.0009118660848091516,0.030197120472143558,0.006088129127448299
"Step (r=4, drop=500.0)",Step Height Sweep,500.0,2,0.05403736278249482,0.23245937877937903,0.055453096082867144
"Step (r=4, drop=500.0)",Step Height Sweep,500.0,4,0.0016644248112240303,0.04079736279741658,0.00973219532381121
"Step (r=4, drop=500.0)",Step Height Sweep,500.0,6,7.096245007546397e-07,0.0008423921300407785,0.00020095232109751398
"Step (r=4, drop=500.0)",Step Height Sweep,500.0,8,1.2827902701099494e-06,0.0011326033154242263,0.0002701820886031075
"Step (r=4, drop=500.0)",Step Height Sweep,500.0,10,1.3209911684537906e-06,0.0011493437990670113,0.00027417552458659626
"Step (r=4, drop=500.0)",Step Height Sweep,500.0,12,1.8973854246317016e-06,0.0013774561425438203,0.0003285916370572091
"Step (r=4, drop=500.0)",Step Height Sweep,500.0,14,3.033212023070384e-06,0.0017416119036887591,0.0004154608548875857
"Step (r=4, drop=500.0)",Step Height Sweep,500.0,16,3.631944769572432e-06,0.0019057661896393356,0.00045461979714678816
"Step (r=4, drop=500.0)",Step Height Sweep,500.0,18,4.6174867860139764e-06,0.0021488338200088847,0.0005126034875975394
"Step (r=4, drop=500.0)",Step Height Sweep,500.0,20,6.139076347801704e-06,0.002477715953817488,0.0005910581950900497
"Step (r=4, drop=500.0)",Step Height Sweep,500.0,22,8.594877044175348e-06,0.0029317020728879236,0.0006993564105171574
"Step (r=4, drop=500.0)",Step Height Sweep,500.0,24,8.910428711896952e-06,0.002985034122400773,0.0007120787505727036
"Step (r=4, drop=500.0)",Step Height Sweep,500.0,26,1.870685253936853e-05,0.00432514190973759,0.0010317609517503795
"Step (r=4, drop=500.0)",Step Height Sweep,500.0,28,4.289029493292215e-05,0.006549068249218522,0.0015622777312067086
"Step (r=4, drop=1000.0)",Step Height Sweep,1000.0,2,0.06741777779476724,0.259649336210912,0.06339095122336724
"Step (r=4, drop=1000.0)",Step Height Sweep,1000.0,4,0.0004024811767764812,0.020061933525372902,0.004897932989592998
"Step (r=4, drop=1000.0)",Step Height Sweep,1000.0,6,2.01673470534648e-07,0.00044908069490309647,0.00010963884152907637
"Step (r=4, drop=1000.0)",Step Height Sweep,1000.0,8,4.0246543381469003e-07,0.0006344016344672277,0.00015488321153985066
"Step (r=4, drop=1000.0)",Step Height Sweep,1000.0,10,4.6925168010783397e-07,0.0006850194742544434,0.00016724108258165136
"Step (r=4, drop=1000.0)",Step Height Sweep,1000.0,12,6.187676094172755e-07,0.0007866178293283693,0.00019204536848837158
"Step (r=4, drop=1000.0)",Step Height Sweep,1000.0,14,8.301708389508941e-07,0.0009111371131453784,0.00022244558426400858
"Step (r=4, drop=1000.0)",Step Height Sweep,1000.0,16,8.147539965727139e-07,0.0009026372452833497,0.00022037042121175548
"Step (r=4, drop=1000.0)",Step Height Sweep,1000.0,18,1.3479571968876056e-06,0.0011610155885635669,0.0002834510714266523
"Step (r=4, drop=1000.0)",Step Height Sweep,1000.0,20,1.1904532429321012e-06,0.0010910789352435054,0.00026637669317468413
"Step (r=4, drop=1000.0)",Step Height Sweep,1000.0,22,2.4775775132417223e-06,0.0015740322465698478,0.00038428521644771706
"Step (r=4, drop=1000.0)",Step Height Sweep,1000.0,24,3.879818287205861e-06,0.0019697254344719878,0.00048088999865038805
"Step (r=4, drop=1000.0)",Step Height Sweep,1000.0,26,4.512765380900654e-06,0.0021243270418889494,0.0005186345317111697
"Step (r=4, drop=1000.0)",Step Height Sweep,1000.0,28,7.194918860405084e-06,0.002682334591434313,0.0006548668436118934
"Step (r=2, drop=100)",Step Location Sweep,2.0,2,0.0018699815100038546,0.04324328283102307,0.014511168735242646
"Step (r=2, drop=100)",Step Location Sweep,2.0,4,3.885298352987963e-05,0.006233216146571498,0.002091683270661577
"Step (r=2, drop=100)",Step Location Sweep,2.0,6,2.1693921091703602e-05,0.004657673356054888,0.00156297763626003
"Step (r=2, drop=100)",Step Location Sweep,2.0,8,3.152188072577415e-05,0.005614435031752896,0.0018840386012593617
"Step (r=2, drop=100)",Step Location Sweep,2.0,10,3.07438341496893e-05,0.005544712269332765,0.0018606417011183779
"Step (r=2, drop=100)",Step Location Sweep,2.0,12,7.198259426215078e-05,0.008484255669305987,0.002847065660840936
"Step (r=2, drop=100)",Step Location Sweep,2.0,14,6.945534113474418e-05,0.008333987109105953,0.002796639969498643
"Step (r=2, drop=100)",Step Location Sweep,2.0,16,0.00010256060733910614,0.010127221106458875,0.003398396344449288
"Step (r=2, drop=100)",Step Location Sweep,2.0,18,0.00012867898037142279,0.01134367578747836,0.003806602613247773
"Step (r=2, drop=100)",Step Location Sweep,2.0,20,0.00016062617183971173,0.012673838086377454,0.004252965800797805
"Step (r=2, drop=100)",Step Location Sweep,2.0,22,0.0001394398060561986,0.011808463323235527,0.003962571584978366
"Step (r=2, drop=100)",Step Location Sweep,2.0,24,0.0003199307986552962,0.01788660947902917,0.006002217945982945
"Step (r=2, drop=100)",Step Location Sweep,2.0,26,0.00034913501990592173,0.018685155067751556,0.006270186264346162
"Step (r=2, drop=100)",Step Location Sweep,2.0,28,0.0012732890866920005,0.03568317652188494,0.011974220309357367
"Step (r=4, drop=100)",Step Location Sweep,4.0,2,0.06511764845136377,0.25518159896701753,0.051447903017543865
"Step (r=4, drop=100)",Step Location Sweep,4.0,4,0.004017767601072501,0.06338586278558099,0.012779407819673589
"Step (r=4, drop=100)",Step Location Sweep,4.0,6,3.8002463239832005e-05,0.006164613794864363,0.0012428656844484605
"Step (r=4, drop=100)",Step Location Sweep,4.0,8,3.7920139696244857e-05,0.006157933070133586,0.0012415187641398363
"Step (r=4, drop=100)",Step Location Sweep,4.0,10,5.12839463839447e-05,0.0071612810574606485,0.001443806664810615
"Step (r=4, drop=100)",Step Location Sweep,4.0,12,4.9358540211157285e-05,0.00702556333763758,0.0014164442212978995
"Step (r=4, drop=100)",Step Location Sweep,4.0,14,8.108720721602551e-05,0.00900484354200702,0.0018154926495981896
"Step (r=4, drop=100)",Step Location Sweep,4.0,16,9.528895546010744e-05,0.009761606192635894,0.0019680657646443337
"Step (r=4, drop=100)",Step Location Sweep,4.0,18,0.00010978988478105612,0.010478066843700517,0.002112513476552524
"Step (r=4, drop=100)",Step Location Sweep,4.0,20,0.00014522818253908044,0.01205106561840406,0.0024296503262911415
"Step (r=4, drop=100)",Step Location Sweep,4.0,22,0.00024096354987332083,0.015523000672335257,0.003129637232325657
"Step (r=4, drop=100)",Step Location Sweep,4.0,24,0.00024880841905573363,0.015773662195436213,0.0031801738297250436
"Step (r=4, drop=100)",Step Location Sweep,4.0,26,0.0004363018482078104,0.02088783972094315,0.0042112580082546685
"Step (r=4, drop=100)",Step Location Sweep,4.0,28,0.0010423862360882002,0.03228600681546419,0.0065092755676339105
"Step (r=6, drop=100)",Step Location Sweep,6.0,2,0.11984052392021761,0.3461799010922177,0.04988183012856163
"Step (r=6, drop=100)",Step Location Sweep,6.0,4,0.07615654639439202,0.2759647557105654,0.0397643740216953
"Step (r=6, drop=100)",Step Location Sweep,6.0,6,0.009447008707334309,0.09719572370909282,0.014005147508514818
"Step (r=6, drop=100)",Step Location Sweep,6.0,8,8.340591407035994e-05,0.009132683837205793,0.0013159486797126505
"Step (r=6, drop=100)",Step Location Sweep,6.0,10,5.4627564548154567e-05,0.007391046241781644,0.0010649922538590265
"Step (r=6, drop=100)",Step Location Sweep,6.0,12,6.831476484890018e-05,0.008265274638443672,0.0011909617634645062
"Step (r=6, drop=100)",Step Location Sweep,6.0,14,8.840701765773036e-05,0.00940250060663281,0.0013548271767482435
"Step (r=6, drop=100)",Step Location Sweep,6.0,16,0.00010401961612388942,0.010199000741439791,0.0014695966486224484
"Step (r=6, drop=100)",Step Location Sweep,6.0,18,0.00013589804585265814,0.011657531722138188,0.0016797596141409495
"Step (r=6, drop=100)",Step Location Sweep,6.0,20,0.0001964243735447811,0.014015148002956697,0.0020194737756421754
"Step (r=6, drop=100)",Step Location Sweep,6.0,22,0.00024968875714974294,0.01580154287244581,0.0022768793764331137
"Step (r=6, drop=100)",Step Location Sweep,6.0,24,0.0003626518121205732,0.0190434191289425,0.0027440085200205336
"Step (r=6, drop=100)",Step Location Sweep,6.0,26,0.0005171488856258033,0.022740907757295075,0.0032767878612817115
"Step (r=6, drop=100)",Step Location Sweep,6.0,28,0.0009834121287922346,0.03135940255796074,0.00451864590172345
PowerLaw (alpha=0.0),Power Law Sweep,0.0,2,0.044297337592081945,0.21046932696258128,0.002104693269625813
PowerLaw (alpha=0.0),Power Law Sweep,0.0,4,0.16935441686249625,0.4115269333378998,0.004115269333378998
PowerLaw (alpha=0.0),Power Law Sweep,0.0,6,0.24178842512020982,0.49171986447591254,0.004917198644759126
PowerLaw (alpha=0.0),Power Law Sweep,0.0,8,0.2951250664660331,0.5432541453739981,0.00543254145373998
PowerLaw (alpha=0.0),Power Law Sweep,0.0,10,0.3878316900625615,0.6227613427811344,0.0062276134278113435
PowerLaw (alpha=0.0),Power Law Sweep,0.0,12,0.5440866279624392,0.7376222800068062,0.007376222800068062
PowerLaw (alpha=0.0),Power Law Sweep,0.0,14,0.5456748187588444,0.7386980565554808,0.007386980565554808
PowerLaw (alpha=0.0),Power Law Sweep,0.0,16,1.1051815349287497,1.05127614589543,0.0105127614589543
PowerLaw (alpha=0.0),Power Law Sweep,0.0,18,1.6142357593517285,1.2705257806718164,0.012705257806718164
PowerLaw (alpha=0.0),Power Law Sweep,0.0,20,1.5973396335660162,1.2638590244034404,0.012638590244034404
PowerLaw (alpha=0.0),Power Law Sweep,0.0,22,2.2273671463444416,1.4924366473470294,0.014924366473470294
PowerLaw (alpha=0.0),Power Law Sweep,0.0,24,2.7377540897988646,1.65461599466428,0.0165461599466428
PowerLaw (alpha=0.0),Power Law Sweep,0.0,26,5.651653410294565,2.3773206368293205,0.023773206368293207
PowerLaw (alpha=0.0),Power Law Sweep,0.0,28,9.976961825723997,3.158632904552854,0.031586329045528536
PowerLaw (alpha=0.5),Power Law Sweep,0.5,2,0.04101076598835507,0.2025111502815464,0.010893785160260011
PowerLaw (alpha=0.5),Power Law Sweep,0.5,4,0.028776301619804854,0.16963579109316776,0.009125304266409636
PowerLaw (alpha=0.5),Power Law Sweep,0.5,6,0.03687622338612619,0.1920318290964448,0.010330065713418962
PowerLaw (alpha=0.5),Power Law Sweep,0.5,8,0.02637072796141586,0.16239066463752114,0.008735563499261752
PowerLaw (alpha=0.5),Power Law Sweep,0.5,10,0.0464793597888851,0.21559072287295922,0.011597381251639581
PowerLaw (alpha=0.5),Power Law Sweep,0.5,12,0.057218080631164805,0.2392030113338141,0.012867569077233494
PowerLaw (alpha=0.5),Power Law Sweep,0.5,14,0.05594845931755941,0.23653426668785096,0.012724007941067424
PowerLaw (alpha=0.5),Power Law Sweep,0.5,16,0.05480257353465909,0.23409949494746693,0.012593033028243411
PowerLaw (alpha=0.5),Power Law Sweep,0.5,18,0.0509403212288941,0.22569962611598207,0.012141174617991229
PowerLaw (alpha=0.5),Power Law Sweep,0.5,20,0.039791548911162454,0.19947819156780636,0.010730631671765738
PowerLaw (alpha=0.5),Power Law Sweep,0.5,22,0.10620731679372875,0.32589464063363904,0.01753101592187498
PowerLaw (alpha=0.5),Power Law Sweep,0.5,24,0.10718371834836259,0.32738924592656155,0.017611415983490593
PowerLaw (alpha=0.5),Power Law Sweep,0.5,26,0.17561352837305597,0.41906267833470445,0.022542851492940313
PowerLaw (alpha=0.5),Power Law Sweep,0.5,28,0.296598087854651,0.5446081966465902,0.029296385322666426
PowerLaw (alpha=1.0),Power Law Sweep,1.0,2,0.022145990322488554,0.14881528927663498,0.028687962032952145
PowerLaw (alpha=1.0),Power Law Sweep,1.0,4,0.01267975922768596,0.11260443698045809,0.021707391952397515
PowerLaw (alpha=1.0),Power Law Sweep,1.0,6,0.0055059580674654395,0.0742021432808072,0.014304365361588514
PowerLaw (alpha=1.0),Power Law Sweep,1.0,8,0.004981265026780477,0.07057807752255991,0.013605733780230942
PowerLaw (alpha=1.0),Power Law Sweep,1.0,10,0.0036702021736600855,0.06058219353622057,0.01167877088764245
PowerLaw (alpha=1.0),Power Law Sweep,1.0,12,0.004035425931777213,0.06352500241461792,0.012246072740725316
PowerLaw (alpha=1.0),Power Law Sweep,1.0,14,0.0026989695453545964,0.051951607726369704,0.010015004219320616
PowerLaw (alpha=1.0),Power Law Sweep,1.0,16,0.0031855475551130644,0.05644065516197579,0.010880383193636853
PowerLaw (alpha=1.0),Power Law Sweep,1.0,18,0.002444011310061814,0.04943694276613203,0.009530238082349365
PowerLaw (alpha=1.0),Power Law Sweep,1.0,20,0.0032067397808054022,0.056628082969542616,0.010916514708439753
PowerLaw (alpha=1.0),Power Law Sweep,1.0,22,0.0029830764499565333,0.054617547088426935,0.010528932375309212
PowerLaw (alpha=1.0),Power Law Sweep,1.0,24,0.004699737197030092,0.06855462928956797,0.013215662260255534
PowerLaw (alpha=1.0),Power Law Sweep,1.0,26,0.006416784821627621,0.08010483644342345,0.015442260789971006
PowerLaw (alpha=1.0),Power Law Sweep,1.0,28,0.011208620274271396,0.10587077157682094,0.020409305321775508
PowerLaw (alpha=1.5),Power Law Sweep,1.5,2,0.004920400791198681,0.07014556857848314,0.029071375342860986
PowerLaw (alpha=1.5),Power Law Sweep,1.5,4,0.0019053805217951253,0.04365066462031392,0.018090734466321572
PowerLaw (alpha=1.5),Power Law Sweep,1.5,6,0.001201204282826867,0.03465839411783049,0.014363946356111261
PowerLaw (alpha=1.5),Power Law Sweep,1.5,8,0.0005916953665841832,0.024324789137507095,0.010081250882744051
PowerLaw (alpha=1.5),Power Law Sweep,1.5,10,0.00045895865195609293,0.0214233202831889,0.008878755959417147
PowerLaw (alpha=1.5),Power Law Sweep,1.5,12,0.0002753850586526702,0.016594729845727234,0.006877578011485359
PowerLaw (alpha=1.5),Power Law Sweep,1.5,14,0.00021709480872318052,0.014734137528989626,0.006106467609273663
PowerLaw (alpha=1.5),Power Law Sweep,1.5,16,0.0001943205902956209,0.013939892047488061,0.005777297727625771
PowerLaw (alpha=1.5),Power Law Sweep,1.5,18,0.00021049552006853747,0.014508463739091657,0.006012938572669884
PowerLaw (alpha=1.5),Power Law Sweep,1.5,20,0.0001222049985095389,0.01105463696869051,0.004581522498264399
PowerLaw (alpha=1.5),Power Law Sweep,1.5,22,0.0001690739989774693,0.01300284580303363,0.005388944997179601
PowerLaw (alpha=1.5),Power Law Sweep,1.5,24,0.00013333535422358124,0.011547092890575586,0.0047856176568761314
PowerLaw (alpha=1.5),Power Law Sweep,1.5,26,0.00017727352889113524,0.013314410572426225,0.0055180709924231896
PowerLaw (alpha=1.5),Power Law Sweep,1.5,28,0.00031250257623332704,0.01767774239639573,0.0073264255295760585
PowerLaw (alpha=2.0),Power Law Sweep,2.0,2,0.0025347834067377026,0.05034663252629418,0.03079335063825442
PowerLaw (alpha=2.0),Power Law Sweep,2.0,4,0.0005008691098828978,0.022380105225018442,0.013688272540474297
PowerLaw (alpha=2.0),Power Law Sweep,2.0,6,0.00011724331241848747,0.010827895105628215,0.006622631026766524
PowerLaw (alpha=2.0),Power Law Sweep,2.0,8,7.091478352286949e-05,0.008421091587369745,0.005150565449860051
PowerLaw (alpha=2.0),Power Law Sweep,2.0,10,2.7074623379514884e-05,0.005203328106079309,0.0031824950114131933
PowerLaw (alpha=2.0),Power Law Sweep,2.0,12,2.0403038224716264e-05,0.004516972240861821,0.0027627013577020644
PowerLaw (alpha=2.0),Power Law Sweep,2.0,14,1.72987937183217e-05,0.004159181856846572,0.0025438671636926996
PowerLaw (alpha=2.0),Power Law Sweep,2.0,16,9.190963973243829e-06,0.003031660266791751,0.0018542447215834442
PowerLaw (alpha=2.0),Power Law Sweep,2.0,18,1.0551410335586784e-05,0.003248293449734304,0.001986743385893261
PowerLaw (alpha=2.0),Power Law Sweep,2.0,20,7.52769020548211e-06,0.0027436636465649556,0.001678098265221258
PowerLaw (alpha=2.0),Power Law Sweep,2.0,22,4.747959047642954e-06,0.0021789811948805236,0.0013327233342384057
PowerLaw (alpha=2.0),Power Law Sweep,2.0,24,6.320270557192728e-06,0.0025140148283557774,0.0015376388893318634
PowerLaw (alpha=2.0),Power Law Sweep,2.0,26,1.027992060052725e-05,0.0032062315263447915,0.0019610171855406117
PowerLaw (alpha=2.0),Power Law Sweep,2.0,28,1.6089122669576138e-05,0.0040111248633738815,0.002453311535924165
PowerLaw (alpha=2.5),Power Law Sweep,2.5,2,0.0010791200141363362,0.03284996216339276,0.024499802885980047
PowerLaw (alpha=2.5),Power Law Sweep,2.5,4,6.353394997658727e-05,0.007970818651593277,0.0059447096113111495
PowerLaw (alpha=2.5),Power Law Sweep,2.5,6,1.4947604322554051e-05,0.0038662131760359582,0.0028834572246057336
PowerLaw (alpha=2.5),Power Law Sweep,2.5,8,5.182581644488246e-06,0.0022765284194334683,0.001697855761995534
PowerLaw (alpha=2.5),Power Law Sweep,2.5,10,3.017698671189685e-06,0.0017371524605484933,0.0012955842279100422
PowerLaw (alpha=2.5),Power Law Sweep,2.5,12,9.425946781335448e-07,0.000970873152442452,0.0007240860961671647
PowerLaw (alpha=2.5),Power Law Sweep,2.5,14,9.595822067475364e-07,0.000979582669685176,0.0007305817339586921
PowerLaw (alpha=2.5),Power Law Sweep,2.5,16,4.828525842301257e-07,0.0006948759488067821,0.0005182448518904547
PowerLaw (alpha=2.5),Power Law Sweep,2.5,18,2.9714280552920843e-07,0.0005451080677528158,0.0004065465934199459
PowerLaw (alpha=2.5),Power Law Sweep,2.5,20,2.8710145549504005e-07,0.0005358184911843189,0.0003996183420664019
PowerLaw (alpha=2.5),Power Law Sweep,2.5,22,2.710935958318361e-07,0.0005206664919426217,0.0003883178421479034
PowerLaw (alpha=2.5),Power Law Sweep,2.5,24,2.2003463649312792e-07,0.0004690784971549303,0.00034984304277690557
PowerLaw (alpha=2.5),Power Law Sweep,2.5,26,2.1423496647180177e-07,0.00046285523273676164,0.0003452016751310587
PowerLaw (alpha=2.5),Power Law Sweep,2.5,28,2.5177125573813165e-07,0.0005017681294563572,0.00037422327018223935
PowerLaw (alpha=3.0),Power Law Sweep,3.0,2,0.0002172007639009814,0.014737732658078087,0.012260933376940794
PowerLaw (alpha=3.0),Power Law Sweep,3.0,4,1.5998885477547553e-05,0.003999860682267265,0.0033276506285003647
PowerLaw (alpha=3.0),Power Law Sweep,3.0,6,1.7227680901744667e-06,0.0013125426050892468,0.0010919588384970893
PowerLaw (alpha=3.0),Power Law Sweep,3.0,8,7.242871478284173e-07,0.0008510506141402034,0.0007080244378471677
PowerLaw (alpha=3.0),Power Law Sweep,3.0,10,1.6106983844132637e-07,0.0004013350700366545,0.00033388735361895155
PowerLaw (alpha=3.0),Power Law Sweep,3.0,12,1.1750842272419418e-07,0.0003427950156058197,0.00028518544512928063
PowerLaw (alpha=3.0),Power Law Sweep,3.0,14,3.241959154664498e-08,0.00018005441273860793,0.00014979476219513431
PowerLaw (alpha=3.0),Power Law Sweep,3.0,16,2.3721173565326118e-08,0.00015401679637405173,0.0001281329851126751
PowerLaw (alpha=3.0),Power Law Sweep,3.0,18,1.9426330974451313e-08,0.00013937837341012168,0.00011595467160487448
PowerLaw (alpha=3.0),Power Law Sweep,3.0,20,1.1572865642604831e-08,0.00010757725429943279,8.949799663495664e-05
PowerLaw (alpha=3.0),Power Law Sweep,3.0,22,1.1433459113629392e-08,0.0001069273543749652,8.895731783039111e-05
PowerLaw (alpha=3.0),Power Law Sweep,3.0,24,5.230005225367637e-09,7.231877505439121e-05,6.016499982837187e-05
PowerLaw (alpha=3.0),Power Law Sweep,3.0,26,7.771040485989768e-09,8.81535052393821e-05,7.33385711194476e-05
PowerLaw (alpha=3.0),Power Law Sweep,3.0,28,1.2322605253964364e-08,0.00011100723063820827,9.235153675200838e-05
Exponential (beta=0.03),Exponential Sweep,0.03,2,0.24770129259198997,0.49769598410273513,0.015479834861793865
Exponential (beta=0.03),Exponential Sweep,0.03,4,0.20736790465168958,0.4553766623924524,0.014163577281939496
Exponential (beta=0.03),Exponential Sweep,0.03,6,0.27119210623562595,0.5207610836416503,0.016197228498346785
Exponential (beta=0.03),Exponential Sweep,0.03,8,0.22247510947678187,0.47167267196307006,0.014670431958523147
Exponential (beta=0.03),Exponential Sweep,0.03,10,0.3036698283352346,0.5510624541149892,0.01713969182133092
Exponential (beta=0.03),Exponential Sweep,0.03,12,0.2933661783765367,0.5416328815503512,0.016846403888977887
Exponential (beta=0.03),Exponential Sweep,0.03,14,0.24975800486204328,0.49975794627203607,0.015543968057342126
Exponential (beta=0.03),Exponential Sweep,0.03,16,0.3327398967888688,0.576836109123613,0.017941329640526155
Exponential (beta=0.03),Exponential Sweep,0.03,18,0.4259487957050875,0.6526475279238307,0.020299291691960788
Exponential (beta=0.03),Exponential Sweep,0.03,20,0.4892039539453549,0.6994311645511335,0.021754402828793526
Exponential (beta=0.03),Exponential Sweep,0.03,22,0.6190193561385003,0.7867778314991472,0.02447114562614801
Exponential (beta=0.03),Exponential Sweep,0.03,24,0.5061519167066041,0.711443544286266,0.022128023795280217
Exponential (beta=0.03),Exponential Sweep,0.03,26,0.870087138731997,0.9327846154027182,0.029012393648479566
Exponential (beta=0.03),Exponential Sweep,0.03,28,1.1562569842372799,1.075293905979793,0.03344485915929057
Exponential (beta=0.08),Exponential Sweep,0.08,2,0.1292757084471115,0.35954931295597203,0.027652741295493735
Exponential (beta=0.08),Exponential Sweep,0.08,4,0.13139114352275097,0.3624791628807799,0.02787807445310501
Exponential (beta=0.08),Exponential Sweep,0.08,6,0.09298275240575313,0.3049307337835154,0.02345205620068357
Exponential (beta=0.08),Exponential Sweep,0.08,8,0.11715773086305016,0.34228311507150067,0.026324807445945383
Exponential (beta=0.08),Exponential Sweep,0.08,10,0.10021706989182645,0.3165707975979883,0.024347287151560322
Exponential (beta=0.08),Exponential Sweep,0.08,12,0.09780605936123238,0.3127396031225217,0.024052632076817414
Exponential (beta=0.08),Exponential Sweep,0.08,14,0.06479484073436971,0.25454830727068234,0.01957717129339632
Exponential (beta=0.08),Exponential Sweep,0.08,16,0.05505106596573297,0.23462963573626622,0.01804523714405038
Exponential (beta=0.08),Exponential Sweep,0.08,18,0.07373612576932678,0.27154396654929897,0.0208842981665201
Exponential (beta=0.08),Exponential Sweep,0.08,20,0.05248085251622851,0.22908699770224522,0.017618955879905356
Exponential (beta=0.08),Exponential Sweep,0.08,22,0.05304400691435227,0.2303128457432461,0.017713235183255148
Exponential (beta=0.08),Exponential Sweep,0.08,24,0.05067409344241185,0.2251090701024991,0.017313015640710812
Exponential (beta=0.08),Exponential Sweep,0.08,26,0.05719649366283733,0.2391578843835957,0.018393502274462698
Exponential (beta=0.08),Exponential Sweep,0.08,28,0.08737844693465223,0.29559845556878717,0.022734315779911158
Exponential (beta=0.15),Exponential Sweep,0.15,2,0.06467745591004496,0.25431762799704816,0.03542442787090289
Exponential (beta=0.15),Exponential Sweep,0.15,4,0.06833451145316644,0.26140870577156844,0.03641215874559229
Exponential (beta=0.15),Exponential Sweep,0.15,6,0.04165074111734556,0.20408513203402534,0.02842743971859842
Exponential (beta=0.15),Exponential Sweep,0.15,8,0.026667102371569072,0.16330065024845758,0.022746484982414078
Exponential (beta=0.15),Exponential Sweep,0.15,10,0.01783931244117731,0.13356388898642219,0.01860439006458377
Exponential (beta=0.15),Exponential Sweep,0.15,12,0.014233352594529285,0.11930361517795378,0.016618047061442525
Exponential (beta=0.15),Exponential Sweep,0.15,14,0.008459098576176983,0.09197335796945212,0.012811159065510806
Exponential (beta=0.15),Exponential Sweep,0.15,16,0.0073159105161175976,0.08553309602789787,0.011914081672900973
Exponential (beta=0.15),Exponential Sweep,0.15,18,0.004666970116115043,0.06831522609283412,0.009515768994346372
Exponential (beta=0.15),Exponential Sweep,0.15,20,0.0028287510907853437,0.05318600465146206,0.007408388480011664
Exponential (beta=0.15),Exponential Sweep,0.15,22,0.001924907409997547,0.043873766763266944,0.006111267623761441
Exponential (beta=0.15),Exponential Sweep,0.15,24,0.0016001825391654392,0.04000228167449251,0.005572000466542761
Exponential (beta=0.15),Exponential Sweep,0.15,26,0.0013594927778851364,0.03687130019249574,0.005135879586729369
Exponential (beta=0.15),Exponential Sweep,0.15,28,0.0013183092139557669,0.03630852811607442,0.005057489901413585
Exponential (beta=0.3),Exponential Sweep,0.3,2,0.031177965623281474,0.17657283376352512,0.04576446123410596
Exponential (beta=0.3),Exponential Sweep,0.3,4,0.014228489141994843,0.11928323076608398,0.03091603999278979
Exponential (beta=0.3),Exponential Sweep,0.3,6,0.01026374595684614,0.10131014735378752,0.026257744254154457
Exponential (beta=0.3),Exponential Sweep,0.3,8,0.0023728928958743046,0.04871234849475341,0.012625353157643612
Exponential (beta=0.3),Exponential Sweep,0.3,10,0.0009406248147284714,0.03066960734552158,0.007949003402806083
Exponential (beta=0.3),Exponential Sweep,0.3,12,0.0005092874765459796,0.022567398532971843,0.005849058506360979
Exponential (beta=0.3),Exponential Sweep,0.3,14,0.0002004338994345526,0.014157467973990003,0.0036693577401406673
Exponential (beta=0.3),Exponential Sweep,0.3,16,3.939560025975345e-05,0.006276591452353215,0.0016267781406749792
Exponential (beta=0.3),Exponential Sweep,0.3,18,1.5369098122848993e-05,0.003920344133217005,0.001016081767987267
Exponential (beta=0.3),Exponential Sweep,0.3,20,4.421980471566515e-06,0.0021028505585434535,0.0005450205494037867
Exponential (beta=0.3),Exponential Sweep,0.3,22,1.73513287791435e-06,0.0013172444260327505,0.00034140575413628947
Exponential (beta=0.3),Exponential Sweep,0.3,24,6.979569007840625e-07,0.0008354381489877407,0.00021653034596503498
Exponential (beta=0.3),Exponential Sweep,0.3,26,4.915733145248916e-07,0.0007011228954504991,0.00018171827956366325
Exponential (beta=0.3),Exponential Sweep,0.3,28,2.2958369567080134e-07,0.0004791489284875855,0.00012418667184387234
Neural Spiked Bulk,ML Curvature,4.0,2,54.954118073609195,7.413104482847196,0.03930871040177668
Neural Spiked Bulk,ML Curvature,4.0,4,0.7850495665626741,0.8860302289214934,0.004698261808731179
Neural Spiked Bulk,ML Curvature,4.0,6,0.013146380435910618,0.1146576662762269,0.000607983471624389
Neural Spiked Bulk,ML Curvature,4.0,8,0.00893059996352907,0.09450185164074337,0.0005011052963266613
Neural Spiked Bulk,ML Curvature,4.0,10,0.0031713073710170087,0.056314362031519176,0.00029861240370749334
Neural Spiked Bulk,ML Curvature,4.0,12,0.0016752085895762317,0.04092931210729337,0.0002170316741511237
Neural Spiked Bulk,ML Curvature,4.0,14,0.0013975342101224086,0.037383608842946246,0.00019823023635790865
Neural Spiked Bulk,ML Curvature,4.0,16,0.0018721755719852207,0.043268644212468926,0.00022943621107201793
Neural Spiked Bulk,ML Curvature,4.0,18,0.0011444822989758383,0.03383019803335237,0.00017938792855338935
Neural Spiked Bulk,ML Curvature,4.0,20,0.0012813077128052584,0.03579535881654573,0.00018980838550205597
Neural Spiked Bulk,ML Curvature,4.0,22,0.0020156232548792325,0.04489569305489372,0.00023806379643850095
Neural Spiked Bulk,ML Curvature,4.0,24,0.0016608452199914103,0.04075346880931009,0.0002160992478926632
Neural Spiked Bulk,ML Curvature,4.0,26,0.0023670007449185537,0.0486518318762876,0.00025798108932175654
Neural Spiked Bulk,ML Curvature,4.0,28,0.003015908392575066,0.05491728682823894,0.0002912042760192466
