family,trial,r2_power,r2_exp,r2_step,selected_model,true_family,q_power,q_exp,q_step,q_multi,q_0,q_star_emp,failure_mode
Power-Law (c=2.0),0,0.9866900962368195,0.9404804769180011,0.95,step_gap,power_law,62,79,10,10,53,62,Failure_A (Wrong Family Selected)
Power-Law (c=2.0),1,0.9947709575224123,0.9340486858630337,0.95,step_gap,power_law,61,79,10,10,53,62,Failure_A (Wrong Family Selected)
Power-Law (c=2.0),2,0.9818220264074726,0.9587729708048086,0.95,step_gap,power_law,63,79,10,10,53,62,Failure_A (Wrong Family Selected)
Power-Law (c=2.0),3,0.9630858936649418,0.9554221211855207,0.95,step_gap,power_law,63,79,10,10,53,62,Failure_A (Wrong Family Selected)
Power-Law (c=2.0),4,0.9865598309405719,0.9500568532618902,0.95,step_gap,power_law,62,79,10,10,53,62,Failure_A (Wrong Family Selected)
Power-Law (c=2.0),5,0.9893038898788579,0.9542570860698659,0.95,step_gap,power_law,63,79,10,10,53,62,Failure_A (Wrong Family Selected)
Power-Law (c=2.0),6,0.9941422450068675,0.9391839637215981,0.95,step_gap,power_law,62,79,10,10,53,62,Failure_A (Wrong Family Selected)
Power-Law (c=2.0),7,0.9880819352762084,0.9516450159225386,0.95,power_law,power_law,62,79,10,62,53,62,Success (Near-Optimal Allocation)
Power-Law (c=2.0),8,0.9923162615146187,0.935069317641866,0.95,step_gap,power_law,62,79,10,10,53,62,Failure_A (Wrong Family Selected)
Power-Law (c=2.0),9,0.9978802977827453,0.9218508002479782,0.95,step_gap,power_law,61,79,10,10,53,62,Failure_A (Wrong Family Selected)
Power-Law (c=2.0),10,0.9894627793261367,0.9415543388891541,0.95,step_gap,power_law,62,79,10,10,53,62,Failure_A (Wrong Family Selected)
Power-Law (c=2.0),11,0.9895060137549686,0.9364856988709175,0.95,step_gap,power_law,62,79,10,10,53,62,Failure_A (Wrong Family Selected)
Power-Law (c=2.0),12,0.9950980388412307,0.9371363453822954,0.95,step_gap,power_law,62,79,10,10,53,62,Failure_A (Wrong Family Selected)
Power-Law (c=2.0),13,0.9931756909115194,0.9403132722968066,0.95,step_gap,power_law,62,79,10,10,53,62,Failure_A (Wrong Family Selected)
Power-Law (c=2.0),14,0.9923756675876454,0.9429766656019252,0.95,step_gap,power_law,62,79,10,10,53,62,Failure_A (Wrong Family Selected)
Power-Law (c=2.0),15,0.9976696035390887,0.9279934018697771,0.95,step_gap,power_law,61,79,10,10,53,62,Failure_A (Wrong Family Selected)
Power-Law (c=2.0),16,0.9915629748738528,0.9419189049814056,0.95,step_gap,power_law,62,79,10,10,53,62,Failure_A (Wrong Family Selected)
Power-Law (c=2.0),17,0.9975525047933859,0.9187884744171322,0.95,step_gap,power_law,62,79,10,10,53,62,Failure_A (Wrong Family Selected)
Power-Law (c=2.0),18,0.9630517527372435,0.9627901094235995,0.95,step_gap,power_law,63,79,10,10,53,62,Failure_A (Wrong Family Selected)
Power-Law (c=2.0),19,0.9956569368880257,0.9345228383729832,0.95,step_gap,power_law,61,79,10,10,53,62,Failure_A (Wrong Family Selected)
Power-Law (c=2.0),20,0.9838555426831563,0.9508379572235847,0.95,step_gap,power_law,62,79,10,10,53,62,Failure_A (Wrong Family Selected)
Power-Law (c=2.0),21,0.9943877375467867,0.9314973316304175,0.95,step_gap,power_law,62,79,10,10,53,62,Failure_A (Wrong Family Selected)
Power-Law (c=2.0),22,0.9994363396789085,0.9145062456017232,0.95,step_gap,power_law,61,79,10,10,53,62,Failure_A (Wrong Family Selected)
Power-Law (c=2.0),23,0.9978688173836707,0.9225619731001762,0.95,step_gap,power_law,61,79,10,10,53,62,Failure_A (Wrong Family Selected)
Power-Law (c=2.0),24,0.9862481757584335,0.9512150163590158,0.95,step_gap,power_law,62,79,10,10,53,62,Failure_A (Wrong Family Selected)
Power-Law (c=2.0),25,0.9854453756163589,0.9415761681815601,0.95,step_gap,power_law,62,79,10,10,53,62,Failure_A (Wrong Family Selected)
Power-Law (c=2.0),26,0.9868870510639577,0.9473062521485934,0.95,step_gap,power_law,62,79,10,10,53,62,Failure_A (Wrong Family Selected)
Power-Law (c=2.0),27,0.9916627230862489,0.9447225021712135,0.95,step_gap,power_law,62,79,10,10,53,62,Failure_A (Wrong Family Selected)
Power-Law (c=2.0),28,0.9978992226921531,0.9161768341571681,0.95,step_gap,power_law,61,79,10,10,53,62,Failure_A (Wrong Family Selected)
Power-Law (c=2.0),29,0.9965278206652901,0.9322891853675719,0.95,step_gap,power_law,62,79,10,10,53,62,Failure_A (Wrong Family Selected)
Power-Law (c=2.0),30,0.996907047800336,0.9339996367720702,0.95,step_gap,power_law,62,79,10,10,53,62,Failure_A (Wrong Family Selected)
Power-Law (c=2.0),31,0.9940171606016873,0.9362321004944252,0.95,step_gap,power_law,62,79,10,10,53,62,Failure_A (Wrong Family Selected)
Power-Law (c=2.0),32,0.992751453755252,0.9392743761211533,0.95,step_gap,power_law,62,79,10,10,53,62,Failure_A (Wrong Family Selected)
Power-Law (c=2.0),33,0.9946188513666551,0.9230251629361221,0.95,step_gap,power_law,61,79,10,10,53,62,Failure_A (Wrong Family Selected)
Power-Law (c=2.0),34,0.9918330121824617,0.9455119340763206,0.95,step_gap,power_law,62,79,10,10,53,62,Failure_A (Wrong Family Selected)
Power-Law (c=2.0),35,0.9930158962495826,0.9406772705376115,0.95,step_gap,power_law,62,79,10,10,53,62,Failure_A (Wrong Family Selected)
Power-Law (c=2.0),36,0.986895662868184,0.9463207379483838,0.95,step_gap,power_law,62,79,10,10,53,62,Failure_A (Wrong Family Selected)
Power-Law (c=2.0),37,0.9861911935283124,0.9543208950889395,0.95,step_gap,power_law,63,79,10,10,53,62,Failure_A (Wrong Family Selected)
Power-Law (c=2.0),38,0.9939309724140326,0.9414533296124694,0.95,step_gap,power_law,62,79,10,10,53,62,Failure_A (Wrong Family Selected)
Power-Law (c=2.0),39,0.9981562539579643,0.9277524814588766,0.95,step_gap,power_law,61,79,10,10,53,62,Failure_A (Wrong Family Selected)
Power-Law (c=2.0),40,0.9930368900054667,0.9444148541357753,0.95,step_gap,power_law,62,79,10,10,53,62,Failure_A (Wrong Family Selected)
Power-Law (c=2.0),41,0.992201964922726,0.9415250084220266,0.95,step_gap,power_law,62,79,10,10,53,62,Failure_A (Wrong Family Selected)
Power-Law (c=2.0),42,0.996494686439025,0.9326445623287505,0.95,step_gap,power_law,61,79,10,10,53,62,Failure_A (Wrong Family Selected)
Power-Law (c=2.0),43,0.9978509890952802,0.9260686026614912,0.95,step_gap,power_law,61,79,10,10,53,62,Failure_A (Wrong Family Selected)
Power-Law (c=2.0),44,0.9915917102346372,0.9407144418913683,0.95,step_gap,power_law,62,79,10,10,53,62,Failure_A (Wrong Family Selected)
Power-Law (c=2.0),45,0.9920316317337714,0.9408086756356325,0.95,step_gap,power_law,62,79,10,10,53,62,Failure_A (Wrong Family Selected)
Power-Law (c=2.0),46,0.9917606318477035,0.944949237187409,0.95,step_gap,power_law,62,79,10,10,53,62,Failure_A (Wrong Family Selected)
Power-Law (c=2.0),47,0.989782450265943,0.9485944439679566,0.95,step_gap,power_law,62,79,10,10,53,62,Failure_A (Wrong Family Selected)
Power-Law (c=2.0),48,0.9915840290928816,0.9325735977774854,0.95,step_gap,power_law,61,79,10,10,53,62,Failure_A (Wrong Family Selected)
Power-Law (c=2.0),49,0.9877808447475048,0.9428675037282311,0.95,step_gap,power_law,62,79,10,10,53,62,Failure_A (Wrong Family Selected)
Power-Law (c=2.0),50,0.9906845847248918,0.9435292418573051,0.95,step_gap,power_law,62,79,10,10,53,62,Failure_A (Wrong Family Selected)
Power-Law (c=2.0),51,0.9911153863846897,0.9498052359185742,0.95,step_gap,power_law,62,79,10,10,53,62,Failure_A (Wrong Family Selected)
Power-Law (c=2.0),52,0.9916816212333589,0.939659116969695,0.95,step_gap,power_law,62,79,10,10,53,62,Failure_A (Wrong Family Selected)
Power-Law (c=2.0),53,0.9926621268885737,0.9401564235935149,0.95,step_gap,power_law,62,79,10,10,53,62,Failure_A (Wrong Family Selected)
Power-Law (c=2.0),54,0.9850738313567483,0.9536849564127857,0.95,step_gap,power_law,63,79,10,10,53,62,Failure_A (Wrong Family Selected)
Power-Law (c=2.0),55,0.9965903986810011,0.9300846425067085,0.95,step_gap,power_law,61,79,10,10,53,62,Failure_A (Wrong Family Selected)
Power-Law (c=2.0),56,0.9929409580761269,0.9426182488905865,0.95,step_gap,power_law,62,79,10,10,53,62,Failure_A (Wrong Family Selected)
Power-Law (c=2.0),57,0.9961357706283511,0.9353117009476295,0.95,step_gap,power_law,62,79,10,10,53,62,Failure_A (Wrong Family Selected)
Power-Law (c=2.0),58,0.9974230717679837,0.927488039504557,0.95,step_gap,power_law,61,79,10,10,53,62,Failure_A (Wrong Family Selected)
Power-Law (c=2.0),59,0.988874454917037,0.9520156478234141,0.95,step_gap,power_law,62,79,10,10,53,62,Failure_A (Wrong Family Selected)
Power-Law (c=2.0),60,0.9962350777168778,0.929314778475013,0.95,step_gap,power_law,62,79,10,10,53,62,Failure_A (Wrong Family Selected)
Power-Law (c=2.0),61,0.9902386049572646,0.942275115231578,0.95,step_gap,power_law,62,79,10,10,53,62,Failure_A (Wrong Family Selected)
Power-Law (c=2.0),62,0.9960389144709791,0.9356644606518646,0.95,step_gap,power_law,62,79,10,10,53,62,Failure_A (Wrong Family Selected)
Power-Law (c=2.0),63,0.9904553230823279,0.9429910743558877,0.95,step_gap,power_law,62,79,10,10,53,62,Failure_A (Wrong Family Selected)
Power-Law (c=2.0),64,0.995852622561163,0.9334008744279484,0.95,step_gap,power_law,62,79,10,10,53,62,Failure_A (Wrong Family Selected)
Power-Law (c=2.0),65,0.9927689307456261,0.9274176183915377,0.95,step_gap,power_law,62,79,10,10,53,62,Failure_A (Wrong Family Selected)
Power-Law (c=2.0),66,0.9873881736581053,0.9514536748525002,0.95,step_gap,power_law,62,79,10,10,53,62,Failure_A (Wrong Family Selected)
Power-Law (c=2.0),67,0.9972954930324556,0.9311281661238556,0.95,step_gap,power_law,62,79,10,10,53,62,Failure_A (Wrong Family Selected)
Power-Law (c=2.0),68,0.9944864842531869,0.935775467805201,0.95,step_gap,power_law,62,79,10,10,53,62,Failure_A (Wrong Family Selected)
Power-Law (c=2.0),69,0.9932067885897065,0.933228710222701,0.95,step_gap,power_law,62,79,10,10,53,62,Failure_A (Wrong Family Selected)
Power-Law (c=2.0),70,0.9926934525258717,0.9396514115989593,0.95,step_gap,power_law,62,79,10,10,53,62,Failure_A (Wrong Family Selected)
Power-Law (c=2.0),71,0.9877568651528175,0.9525142861018538,0.95,step_gap,power_law,62,79,10,10,53,62,Failure_A (Wrong Family Selected)
Power-Law (c=2.0),72,0.9906101883719216,0.9453713729587309,0.95,step_gap,power_law,62,79,10,10,53,62,Failure_A (Wrong Family Selected)
Power-Law (c=2.0),73,0.9860012507993474,0.9499727419177404,0.95,step_gap,power_law,62,79,10,10,53,62,Failure_A (Wrong Family Selected)
Power-Law (c=2.0),74,0.9945102289323129,0.9373592983524554,0.95,step_gap,power_law,62,79,10,10,53,62,Failure_A (Wrong Family Selected)
Power-Law (c=2.0),75,0.9922772410445883,0.9391627852095366,0.95,step_gap,power_law,62,79,10,10,53,62,Failure_A (Wrong Family Selected)
Power-Law (c=2.0),76,0.9911023607284657,0.9405453048639881,0.95,step_gap,power_law,62,79,10,10,53,62,Failure_A (Wrong Family Selected)
Power-Law (c=2.0),77,0.9958043894712347,0.933762899158512,0.95,step_gap,power_law,61,79,10,10,53,62,Failure_A (Wrong Family Selected)
Power-Law (c=2.0),78,0.9918168690029083,0.9393810516453633,0.95,step_gap,power_law,62,79,10,10,53,62,Failure_A (Wrong Family Selected)
Power-Law (c=2.0),79,0.9845763700098668,0.9530350368062147,0.95,step_gap,power_law,63,79,10,10,53,62,Failure_A (Wrong Family Selected)
Power-Law (c=2.0),80,0.9977342117439523,0.9277240624491369,0.95,step_gap,power_law,61,79,10,10,53,62,Failure_A (Wrong Family Selected)
Power-Law (c=2.0),81,0.9985109676962529,0.9181942666365043,0.95,step_gap,power_law,61,79,10,10,53,62,Failure_A (Wrong Family Selected)
Power-Law (c=2.0),82,0.9964183581428218,0.9294775837678597,0.95,step_gap,power_law,61,79,10,10,53,62,Failure_A (Wrong Family Selected)
Power-Law (c=2.0),83,0.9969247095556286,0.9321477450430277,0.95,step_gap,power_law,61,79,10,10,53,62,Failure_A (Wrong Family Selected)
Power-Law (c=2.0),84,0.9956878625033028,0.933415532073772,0.95,step_gap,power_law,61,79,10,10,53,62,Failure_A (Wrong Family Selected)
Power-Law (c=2.0),85,0.9917446808480199,0.9469197132582337,0.95,step_gap,power_law,62,79,10,10,53,62,Failure_A (Wrong Family Selected)
Power-Law (c=2.0),86,0.9946731932318658,0.941339496171045,0.95,step_gap,power_law,62,79,10,10,53,62,Failure_A (Wrong Family Selected)
Power-Law (c=2.0),87,0.9832973497988663,0.9550471373509837,0.95,step_gap,power_law,62,79,10,10,53,62,Failure_A (Wrong Family Selected)
Power-Law (c=2.0),88,0.9897829856123872,0.9359486470377056,0.95,step_gap,power_law,62,79,10,10,53,62,Failure_A (Wrong Family Selected)
Power-Law (c=2.0),89,0.988831890288499,0.9529913859976988,0.95,step_gap,power_law,63,79,10,10,53,62,Failure_A (Wrong Family Selected)
Power-Law (c=2.0),90,0.986816034961425,0.9548767906235587,0.95,step_gap,power_law,62,79,10,10,53,62,Failure_A (Wrong Family Selected)
Power-Law (c=2.0),91,0.9886935572860676,0.9505393950568993,0.95,step_gap,power_law,62,79,10,10,53,62,Failure_A (Wrong Family Selected)
Power-Law (c=2.0),92,0.9786819996619677,0.9503004773171239,0.95,step_gap,power_law,63,79,10,10,53,62,Failure_A (Wrong Family Selected)
Power-Law (c=2.0),93,0.993485689274108,0.9456567467841357,0.95,step_gap,power_law,62,79,10,10,53,62,Failure_A (Wrong Family Selected)
Power-Law (c=2.0),94,0.9916116839487391,0.9411952158345201,0.95,step_gap,power_law,62,79,10,10,53,62,Failure_A (Wrong Family Selected)
Power-Law (c=2.0),95,0.9906011780292993,0.934297616577972,0.95,step_gap,power_law,62,79,10,10,53,62,Failure_A (Wrong Family Selected)
Power-Law (c=2.0),96,0.993981136440622,0.9380494334359407,0.95,step_gap,power_law,62,79,10,10,53,62,Failure_A (Wrong Family Selected)
Power-Law (c=2.0),97,0.9922723365126027,0.9463773939686246,0.95,step_gap,power_law,62,79,10,10,53,62,Failure_A (Wrong Family Selected)
Power-Law (c=2.0),98,0.9929713932354597,0.9387612648452899,0.95,step_gap,power_law,62,79,10,10,53,62,Failure_A (Wrong Family Selected)
Power-Law (c=2.0),99,0.9915968144197289,0.9434688875765954,0.95,step_gap,power_law,62,79,10,10,53,62,Failure_A (Wrong Family Selected)
Power-Law (c=0.5),0,0.9834086388773761,0.9092436412360418,0.0,power_law,power_law,33,77,10,33,53,24,Failure_C (Oracle-vs-Randomized Risk Mismatch)
Power-Law (c=0.5),1,0.9841516884930017,0.9225050926175561,0.0,power_law,power_law,37,77,10,37,53,24,Failure_B (Extrapolated T(q) Allocation Error)
Power-Law (c=0.5),2,0.9710575105958809,0.9133186174936643,0.0,power_law,power_law,32,77,10,32,53,24,Success (Near-Optimal Allocation)
Power-Law (c=0.5),3,0.9787420064547664,0.9481502057873944,0.0,power_law,power_law,32,77,10,32,53,24,Success (Near-Optimal Allocation)
Power-Law (c=0.5),4,0.9850561858597613,0.9158897227536369,0.0,power_law,power_law,32,77,10,32,53,24,Success (Near-Optimal Allocation)
Power-Law (c=0.5),5,0.9804163584646572,0.9300081439167962,0.0,power_law,power_law,30,77,10,30,53,24,Success (Near-Optimal Allocation)
Power-Law (c=0.5),6,0.9937268303583289,0.8701665427912542,0.0,power_law,power_law,35,77,10,35,53,24,Failure_B (Extrapolated T(q) Allocation Error)
Power-Law (c=0.5),7,0.9783415685493115,0.9259808618625582,0.0,power_law,power_law,36,77,10,36,53,24,Failure_B (Extrapolated T(q) Allocation Error)
Power-Law (c=0.5),8,0.9824975283224061,0.8930390511542888,0.0,power_law,power_law,36,77,10,36,53,24,Failure_B (Extrapolated T(q) Allocation Error)
Power-Law (c=0.5),9,0.9884411231398862,0.8979656130601724,0.0,power_law,power_law,35,77,10,35,53,24,Failure_B (Extrapolated T(q) Allocation Error)
Power-Law (c=0.5),10,0.9866136368633284,0.932317997642322,0.0,power_law,power_law,34,77,10,34,53,24,Success (Near-Optimal Allocation)
Power-Law (c=0.5),11,0.9929014425610739,0.9146710520191448,0.0,power_law,power_law,33,77,10,33,53,24,Failure_C (Oracle-vs-Randomized Risk Mismatch)
Power-Law (c=0.5),12,0.983226360894271,0.8905653956499076,0.0,power_law,power_law,34,77,10,34,53,24,Success (Near-Optimal Allocation)
Power-Law (c=0.5),13,0.9871454156920361,0.9331370044989483,0.0,power_law,power_law,34,77,10,34,53,24,Success (Near-Optimal Allocation)
Power-Law (c=0.5),14,0.963690253644925,0.950917954692346,0.0,power_law,power_law,28,77,10,28,53,24,Success (Near-Optimal Allocation)
Power-Law (c=0.5),15,0.9818034175373247,0.9579435175618158,0.0,power_law,power_law,35,77,10,35,53,24,Failure_B (Extrapolated T(q) Allocation Error)
Power-Law (c=0.5),16,0.989140773275026,0.8906397038639804,0.0,power_law,power_law,35,77,10,35,53,24,Failure_B (Extrapolated T(q) Allocation Error)
Power-Law (c=0.5),17,0.9911985293300036,0.926423097993647,0.0,power_law,power_law,36,77,10,36,53,24,Failure_B (Extrapolated T(q) Allocation Error)
Power-Law (c=0.5),18,0.9889219403302352,0.9001053813314505,0.0,power_law,power_law,33,77,10,33,53,24,Failure_C (Oracle-vs-Randomized Risk Mismatch)
Power-Law (c=0.5),19,0.9838953620690051,0.9188895454096839,0.0,power_law,power_law,33,77,10,33,53,24,Failure_C (Oracle-vs-Randomized Risk Mismatch)
Power-Law (c=0.5),20,0.9868507714906806,0.9138328060216467,0.0,power_law,power_law,29,77,10,29,53,24,Success (Near-Optimal Allocation)
Power-Law (c=0.5),21,0.9935388913377393,0.8858194893979228,0.0,power_law,power_law,33,77,10,33,53,24,Failure_C (Oracle-vs-Randomized Risk Mismatch)
Power-Law (c=0.5),22,0.9971124190485695,0.9130280840433512,0.0,power_law,power_law,34,77,10,34,53,24,Success (Near-Optimal Allocation)
Power-Law (c=0.5),23,0.9892815497645729,0.928357092241164,0.0,power_law,power_law,32,77,10,32,53,24,Success (Near-Optimal Allocation)
Power-Law (c=0.5),24,0.9870367731886571,0.9201485747954802,0.0,power_law,power_law,35,77,10,35,53,24,Failure_B (Extrapolated T(q) Allocation Error)
Power-Law (c=0.5),25,0.983669130269062,0.9573750936528046,0.0,power_law,power_law,33,77,10,33,53,24,Failure_C (Oracle-vs-Randomized Risk Mismatch)
Power-Law (c=0.5),26,0.9932800594684283,0.92165234106006,0.0,power_law,power_law,34,77,10,34,53,24,Success (Near-Optimal Allocation)
Power-Law (c=0.5),27,0.9685646285809084,0.9698800086661679,0.0,exponential,power_law,31,77,10,77,53,24,Failure_A (Wrong Family Selected)
Power-Law (c=0.5),28,0.9728913974937569,0.8622402506974466,0.0,power_law,power_law,33,77,10,33,53,24,Failure_C (Oracle-vs-Randomized Risk Mismatch)
Power-Law (c=0.5),29,0.9933896695564031,0.8962748958391394,0.0,power_law,power_law,33,77,10,33,53,24,Failure_C (Oracle-vs-Randomized Risk Mismatch)
Power-Law (c=0.5),30,0.9847852076316367,0.9267925653078178,0.0,power_law,power_law,32,77,10,32,53,24,Success (Near-Optimal Allocation)
Power-Law (c=0.5),31,0.9542277747388807,0.8035985705519657,0.0,power_law,power_law,31,77,10,31,53,24,Success (Near-Optimal Allocation)
Power-Law (c=0.5),32,0.9843212844360891,0.9123109351683458,0.0,power_law,power_law,31,77,10,31,53,24,Success (Near-Optimal Allocation)
Power-Law (c=0.5),33,0.9707871087724844,0.8405473339329876,0.0,power_law,power_law,30,77,10,30,53,24,Success (Near-Optimal Allocation)
Power-Law (c=0.5),34,0.9776040302529733,0.93583928009241,0.0,power_law,power_law,31,77,10,31,53,24,Success (Near-Optimal Allocation)
Power-Law (c=0.5),35,0.9902710486391613,0.9157976061941575,0.0,power_law,power_law,33,77,10,33,53,24,Failure_C (Oracle-vs-Randomized Risk Mismatch)
Power-Law (c=0.5),36,0.9804010681637526,0.8783931896294569,0.0,power_law,power_law,31,77,10,31,53,24,Success (Near-Optimal Allocation)
Power-Law (c=0.5),37,0.9796290326068255,0.9540510271127934,0.0,power_law,power_law,35,77,10,35,53,24,Failure_B (Extrapolated T(q) Allocation Error)
Power-Law (c=0.5),38,0.9827569548446012,0.922415770525891,0.0,power_law,power_law,32,77,10,32,53,24,Success (Near-Optimal Allocation)
Power-Law (c=0.5),39,0.989298561788946,0.9368920160098174,0.0,power_law,power_law,31,77,10,31,53,24,Success (Near-Optimal Allocation)
Power-Law (c=0.5),40,0.9872419585570991,0.9120854806301224,0.0,power_law,power_law,32,77,10,32,53,24,Success (Near-Optimal Allocation)
Power-Law (c=0.5),41,0.9863388611487893,0.8535745903485417,0.0,power_law,power_law,33,77,10,33,53,24,Failure_C (Oracle-vs-Randomized Risk Mismatch)
Power-Law (c=0.5),42,0.9786198706186603,0.8490877023041931,0.0,power_law,power_law,29,77,10,29,53,24,Success (Near-Optimal Allocation)
Power-Law (c=0.5),43,0.997082524085425,0.9185103827418228,0.0,power_law,power_law,35,77,10,35,53,24,Failure_B (Extrapolated T(q) Allocation Error)
Power-Law (c=0.5),44,0.9593662589841152,0.9168375574986165,0.0,power_law,power_law,28,77,10,28,53,24,Success (Near-Optimal Allocation)
Power-Law (c=0.5),45,0.9853770000151408,0.8838138073254718,0.0,power_law,power_law,30,77,10,30,53,24,Success (Near-Optimal Allocation)
Power-Law (c=0.5),46,0.9855026410771596,0.900938217770137,0.0,power_law,power_law,32,77,10,32,53,24,Success (Near-Optimal Allocation)
Power-Law (c=0.5),47,0.9873525606344363,0.8788953864895402,0.0,power_law,power_law,28,77,10,28,53,24,Success (Near-Optimal Allocation)
Power-Law (c=0.5),48,0.9968958851907738,0.8813382436914586,0.0,power_law,power_law,30,77,10,30,53,24,Success (Near-Optimal Allocation)
Power-Law (c=0.5),49,0.9952684413845859,0.9156129759119618,0.0,power_law,power_law,30,77,10,30,53,24,Success (Near-Optimal Allocation)
Power-Law (c=0.5),50,0.9938845686582654,0.8999514111469289,0.0,power_law,power_law,34,77,10,34,53,24,Success (Near-Optimal Allocation)
Power-Law (c=0.5),51,0.9920596771212217,0.8713205544463098,0.0,power_law,power_law,32,77,10,32,53,24,Success (Near-Optimal Allocation)
Power-Law (c=0.5),52,0.9752561246299185,0.857108055472348,0.0,power_law,power_law,33,77,10,33,53,24,Failure_C (Oracle-vs-Randomized Risk Mismatch)
Power-Law (c=0.5),53,0.9857833564161899,0.8506541862989471,0.0,power_law,power_law,31,77,10,31,53,24,Success (Near-Optimal Allocation)
Power-Law (c=0.5),54,0.983893093872675,0.9097887609510634,0.0,power_law,power_law,35,77,10,35,53,24,Failure_B (Extrapolated T(q) Allocation Error)
Power-Law (c=0.5),55,0.9745654390688698,0.9564252839472749,0.0,power_law,power_law,31,77,10,31,53,24,Success (Near-Optimal Allocation)
Power-Law (c=0.5),56,0.9806957639812093,0.9453857718356324,0.0,power_law,power_law,34,77,10,34,53,24,Success (Near-Optimal Allocation)
Power-Law (c=0.5),57,0.995776778387511,0.9044652552594108,0.0,power_law,power_law,35,77,10,35,53,24,Failure_B (Extrapolated T(q) Allocation Error)
Power-Law (c=0.5),58,0.978013556359616,0.875739437918251,0.0,power_law,power_law,33,77,10,33,53,24,Failure_C (Oracle-vs-Randomized Risk Mismatch)
Power-Law (c=0.5),59,0.9941167584968812,0.8697037605877496,0.0,power_law,power_law,36,77,10,36,53,24,Failure_B (Extrapolated T(q) Allocation Error)
Power-Law (c=0.5),60,0.9846811903265104,0.9045111176343558,0.0,power_law,power_law,33,77,10,33,53,24,Failure_C (Oracle-vs-Randomized Risk Mismatch)
Power-Law (c=0.5),61,0.9688999308259932,0.952758101473983,0.0,power_law,power_law,30,77,10,30,53,24,Success (Near-Optimal Allocation)
Power-Law (c=0.5),62,0.9886850992935194,0.9178481098811434,0.0,power_law,power_law,33,77,10,33,53,24,Failure_C (Oracle-vs-Randomized Risk Mismatch)
Power-Law (c=0.5),63,0.9747191581461633,0.9592798445321459,0.0,power_law,power_law,32,77,10,32,53,24,Success (Near-Optimal Allocation)
Power-Law (c=0.5),64,0.9887254050831715,0.9339690520480152,0.0,power_law,power_law,30,77,10,30,53,24,Success (Near-Optimal Allocation)
Power-Law (c=0.5),65,0.9842027765399314,0.9086749308604516,0.0,power_law,power_law,34,77,10,34,53,24,Success (Near-Optimal Allocation)
Power-Law (c=0.5),66,0.9843218336600387,0.9340036649210993,0.0,power_law,power_law,29,77,10,29,53,24,Success (Near-Optimal Allocation)
Power-Law (c=0.5),67,0.98882999711559,0.8668728399321466,0.0,power_law,power_law,33,77,10,33,53,24,Failure_C (Oracle-vs-Randomized Risk Mismatch)
Power-Law (c=0.5),68,0.9799217366499925,0.921151077014849,0.0,power_law,power_law,35,77,10,35,53,24,Failure_B (Extrapolated T(q) Allocation Error)
Power-Law (c=0.5),69,0.9842054258553583,0.9317270623597707,0.0,power_law,power_law,28,77,10,28,53,24,Success (Near-Optimal Allocation)
Power-Law (c=0.5),70,0.9851130648678962,0.8421255189246876,0.0,power_law,power_law,33,77,10,33,53,24,Failure_C (Oracle-vs-Randomized Risk Mismatch)
Power-Law (c=0.5),71,0.9731699958649038,0.9517703814227241,0.0,power_law,power_law,37,78,10,37,53,24,Failure_B (Extrapolated T(q) Allocation Error)
Power-Law (c=0.5),72,0.9869845157680851,0.8971386523951567,0.0,power_law,power_law,36,77,10,36,53,24,Failure_B (Extrapolated T(q) Allocation Error)
Power-Law (c=0.5),73,0.964139762504507,0.8978736796998114,0.0,power_law,power_law,33,77,10,33,53,24,Failure_C (Oracle-vs-Randomized Risk Mismatch)
Power-Law (c=0.5),74,0.9801068530850003,0.9028702436086098,0.0,power_law,power_law,34,77,10,34,53,24,Success (Near-Optimal Allocation)
Power-Law (c=0.5),75,0.9916135965685742,0.9070105062195208,0.0,power_law,power_law,34,77,10,34,53,24,Success (Near-Optimal Allocation)
Power-Law (c=0.5),76,0.9892428444259656,0.917200254726467,0.0,power_law,power_law,34,77,10,34,53,24,Success (Near-Optimal Allocation)
Power-Law (c=0.5),77,0.9900366548465146,0.8677727505053117,0.0,power_law,power_law,34,77,10,34,53,24,Success (Near-Optimal Allocation)
Power-Law (c=0.5),78,0.9905032251548509,0.8713450535236191,0.0,power_law,power_law,33,77,10,33,53,24,Failure_C (Oracle-vs-Randomized Risk Mismatch)
Power-Law (c=0.5),79,0.9719024565052826,0.9649514055943554,0.0,power_law,power_law,32,77,10,32,53,24,Success (Near-Optimal Allocation)
Power-Law (c=0.5),80,0.9750624548120632,0.9529124652681137,0.0,power_law,power_law,32,77,10,32,53,24,Success (Near-Optimal Allocation)
Power-Law (c=0.5),81,0.991930998853037,0.858551042687643,0.0,power_law,power_law,32,77,10,32,53,24,Success (Near-Optimal Allocation)
Power-Law (c=0.5),82,0.9860578237142842,0.9453879429914882,0.0,power_law,power_law,32,77,10,32,53,24,Success (Near-Optimal Allocation)
Power-Law (c=0.5),83,0.9912606827615819,0.9082881351448577,0.0,power_law,power_law,35,77,10,35,53,24,Failure_B (Extrapolated T(q) Allocation Error)
Power-Law (c=0.5),84,0.9873983531707574,0.8874119379668135,0.0,power_law,power_law,31,77,10,31,53,24,Success (Near-Optimal Allocation)
Power-Law (c=0.5),85,0.9907370751709581,0.884285014247008,0.0,power_law,power_law,35,77,10,35,53,24,Failure_B (Extrapolated T(q) Allocation Error)
Power-Law (c=0.5),86,0.98614970564137,0.9129137292599006,0.0,power_law,power_law,31,77,10,31,53,24,Success (Near-Optimal Allocation)
Power-Law (c=0.5),87,0.9783324050031146,0.9390522072187878,0.0,power_law,power_law,34,77,10,34,53,24,Success (Near-Optimal Allocation)
Power-Law (c=0.5),88,0.992585196481827,0.8799682991564293,0.0,power_law,power_law,35,77,10,35,53,24,Failure_B (Extrapolated T(q) Allocation Error)
Power-Law (c=0.5),89,0.9879419777512334,0.8940408692834042,0.0,power_law,power_law,33,77,10,33,53,24,Failure_C (Oracle-vs-Randomized Risk Mismatch)
Power-Law (c=0.5),90,0.9854442349676897,0.8874959447152582,0.0,power_law,power_law,32,77,10,32,53,24,Success (Near-Optimal Allocation)
Power-Law (c=0.5),91,0.9771745463261708,0.9302621559831357,0.0,power_law,power_law,33,77,10,33,53,24,Failure_C (Oracle-vs-Randomized Risk Mismatch)
Power-Law (c=0.5),92,0.989175856406036,0.9320802130439994,0.0,power_law,power_law,32,77,10,32,53,24,Success (Near-Optimal Allocation)
Power-Law (c=0.5),93,0.9823689382105693,0.9061778158209252,0.0,power_law,power_law,32,77,10,32,53,24,Success (Near-Optimal Allocation)
Power-Law (c=0.5),94,0.9820235346541797,0.908109228717957,0.0,power_law,power_law,32,77,10,32,53,24,Success (Near-Optimal Allocation)
Power-Law (c=0.5),95,0.9930626802986964,0.9178217591394827,0.0,power_law,power_law,33,77,10,33,53,24,Failure_C (Oracle-vs-Randomized Risk Mismatch)
Power-Law (c=0.5),96,0.9808240395440547,0.9301450824953562,0.0,power_law,power_law,33,77,10,33,53,24,Failure_C (Oracle-vs-Randomized Risk Mismatch)
Power-Law (c=0.5),97,0.9917369693281739,0.9036798728691543,0.0,power_law,power_law,32,77,10,32,53,24,Success (Near-Optimal Allocation)
Power-Law (c=0.5),98,0.994844340451115,0.9211555171739167,0.0,power_law,power_law,30,77,10,30,53,24,Success (Near-Optimal Allocation)
Power-Law (c=0.5),99,0.9794432188309117,0.9207619744739192,0.0,power_law,power_law,33,77,10,33,53,24,Failure_C (Oracle-vs-Randomized Risk Mismatch)
Exponential (alpha=0.05),0,0.8298399288133572,0.9786248515595359,0.0,exponential,exponential,10,74,10,74,53,56,Failure_B (Extrapolated T(q) Allocation Error)
Exponential (alpha=0.05),1,0.8163082584892988,0.9696733784870217,0.0,exponential,exponential,10,74,10,74,53,56,Failure_B (Extrapolated T(q) Allocation Error)
Exponential (alpha=0.05),2,0.8693146147326967,0.9778398915794542,0.0,exponential,exponential,15,75,11,75,53,56,Failure_B (Extrapolated T(q) Allocation Error)
Exponential (alpha=0.05),3,0.7781381281348652,0.9606325920432106,0.0,exponential,exponential,10,74,10,74,53,56,Failure_B (Extrapolated T(q) Allocation Error)
Exponential (alpha=0.05),4,0.7555957430137605,0.9462500938424198,0.0,exponential,exponential,10,75,10,75,53,56,Failure_B (Extrapolated T(q) Allocation Error)
Exponential (alpha=0.05),5,0.8661229270380674,0.9866697512489889,0.0,exponential,exponential,10,74,10,74,53,56,Failure_B (Extrapolated T(q) Allocation Error)
Exponential (alpha=0.05),6,0.8837720698108403,0.9861328050170358,0.0,exponential,exponential,10,75,10,75,53,56,Failure_B (Extrapolated T(q) Allocation Error)
Exponential (alpha=0.05),7,0.8741071541730356,0.9635950698557411,0.0,exponential,exponential,10,75,11,75,53,56,Failure_B (Extrapolated T(q) Allocation Error)
Exponential (alpha=0.05),8,0.8687435328849391,0.991074082126455,0.0,exponential,exponential,10,75,10,75,53,56,Failure_B (Extrapolated T(q) Allocation Error)
Exponential (alpha=0.05),9,0.7844157048787486,0.9653579072905782,0.0,exponential,exponential,10,75,10,75,53,56,Failure_B (Extrapolated T(q) Allocation Error)
Exponential (alpha=0.05),10,0.8211759732099062,0.9651778334645266,0.0,exponential,exponential,10,75,10,75,53,56,Failure_B (Extrapolated T(q) Allocation Error)
Exponential (alpha=0.05),11,0.7938997503186587,0.96376506538743,0.0,exponential,exponential,10,74,10,74,53,56,Failure_B (Extrapolated T(q) Allocation Error)
Exponential (alpha=0.05),12,0.8364147951805473,0.9835842527718552,0.0,exponential,exponential,10,75,10,75,53,56,Failure_B (Extrapolated T(q) Allocation Error)
Exponential (alpha=0.05),13,0.829602954048618,0.9733865133547767,0.0,exponential,exponential,10,75,10,75,53,56,Failure_B (Extrapolated T(q) Allocation Error)
Exponential (alpha=0.05),14,0.8503106906985223,0.9841845331664186,0.0,exponential,exponential,10,74,11,74,53,56,Failure_B (Extrapolated T(q) Allocation Error)
Exponential (alpha=0.05),15,0.8005946161272675,0.9556106581303128,0.0,exponential,exponential,13,75,11,75,53,56,Failure_B (Extrapolated T(q) Allocation Error)
Exponential (alpha=0.05),16,0.8680307994210837,0.9547139011170191,0.0,exponential,exponential,10,74,11,74,53,56,Failure_B (Extrapolated T(q) Allocation Error)
Exponential (alpha=0.05),17,0.8186131280887728,0.9698606605836483,0.0,exponential,exponential,11,75,10,75,53,56,Failure_B (Extrapolated T(q) Allocation Error)
Exponential (alpha=0.05),18,0.8117980772748732,0.9753078073365624,0.0,exponential,exponential,12,75,10,75,53,56,Failure_B (Extrapolated T(q) Allocation Error)
Exponential (alpha=0.05),19,0.871733242332523,0.9874354436475473,0.0,exponential,exponential,13,75,10,75,53,56,Failure_B (Extrapolated T(q) Allocation Error)
Exponential (alpha=0.05),20,0.8268070064917428,0.976956165259603,0.0,exponential,exponential,10,74,10,74,53,56,Failure_B (Extrapolated T(q) Allocation Error)
Exponential (alpha=0.05),21,0.8291292076462194,0.963560186161581,0.0,exponential,exponential,11,75,10,75,53,56,Failure_B (Extrapolated T(q) Allocation Error)
Exponential (alpha=0.05),22,0.8528188564314936,0.9758564659470501,0.0,exponential,exponential,10,74,11,74,53,56,Failure_B (Extrapolated T(q) Allocation Error)
Exponential (alpha=0.05),23,0.8356501296920122,0.9830078776759787,0.0,exponential,exponential,10,75,10,75,53,56,Failure_B (Extrapolated T(q) Allocation Error)
Exponential (alpha=0.05),24,0.8707532036331188,0.9749300077389295,0.0,exponential,exponential,11,75,11,75,53,56,Failure_B (Extrapolated T(q) Allocation Error)
Exponential (alpha=0.05),25,0.7402206677093157,0.9152025000916205,0.0,exponential,exponential,10,74,11,74,53,56,Failure_B (Extrapolated T(q) Allocation Error)
Exponential (alpha=0.05),26,0.8495569522892819,0.9880367429989716,0.0,exponential,exponential,13,75,10,75,53,56,Failure_B (Extrapolated T(q) Allocation Error)
Exponential (alpha=0.05),27,0.8365552329363233,0.9872528946328695,0.0,exponential,exponential,11,75,10,75,53,56,Failure_B (Extrapolated T(q) Allocation Error)
Exponential (alpha=0.05),28,0.832698629815557,0.9642448587680309,0.0,exponential,exponential,10,74,11,74,53,56,Failure_B (Extrapolated T(q) Allocation Error)
Exponential (alpha=0.05),29,0.8577030604027843,0.9827800238914515,0.0,exponential,exponential,13,75,10,75,53,56,Failure_B (Extrapolated T(q) Allocation Error)
Exponential (alpha=0.05),30,0.8147222632919752,0.9519515499481683,0.0,exponential,exponential,12,75,11,75,53,56,Failure_B (Extrapolated T(q) Allocation Error)
Exponential (alpha=0.05),31,0.8792690368728999,0.9774572708008258,0.0,exponential,exponential,10,74,10,74,53,56,Failure_B (Extrapolated T(q) Allocation Error)
Exponential (alpha=0.05),32,0.7847411016939518,0.9628944352874207,0.0,exponential,exponential,10,74,10,74,53,56,Failure_B (Extrapolated T(q) Allocation Error)
Exponential (alpha=0.05),33,0.7940813963203215,0.9676048832023165,0.0,exponential,exponential,11,75,10,75,53,56,Failure_B (Extrapolated T(q) Allocation Error)
Exponential (alpha=0.05),34,0.7169669610501861,0.9124211567046864,0.0,exponential,exponential,10,75,10,75,53,56,Failure_B (Extrapolated T(q) Allocation Error)
Exponential (alpha=0.05),35,0.8580204714558373,0.9823576628262913,0.0,exponential,exponential,10,75,10,75,53,56,Failure_B (Extrapolated T(q) Allocation Error)
Exponential (alpha=0.05),36,0.8991810016058785,0.9909419251413473,0.0,exponential,exponential,10,74,10,74,53,56,Failure_B (Extrapolated T(q) Allocation Error)
Exponential (alpha=0.05),37,0.8369769155966625,0.9840312994544489,0.0,exponential,exponential,10,74,10,74,53,56,Failure_B (Extrapolated T(q) Allocation Error)
Exponential (alpha=0.05),38,0.8414349684216968,0.9767975675102115,0.0,exponential,exponential,10,74,10,74,53,56,Failure_B (Extrapolated T(q) Allocation Error)
Exponential (alpha=0.05),39,0.8161805290919177,0.9724729231616892,0.0,exponential,exponential,11,75,11,75,53,56,Failure_B (Extrapolated T(q) Allocation Error)
Exponential (alpha=0.05),40,0.8941926977685528,0.989536703214179,0.0,exponential,exponential,11,75,10,75,53,56,Failure_B (Extrapolated T(q) Allocation Error)
Exponential (alpha=0.05),41,0.916577885929201,0.9919877584734295,0.0,exponential,exponential,10,73,10,73,53,56,Failure_B (Extrapolated T(q) Allocation Error)
Exponential (alpha=0.05),42,0.8731855812554297,0.9884645940139881,0.0,exponential,exponential,11,75,10,75,53,56,Failure_B (Extrapolated T(q) Allocation Error)
Exponential (alpha=0.05),43,0.9012628874981167,0.9947416904857999,0.0,exponential,exponential,10,74,10,74,53,56,Failure_B (Extrapolated T(q) Allocation Error)
Exponential (alpha=0.05),44,0.8957392782277321,0.9694371057812798,0.0,exponential,exponential,10,74,11,74,53,56,Failure_B (Extrapolated T(q) Allocation Error)
Exponential (alpha=0.05),45,0.9018462014000703,0.9659592430911139,0.0,exponential,exponential,10,74,11,74,53,56,Failure_B (Extrapolated T(q) Allocation Error)
Exponential (alpha=0.05),46,0.845020918806188,0.9857096348655163,0.0,exponential,exponential,10,75,11,75,53,56,Failure_B (Extrapolated T(q) Allocation Error)
Exponential (alpha=0.05),47,0.7832316756181068,0.9213251245249062,0.0,exponential,exponential,10,74,10,74,53,56,Failure_B (Extrapolated T(q) Allocation Error)
Exponential (alpha=0.05),48,0.8022851639655553,0.9686005786070246,0.0,exponential,exponential,14,76,10,76,53,56,Failure_B (Extrapolated T(q) Allocation Error)
Exponential (alpha=0.05),49,0.9059244434182814,0.9760408564451613,0.0,exponential,exponential,10,74,10,74,53,56,Failure_B (Extrapolated T(q) Allocation Error)
Exponential (alpha=0.05),50,0.9074441292283776,0.9891232897474472,0.0,exponential,exponential,10,74,10,74,53,56,Failure_B (Extrapolated T(q) Allocation Error)
Exponential (alpha=0.05),51,0.8389748434373361,0.9864117651828948,0.0,exponential,exponential,10,75,10,75,53,56,Failure_B (Extrapolated T(q) Allocation Error)
Exponential (alpha=0.05),52,0.8180689075931685,0.9702979919827798,0.0,exponential,exponential,10,75,10,75,53,56,Failure_B (Extrapolated T(q) Allocation Error)
Exponential (alpha=0.05),53,0.8537630964409898,0.9853292860258579,0.0,exponential,exponential,12,75,11,75,53,56,Failure_B (Extrapolated T(q) Allocation Error)
Exponential (alpha=0.05),54,0.908179619651978,0.9916878406829044,0.0,exponential,exponential,12,75,10,75,53,56,Failure_B (Extrapolated T(q) Allocation Error)
Exponential (alpha=0.05),55,0.8283722687120942,0.958802328813696,0.0,exponential,exponential,10,74,11,74,53,56,Failure_B (Extrapolated T(q) Allocation Error)
Exponential (alpha=0.05),56,0.867922937625076,0.9913126744260603,0.0,exponential,exponential,10,74,10,74,53,56,Failure_B (Extrapolated T(q) Allocation Error)
Exponential (alpha=0.05),57,0.7803582441465893,0.9218250869133263,0.0,exponential,exponential,11,75,11,75,53,56,Failure_B (Extrapolated T(q) Allocation Error)
Exponential (alpha=0.05),58,0.8982841662649984,0.9946113007809744,0.0,exponential,exponential,10,74,10,74,53,56,Failure_B (Extrapolated T(q) Allocation Error)
Exponential (alpha=0.05),59,0.7857907826627905,0.9308686822644099,0.0,exponential,exponential,10,74,11,74,53,56,Failure_B (Extrapolated T(q) Allocation Error)
Exponential (alpha=0.05),60,0.9070054030633027,0.9870631556046547,0.0,exponential,exponential,11,75,10,75,53,56,Failure_B (Extrapolated T(q) Allocation Error)
Exponential (alpha=0.05),61,0.8425274513391525,0.9695782189948545,0.0,exponential,exponential,10,74,10,74,53,56,Failure_B (Extrapolated T(q) Allocation Error)
Exponential (alpha=0.05),62,0.8658192676548782,0.9835080272373437,0.0,exponential,exponential,10,74,10,74,53,56,Failure_B (Extrapolated T(q) Allocation Error)
Exponential (alpha=0.05),63,0.8325576669435903,0.972136316068954,0.0,exponential,exponential,10,75,10,75,53,56,Failure_B (Extrapolated T(q) Allocation Error)
Exponential (alpha=0.05),64,0.8544547192129652,0.9826091681629484,0.0,exponential,exponential,12,75,11,75,53,56,Failure_B (Extrapolated T(q) Allocation Error)
Exponential (alpha=0.05),65,0.853685950906131,0.9831141107618706,0.0,exponential,exponential,10,74,10,74,53,56,Failure_B (Extrapolated T(q) Allocation Error)
Exponential (alpha=0.05),66,0.922133321350777,0.9855204181038871,0.0,exponential,exponential,10,74,10,74,53,56,Failure_B (Extrapolated T(q) Allocation Error)
Exponential (alpha=0.05),67,0.8832992653435169,0.981398677794791,0.0,exponential,exponential,10,74,10,74,53,56,Failure_B (Extrapolated T(q) Allocation Error)
Exponential (alpha=0.05),68,0.817281745825021,0.9589332875950793,0.0,exponential,exponential,10,75,10,75,53,56,Failure_B (Extrapolated T(q) Allocation Error)
Exponential (alpha=0.05),69,0.9429821281704723,0.98109813890924,0.0,exponential,exponential,10,74,10,74,53,56,Failure_B (Extrapolated T(q) Allocation Error)
Exponential (alpha=0.05),70,0.8473165061154079,0.9574294501206767,0.0,exponential,exponential,10,74,11,74,53,56,Failure_B (Extrapolated T(q) Allocation Error)
Exponential (alpha=0.05),71,0.8100297576098814,0.9662073474753404,0.0,exponential,exponential,11,75,10,75,53,56,Failure_B (Extrapolated T(q) Allocation Error)
Exponential (alpha=0.05),72,0.7928380132160514,0.9627807017879577,0.0,exponential,exponential,10,75,10,75,53,56,Failure_B (Extrapolated T(q) Allocation Error)
Exponential (alpha=0.05),73,0.8292659021663721,0.9772006890499912,0.0,exponential,exponential,10,74,11,74,53,56,Failure_B (Extrapolated T(q) Allocation Error)
Exponential (alpha=0.05),74,0.8494065328704877,0.9666398319663074,0.0,exponential,exponential,10,74,11,74,53,56,Failure_B (Extrapolated T(q) Allocation Error)
Exponential (alpha=0.05),75,0.8095021019334198,0.9633140896993744,0.0,exponential,exponential,10,75,11,75,53,56,Failure_B (Extrapolated T(q) Allocation Error)
Exponential (alpha=0.05),76,0.8484399603880332,0.9715298273049292,0.0,exponential,exponential,10,74,10,74,53,56,Failure_B (Extrapolated T(q) Allocation Error)
Exponential (alpha=0.05),77,0.8845811566949814,0.9790145246731193,0.0,exponential,exponential,10,74,10,74,53,56,Failure_B (Extrapolated T(q) Allocation Error)
Exponential (alpha=0.05),78,0.793821188665006,0.9365274757205794,0.0,exponential,exponential,10,75,11,75,53,56,Failure_B (Extrapolated T(q) Allocation Error)
Exponential (alpha=0.05),79,0.8522567301592934,0.9615811070668161,0.0,exponential,exponential,10,74,11,74,53,56,Failure_B (Extrapolated T(q) Allocation Error)
Exponential (alpha=0.05),80,0.9373515696359158,0.9898724667438044,0.0,exponential,exponential,10,74,10,74,53,56,Failure_B (Extrapolated T(q) Allocation Error)
Exponential (alpha=0.05),81,0.8275561424607987,0.9595907572724852,0.0,exponential,exponential,13,75,10,75,53,56,Failure_B (Extrapolated T(q) Allocation Error)
Exponential (alpha=0.05),82,0.8556957259564117,0.9877069901091636,0.0,exponential,exponential,12,75,11,75,53,56,Failure_B (Extrapolated T(q) Allocation Error)
Exponential (alpha=0.05),83,0.8322043846322821,0.9777253394159018,0.0,exponential,exponential,10,75,10,75,53,56,Failure_B (Extrapolated T(q) Allocation Error)
Exponential (alpha=0.05),84,0.8966955718127267,0.9877448947258067,0.0,exponential,exponential,11,75,10,75,53,56,Failure_B (Extrapolated T(q) Allocation Error)
Exponential (alpha=0.05),85,0.8303798026855531,0.9756523462605426,0.0,exponential,exponential,13,75,11,75,53,56,Failure_B (Extrapolated T(q) Allocation Error)
Exponential (alpha=0.05),86,0.8210605738743052,0.979899781099146,0.0,exponential,exponential,13,75,10,75,53,56,Failure_B (Extrapolated T(q) Allocation Error)
Exponential (alpha=0.05),87,0.8294974260093501,0.9765057887349855,0.0,exponential,exponential,10,74,11,74,53,56,Failure_B (Extrapolated T(q) Allocation Error)
Exponential (alpha=0.05),88,0.8510072118043881,0.9849328593450021,0.0,exponential,exponential,10,75,11,75,53,56,Failure_B (Extrapolated T(q) Allocation Error)
Exponential (alpha=0.05),89,0.7541922089191666,0.9346771957762,0.0,exponential,exponential,13,75,11,75,53,56,Failure_B (Extrapolated T(q) Allocation Error)
Exponential (alpha=0.05),90,0.9022604714839405,0.9810460732242636,0.0,exponential,exponential,10,74,11,74,53,56,Failure_B (Extrapolated T(q) Allocation Error)
Exponential (alpha=0.05),91,0.8239522855733422,0.9669166477384398,0.0,exponential,exponential,10,74,10,74,53,56,Failure_B (Extrapolated T(q) Allocation Error)
Exponential (alpha=0.05),92,0.8107968124974833,0.961033683820476,0.0,exponential,exponential,10,74,10,74,53,56,Failure_B (Extrapolated T(q) Allocation Error)
Exponential (alpha=0.05),93,0.8237023474372203,0.9665728317832936,0.0,exponential,exponential,11,75,10,75,53,56,Failure_B (Extrapolated T(q) Allocation Error)
Exponential (alpha=0.05),94,0.7893604551375533,0.9631873373449635,0.0,exponential,exponential,10,75,10,75,53,56,Failure_B (Extrapolated T(q) Allocation Error)
Exponential (alpha=0.05),95,0.8118928472574525,0.9663664063996046,0.0,exponential,exponential,12,75,10,75,53,56,Failure_B (Extrapolated T(q) Allocation Error)
Exponential (alpha=0.05),96,0.8652252171943666,0.9888557256248985,0.0,exponential,exponential,10,74,10,74,53,56,Failure_B (Extrapolated T(q) Allocation Error)
Exponential (alpha=0.05),97,0.8813984319818813,0.9728377650175042,0.0,exponential,exponential,10,73,11,73,53,56,Failure_B (Extrapolated T(q) Allocation Error)
Exponential (alpha=0.05),98,0.7126022120677282,0.9292725755514242,0.0,exponential,exponential,11,75,10,75,53,56,Failure_B (Extrapolated T(q) Allocation Error)
Exponential (alpha=0.05),99,0.8282317751266572,0.9744848106753583,0.0,exponential,exponential,10,74,10,74,53,56,Failure_B (Extrapolated T(q) Allocation Error)
"Step (r=20, eta=0.01)",0,0.4382234405633926,0.6604262318870922,0.0,exponential,step_gap,10,10,11,10,53,43,Failure_A (Wrong Family Selected)
"Step (r=20, eta=0.01)",1,0.2854661331411382,0.47445645106119805,0.0,exponential,step_gap,10,10,11,10,53,43,Failure_A (Wrong Family Selected)
"Step (r=20, eta=0.01)",2,0.3400696127437066,0.5431483476280826,0.0,exponential,step_gap,10,10,11,10,53,43,Failure_A (Wrong Family Selected)
"Step (r=20, eta=0.01)",3,0.5525927224147891,0.7781077745493128,0.0,exponential,step_gap,10,10,11,10,53,43,Failure_A (Wrong Family Selected)
"Step (r=20, eta=0.01)",4,0.579424608730482,0.8104786732192815,0.0,exponential,step_gap,10,10,11,10,53,43,Failure_A (Wrong Family Selected)
"Step (r=20, eta=0.01)",5,0.5311067991630838,0.7638559220595599,0.0,exponential,step_gap,10,10,10,10,53,43,Failure_A (Wrong Family Selected)
"Step (r=20, eta=0.01)",6,0.5582359230275883,0.7895409736453168,0.0,exponential,step_gap,10,10,10,10,53,43,Failure_A (Wrong Family Selected)
"Step (r=20, eta=0.01)",7,0.501206368190154,0.7405863663382137,0.0,exponential,step_gap,10,10,11,10,53,43,Failure_A (Wrong Family Selected)
"Step (r=20, eta=0.01)",8,0.45707968481563455,0.7002716462435691,0.0,exponential,step_gap,10,10,10,10,53,43,Failure_A (Wrong Family Selected)
"Step (r=20, eta=0.01)",9,0.5337614607078367,0.7556057990570092,0.0,exponential,step_gap,10,10,11,10,53,43,Failure_A (Wrong Family Selected)
"Step (r=20, eta=0.01)",10,0.41681897967920034,0.6475518094835253,0.0,exponential,step_gap,10,10,11,10,53,43,Failure_A (Wrong Family Selected)
"Step (r=20, eta=0.01)",11,0.5575816721738058,0.8075993073076031,0.0,exponential,step_gap,10,10,10,10,53,43,Failure_A (Wrong Family Selected)
"Step (r=20, eta=0.01)",12,0.44827911418629474,0.6832002519284418,0.0,exponential,step_gap,10,10,11,10,53,43,Failure_A (Wrong Family Selected)
"Step (r=20, eta=0.01)",13,0.5662455405141096,0.8049470362189722,0.0,exponential,step_gap,10,10,11,10,53,43,Failure_A (Wrong Family Selected)
"Step (r=20, eta=0.01)",14,0.4989803744653667,0.7439110456414698,0.0,exponential,step_gap,10,10,10,10,53,43,Failure_A (Wrong Family Selected)
"Step (r=20, eta=0.01)",15,0.6630944800383316,0.8897763051861359,0.0,exponential,step_gap,10,10,10,10,53,43,Failure_A (Wrong Family Selected)
"Step (r=20, eta=0.01)",16,0.45210330874699356,0.6838699111093323,0.0,exponential,step_gap,10,10,11,10,53,43,Failure_A (Wrong Family Selected)
"Step (r=20, eta=0.01)",17,0.4753968395865723,0.6989919796047683,0.0,exponential,step_gap,10,10,11,10,53,43,Failure_A (Wrong Family Selected)
"Step (r=20, eta=0.01)",18,0.6252301984491007,0.8598341518851347,0.0,exponential,step_gap,10,10,11,10,53,43,Failure_A (Wrong Family Selected)
"Step (r=20, eta=0.01)",19,0.4604417205770813,0.6873903283751158,0.0,exponential,step_gap,10,10,11,10,53,43,Failure_A (Wrong Family Selected)
"Step (r=20, eta=0.01)",20,0.606509663584587,0.8440347371882728,0.0,exponential,step_gap,10,10,10,10,53,43,Failure_A (Wrong Family Selected)
"Step (r=20, eta=0.01)",21,0.4887232834692118,0.7015189789389864,0.0,exponential,step_gap,10,10,11,10,53,43,Failure_A (Wrong Family Selected)
"Step (r=20, eta=0.01)",22,0.48748856449032585,0.7315880356139864,0.0,exponential,step_gap,10,10,11,10,53,43,Failure_A (Wrong Family Selected)
"Step (r=20, eta=0.01)",23,0.5440302563963539,0.7871255170612182,0.0,exponential,step_gap,10,10,11,10,53,43,Failure_A (Wrong Family Selected)
"Step (r=20, eta=0.01)",24,0.27315550376250664,0.44659304708853953,0.0,exponential,step_gap,10,10,11,10,53,43,Failure_A (Wrong Family Selected)
"Step (r=20, eta=0.01)",25,0.4519206458872317,0.6921897634694553,0.0,exponential,step_gap,10,10,10,10,53,43,Failure_A (Wrong Family Selected)
"Step (r=20, eta=0.01)",26,0.43214790355678057,0.6426743729216524,0.0,exponential,step_gap,10,10,11,10,53,43,Failure_A (Wrong Family Selected)
"Step (r=20, eta=0.01)",27,0.605068860627135,0.8283979727514706,0.0,exponential,step_gap,10,10,11,10,53,43,Failure_A (Wrong Family Selected)
"Step (r=20, eta=0.01)",28,0.39894845421042313,0.6239186802070829,0.0,exponential,step_gap,10,10,11,10,53,43,Failure_A (Wrong Family Selected)
"Step (r=20, eta=0.01)",29,0.2651834598740751,0.44823992230807397,0.0,exponential,step_gap,10,10,11,10,53,43,Failure_A (Wrong Family Selected)
"Step (r=20, eta=0.01)",30,0.5128033839803234,0.7435661927688222,0.0,exponential,step_gap,10,10,11,10,53,43,Failure_A (Wrong Family Selected)
"Step (r=20, eta=0.01)",31,0.5558579806360265,0.8005553482033931,0.0,exponential,step_gap,10,10,11,10,53,43,Failure_A (Wrong Family Selected)
"Step (r=20, eta=0.01)",32,0.5887587198788948,0.7989480766586041,0.0,exponential,step_gap,10,10,11,10,53,43,Failure_A (Wrong Family Selected)
"Step (r=20, eta=0.01)",33,0.4220689847840665,0.646821636845792,0.0,exponential,step_gap,10,10,11,10,53,43,Failure_A (Wrong Family Selected)
"Step (r=20, eta=0.01)",34,0.37285112345881455,0.5756303991353586,0.0,exponential,step_gap,10,10,11,10,53,43,Failure_A (Wrong Family Selected)
"Step (r=20, eta=0.01)",35,0.45114613627510103,0.6639890139504696,0.0,exponential,step_gap,10,10,11,10,53,43,Failure_A (Wrong Family Selected)
"Step (r=20, eta=0.01)",36,0.37779666980924875,0.6106014954787193,0.0,exponential,step_gap,10,10,11,10,53,43,Failure_A (Wrong Family Selected)
"Step (r=20, eta=0.01)",37,0.4432212486642061,0.6818979839266152,0.0,exponential,step_gap,10,10,11,10,53,43,Failure_A (Wrong Family Selected)
"Step (r=20, eta=0.01)",38,0.4753824813112816,0.7005369187605288,0.0,exponential,step_gap,10,10,11,10,53,43,Failure_A (Wrong Family Selected)
"Step (r=20, eta=0.01)",39,0.6328217276658237,0.8575646698731978,0.0,exponential,step_gap,10,10,11,10,53,43,Failure_A (Wrong Family Selected)
"Step (r=20, eta=0.01)",40,0.5533653207226501,0.7927961414176715,0.0,exponential,step_gap,10,10,11,10,53,43,Failure_A (Wrong Family Selected)
"Step (r=20, eta=0.01)",41,0.3932969055757838,0.6189388961055655,0.0,exponential,step_gap,10,10,11,10,53,43,Failure_A (Wrong Family Selected)
"Step (r=20, eta=0.01)",42,0.3474141173205886,0.5548589131540831,0.0,exponential,step_gap,10,10,11,10,53,43,Failure_A (Wrong Family Selected)
"Step (r=20, eta=0.01)",43,0.40169816050373564,0.6168727498547388,0.0,exponential,step_gap,10,10,11,10,53,43,Failure_A (Wrong Family Selected)
"Step (r=20, eta=0.01)",44,0.350636156364564,0.5624417491772111,0.0,exponential,step_gap,10,10,11,10,53,43,Failure_A (Wrong Family Selected)
"Step (r=20, eta=0.01)",45,0.37665300481426567,0.5882235192030393,0.0,exponential,step_gap,10,10,11,10,53,43,Failure_A (Wrong Family Selected)
"Step (r=20, eta=0.01)",46,0.485250710381818,0.7073254463380532,0.0,exponential,step_gap,10,10,11,10,53,43,Failure_A (Wrong Family Selected)
"Step (r=20, eta=0.01)",47,0.2756350357674162,0.4720177680508736,0.0,exponential,step_gap,10,10,11,10,53,43,Failure_A (Wrong Family Selected)
"Step (r=20, eta=0.01)",48,0.6990632671193775,0.9064032051529007,0.0,exponential,step_gap,10,10,11,10,53,43,Failure_A (Wrong Family Selected)
"Step (r=20, eta=0.01)",49,0.5438119015004762,0.7679880203145548,0.0,exponential,step_gap,10,10,11,10,53,43,Failure_A (Wrong Family Selected)
"Step (r=20, eta=0.01)",50,0.5797304887372996,0.8023272693695428,0.0,exponential,step_gap,10,10,11,10,53,43,Failure_A (Wrong Family Selected)
"Step (r=20, eta=0.01)",51,0.4008039393093872,0.6348329739344563,0.0,exponential,step_gap,10,10,11,10,53,43,Failure_A (Wrong Family Selected)
"Step (r=20, eta=0.01)",52,0.6180828787383463,0.8449576227944424,0.0,exponential,step_gap,10,10,11,10,53,43,Failure_A (Wrong Family Selected)
"Step (r=20, eta=0.01)",53,0.4703776157182029,0.7067961584632251,0.0,exponential,step_gap,10,10,11,10,53,43,Failure_A (Wrong Family Selected)
"Step (r=20, eta=0.01)",54,0.6303441002875876,0.8580129731822725,0.0,exponential,step_gap,10,10,11,10,53,43,Failure_A (Wrong Family Selected)
"Step (r=20, eta=0.01)",55,0.5991179181305613,0.8156693636239162,0.0,exponential,step_gap,10,10,11,10,53,43,Failure_A (Wrong Family Selected)
"Step (r=20, eta=0.01)",56,0.48051836675279735,0.7142337090020389,0.0,exponential,step_gap,10,10,11,10,53,43,Failure_A (Wrong Family Selected)
"Step (r=20, eta=0.01)",57,0.6196203981627233,0.8463485659747555,0.0,exponential,step_gap,10,10,11,10,53,43,Failure_A (Wrong Family Selected)
"Step (r=20, eta=0.01)",58,0.473381348178037,0.7124303079660189,0.0,exponential,step_gap,10,10,11,10,53,43,Failure_A (Wrong Family Selected)
"Step (r=20, eta=0.01)",59,0.4933569889541476,0.7385455934104392,0.0,exponential,step_gap,10,10,11,10,53,43,Failure_A (Wrong Family Selected)
"Step (r=20, eta=0.01)",60,0.2811185955094867,0.46394132212728334,0.0,exponential,step_gap,10,10,11,10,53,43,Failure_A (Wrong Family Selected)
"Step (r=20, eta=0.01)",61,0.370508158917381,0.5678205652366151,0.0,exponential,step_gap,10,10,11,10,53,43,Failure_A (Wrong Family Selected)
"Step (r=20, eta=0.01)",62,0.36565774802976136,0.5675168592943087,0.0,exponential,step_gap,10,10,11,10,53,43,Failure_A (Wrong Family Selected)
"Step (r=20, eta=0.01)",63,0.39027556469353897,0.6094859854237729,0.0,exponential,step_gap,10,10,11,10,53,43,Failure_A (Wrong Family Selected)
"Step (r=20, eta=0.01)",64,0.5907705698694893,0.8277250993962225,0.0,exponential,step_gap,10,10,10,10,53,43,Failure_A (Wrong Family Selected)
"Step (r=20, eta=0.01)",65,0.4696505638899703,0.6823519012399599,0.0,exponential,step_gap,10,10,11,10,53,43,Failure_A (Wrong Family Selected)
"Step (r=20, eta=0.01)",66,0.5547720373061824,0.7971805465421965,0.0,exponential,step_gap,10,10,11,10,53,43,Failure_A (Wrong Family Selected)
"Step (r=20, eta=0.01)",67,0.5004197717205485,0.7182975232461568,0.0,exponential,step_gap,10,10,11,10,53,43,Failure_A (Wrong Family Selected)
"Step (r=20, eta=0.01)",68,0.5996485731593222,0.8370475773937994,0.0,exponential,step_gap,10,10,11,10,53,43,Failure_A (Wrong Family Selected)
"Step (r=20, eta=0.01)",69,0.6077079819327069,0.8267633237951996,0.0,exponential,step_gap,10,10,11,10,53,43,Failure_A (Wrong Family Selected)
"Step (r=20, eta=0.01)",70,0.6337812696358175,0.8593504207766842,0.0,exponential,step_gap,10,10,10,10,53,43,Failure_A (Wrong Family Selected)
"Step (r=20, eta=0.01)",71,0.3804441025437306,0.6008676519745269,0.0,exponential,step_gap,10,10,11,10,53,43,Failure_A (Wrong Family Selected)
"Step (r=20, eta=0.01)",72,0.2784472442285496,0.4598330363955707,0.0,exponential,step_gap,10,10,11,10,53,43,Failure_A (Wrong Family Selected)
"Step (r=20, eta=0.01)",73,0.36439097631283546,0.5749070784931645,0.0,exponential,step_gap,10,10,11,10,53,43,Failure_A (Wrong Family Selected)
"Step (r=20, eta=0.01)",74,0.3640273441277927,0.5611010445632747,0.0,exponential,step_gap,10,10,11,10,53,43,Failure_A (Wrong Family Selected)
"Step (r=20, eta=0.01)",75,0.40468344082792707,0.5947744097044907,0.0,exponential,step_gap,10,10,11,10,53,43,Failure_A (Wrong Family Selected)
"Step (r=20, eta=0.01)",76,0.5261206620698682,0.7526240351232244,0.0,exponential,step_gap,10,10,10,10,53,43,Failure_A (Wrong Family Selected)
"Step (r=20, eta=0.01)",77,0.6487100392295237,0.8809685324347638,0.0,exponential,step_gap,10,10,10,10,53,43,Failure_A (Wrong Family Selected)
"Step (r=20, eta=0.01)",78,0.24515335767079105,0.4144024173661496,0.0,exponential,step_gap,10,10,11,10,53,43,Failure_A (Wrong Family Selected)
"Step (r=20, eta=0.01)",79,0.5346586079026093,0.7558086184381805,0.0,exponential,step_gap,10,10,11,10,53,43,Failure_A (Wrong Family Selected)
"Step (r=20, eta=0.01)",80,0.5512009819802658,0.7787665802269319,0.0,exponential,step_gap,10,10,11,10,53,43,Failure_A (Wrong Family Selected)
"Step (r=20, eta=0.01)",81,0.5782778923299479,0.816968413829723,0.0,exponential,step_gap,10,10,10,10,53,43,Failure_A (Wrong Family Selected)
"Step (r=20, eta=0.01)",82,0.6369013959636194,0.8653008284899145,0.0,exponential,step_gap,10,10,11,10,53,43,Failure_A (Wrong Family Selected)
"Step (r=20, eta=0.01)",83,0.42204783989132133,0.638092189324341,0.0,exponential,step_gap,10,10,11,10,53,43,Failure_A (Wrong Family Selected)
"Step (r=20, eta=0.01)",84,0.3778870128279247,0.6054987208864158,0.0,exponential,step_gap,10,10,11,10,53,43,Failure_A (Wrong Family Selected)
"Step (r=20, eta=0.01)",85,0.5610518989759774,0.807485740844537,0.0,exponential,step_gap,10,10,11,10,53,43,Failure_A (Wrong Family Selected)
"Step (r=20, eta=0.01)",86,0.5036659649837874,0.74451949494811,0.0,exponential,step_gap,10,10,11,10,53,43,Failure_A (Wrong Family Selected)
"Step (r=20, eta=0.01)",87,0.5500367719850134,0.789619386377054,0.0,exponential,step_gap,10,10,11,10,53,43,Failure_A (Wrong Family Selected)
"Step (r=20, eta=0.01)",88,0.6509959573041271,0.8741790165475423,0.0,exponential,step_gap,10,10,11,10,53,43,Failure_A (Wrong Family Selected)
"Step (r=20, eta=0.01)",89,0.3991130660783444,0.5969190731955942,0.0,exponential,step_gap,10,10,11,10,53,43,Failure_A (Wrong Family Selected)
"Step (r=20, eta=0.01)",90,0.4609443191434869,0.7057366696962514,0.0,exponential,step_gap,10,10,11,10,53,43,Failure_A (Wrong Family Selected)
"Step (r=20, eta=0.01)",91,0.5756619887749772,0.8223817286039969,0.0,exponential,step_gap,10,10,11,10,53,43,Failure_A (Wrong Family Selected)
"Step (r=20, eta=0.01)",92,0.5122368340701451,0.7626899852985224,0.0,exponential,step_gap,10,10,10,10,53,43,Failure_A (Wrong Family Selected)
"Step (r=20, eta=0.01)",93,0.5171264744426496,0.741175056300294,0.0,exponential,step_gap,10,10,11,10,53,43,Failure_A (Wrong Family Selected)
"Step (r=20, eta=0.01)",94,0.5346925942019809,0.7788171492347765,0.0,exponential,step_gap,10,10,10,10,53,43,Failure_A (Wrong Family Selected)
"Step (r=20, eta=0.01)",95,0.31987782069614656,0.5049373753022866,0.0,exponential,step_gap,10,10,11,10,53,43,Failure_A (Wrong Family Selected)
"Step (r=20, eta=0.01)",96,0.39256636791193744,0.6150634042534422,0.0,exponential,step_gap,10,10,11,10,53,43,Failure_A (Wrong Family Selected)
"Step (r=20, eta=0.01)",97,0.4569192103635181,0.6840825558827868,0.0,exponential,step_gap,10,10,11,10,53,43,Failure_A (Wrong Family Selected)
"Step (r=20, eta=0.01)",98,0.404658980580776,0.6236359771482927,0.0,exponential,step_gap,10,10,11,10,53,43,Failure_A (Wrong Family Selected)
"Step (r=20, eta=0.01)",99,0.3855582826108995,0.6002190995738372,0.0,exponential,step_gap,10,10,11,10,53,43,Failure_A (Wrong Family Selected)
"Elbow (r=10, eta=0.01)",0,0.9410658180435068,0.7392049879663535,0.95,step_gap,step_gap,61,79,10,10,53,17,Failure_C (Oracle-vs-Randomized Risk Mismatch)
"Elbow (r=10, eta=0.01)",1,0.9456345453085753,0.7465478172503446,0.95,step_gap,step_gap,61,79,10,10,53,17,Failure_C (Oracle-vs-Randomized Risk Mismatch)
"Elbow (r=10, eta=0.01)",2,0.9443172129089777,0.7523338374775044,0.95,step_gap,step_gap,61,79,10,10,53,17,Failure_C (Oracle-vs-Randomized Risk Mismatch)
"Elbow (r=10, eta=0.01)",3,0.9514359972716699,0.763313396969724,0.95,step_gap,step_gap,61,79,10,10,53,17,Failure_C (Oracle-vs-Randomized Risk Mismatch)
"Elbow (r=10, eta=0.01)",4,0.9546220915939811,0.7737697224271914,0.95,step_gap,step_gap,62,79,10,10,53,17,Failure_C (Oracle-vs-Randomized Risk Mismatch)
"Elbow (r=10, eta=0.01)",5,0.9653718144149545,0.7925728497213447,0.95,step_gap,step_gap,61,79,10,10,53,17,Failure_C (Oracle-vs-Randomized Risk Mismatch)
"Elbow (r=10, eta=0.01)",6,0.9458054552027884,0.745025613804021,0.95,step_gap,step_gap,61,79,10,10,53,17,Failure_C (Oracle-vs-Randomized Risk Mismatch)
"Elbow (r=10, eta=0.01)",7,0.944085677901185,0.7449832930125622,0.95,step_gap,step_gap,61,79,10,10,53,17,Failure_C (Oracle-vs-Randomized Risk Mismatch)
"Elbow (r=10, eta=0.01)",8,0.9422394603114588,0.7495471665055955,0.95,step_gap,step_gap,61,79,10,10,53,17,Failure_C (Oracle-vs-Randomized Risk Mismatch)
"Elbow (r=10, eta=0.01)",9,0.956472081766501,0.7777985444478565,0.95,step_gap,step_gap,62,79,10,10,53,17,Failure_C (Oracle-vs-Randomized Risk Mismatch)
"Elbow (r=10, eta=0.01)",10,0.9487594082925772,0.7593093282475268,0.95,step_gap,step_gap,62,79,10,10,53,17,Failure_C (Oracle-vs-Randomized Risk Mismatch)
"Elbow (r=10, eta=0.01)",11,0.9448523912966853,0.7543264371035736,0.95,step_gap,step_gap,61,79,10,10,53,17,Failure_C (Oracle-vs-Randomized Risk Mismatch)
"Elbow (r=10, eta=0.01)",12,0.9398849396888675,0.7322119430985028,0.95,step_gap,step_gap,61,79,10,10,53,17,Failure_C (Oracle-vs-Randomized Risk Mismatch)
"Elbow (r=10, eta=0.01)",13,0.9547926418746555,0.7639904482997262,0.95,step_gap,step_gap,61,79,10,10,53,17,Failure_C (Oracle-vs-Randomized Risk Mismatch)
"Elbow (r=10, eta=0.01)",14,0.9341153237000104,0.7214652867474185,0.95,step_gap,step_gap,61,79,10,10,53,17,Failure_C (Oracle-vs-Randomized Risk Mismatch)
"Elbow (r=10, eta=0.01)",15,0.9490408060353476,0.7560918208728278,0.95,step_gap,step_gap,61,79,10,10,53,17,Failure_C (Oracle-vs-Randomized Risk Mismatch)
"Elbow (r=10, eta=0.01)",16,0.9276380095207639,0.7287614915806555,0.95,step_gap,step_gap,62,79,10,10,53,17,Failure_C (Oracle-vs-Randomized Risk Mismatch)
"Elbow (r=10, eta=0.01)",17,0.9590330799199382,0.7779164688557391,0.95,step_gap,step_gap,61,79,10,10,53,17,Failure_C (Oracle-vs-Randomized Risk Mismatch)
"Elbow (r=10, eta=0.01)",18,0.9472926148961798,0.7529239644362757,0.95,step_gap,step_gap,61,79,10,10,53,17,Failure_C (Oracle-vs-Randomized Risk Mismatch)
"Elbow (r=10, eta=0.01)",19,0.9510957198012194,0.7616697478910122,0.95,step_gap,step_gap,61,79,10,10,53,17,Failure_C (Oracle-vs-Randomized Risk Mismatch)
"Elbow (r=10, eta=0.01)",20,0.9464812122313951,0.754631718373547,0.95,step_gap,step_gap,62,79,10,10,53,17,Failure_C (Oracle-vs-Randomized Risk Mismatch)
"Elbow (r=10, eta=0.01)",21,0.9513717137830743,0.7583738387930955,0.95,step_gap,step_gap,61,79,10,10,53,17,Failure_C (Oracle-vs-Randomized Risk Mismatch)
"Elbow (r=10, eta=0.01)",22,0.9394395670732861,0.738513897884479,0.95,step_gap,step_gap,61,79,10,10,53,17,Failure_C (Oracle-vs-Randomized Risk Mismatch)
"Elbow (r=10, eta=0.01)",23,0.9393281740352113,0.7359156921823125,0.95,step_gap,step_gap,61,79,10,10,53,17,Failure_C (Oracle-vs-Randomized Risk Mismatch)
"Elbow (r=10, eta=0.01)",24,0.9423299431608662,0.7399623886670865,0.95,step_gap,step_gap,61,79,10,10,53,17,Failure_C (Oracle-vs-Randomized Risk Mismatch)
"Elbow (r=10, eta=0.01)",25,0.9548977297551084,0.7727119689166119,0.95,step_gap,step_gap,61,79,10,10,53,17,Failure_C (Oracle-vs-Randomized Risk Mismatch)
"Elbow (r=10, eta=0.01)",26,0.9342217908573482,0.7255632616028769,0.95,step_gap,step_gap,61,79,10,10,53,17,Failure_C (Oracle-vs-Randomized Risk Mismatch)
"Elbow (r=10, eta=0.01)",27,0.9614865652811136,0.7828623092410363,0.95,step_gap,step_gap,61,79,10,10,53,17,Failure_C (Oracle-vs-Randomized Risk Mismatch)
"Elbow (r=10, eta=0.01)",28,0.9378077836951375,0.732183269278824,0.95,step_gap,step_gap,61,79,10,10,53,17,Failure_C (Oracle-vs-Randomized Risk Mismatch)
"Elbow (r=10, eta=0.01)",29,0.9307261332775493,0.7139761652677616,0.95,step_gap,step_gap,61,79,10,10,53,17,Failure_C (Oracle-vs-Randomized Risk Mismatch)
"Elbow (r=10, eta=0.01)",30,0.9640156489500601,0.7848199004570476,0.95,step_gap,step_gap,61,79,10,10,53,17,Failure_C (Oracle-vs-Randomized Risk Mismatch)
"Elbow (r=10, eta=0.01)",31,0.9444766697974335,0.7547211218234826,0.95,step_gap,step_gap,62,79,10,10,53,17,Failure_C (Oracle-vs-Randomized Risk Mismatch)
"Elbow (r=10, eta=0.01)",32,0.9608615961633394,0.7784289837423557,0.95,step_gap,step_gap,61,79,10,10,53,17,Failure_C (Oracle-vs-Randomized Risk Mismatch)
"Elbow (r=10, eta=0.01)",33,0.9248191190422378,0.7121761115968419,0.95,step_gap,step_gap,61,79,10,10,53,17,Failure_C (Oracle-vs-Randomized Risk Mismatch)
"Elbow (r=10, eta=0.01)",34,0.9494444613080473,0.7703859969305493,0.95,step_gap,step_gap,62,79,10,10,53,17,Failure_C (Oracle-vs-Randomized Risk Mismatch)
"Elbow (r=10, eta=0.01)",35,0.9362319151430242,0.7293752096949173,0.95,step_gap,step_gap,61,79,10,10,53,17,Failure_C (Oracle-vs-Randomized Risk Mismatch)
"Elbow (r=10, eta=0.01)",36,0.9280896607946028,0.7277240283260535,0.95,step_gap,step_gap,62,79,10,10,53,17,Failure_C (Oracle-vs-Randomized Risk Mismatch)
"Elbow (r=10, eta=0.01)",37,0.9390147771868119,0.7363350718395192,0.95,step_gap,step_gap,61,79,10,10,53,17,Failure_C (Oracle-vs-Randomized Risk Mismatch)
"Elbow (r=10, eta=0.01)",38,0.9509341175732776,0.7673065002938848,0.95,step_gap,step_gap,61,79,10,10,53,17,Failure_C (Oracle-vs-Randomized Risk Mismatch)
"Elbow (r=10, eta=0.01)",39,0.9258250421329567,0.718318807120145,0.95,step_gap,step_gap,61,79,10,10,53,17,Failure_C (Oracle-vs-Randomized Risk Mismatch)
"Elbow (r=10, eta=0.01)",40,0.9524606385568974,0.7695695632924868,0.95,step_gap,step_gap,62,79,10,10,53,17,Failure_C (Oracle-vs-Randomized Risk Mismatch)
"Elbow (r=10, eta=0.01)",41,0.9630307464335743,0.7934521381868365,0.95,step_gap,step_gap,62,79,10,10,53,17,Failure_C (Oracle-vs-Randomized Risk Mismatch)
"Elbow (r=10, eta=0.01)",42,0.9534656503360698,0.7619219320831437,0.95,step_gap,step_gap,61,79,10,10,53,17,Failure_C (Oracle-vs-Randomized Risk Mismatch)
"Elbow (r=10, eta=0.01)",43,0.9486691146195457,0.7563586143455696,0.95,step_gap,step_gap,61,79,10,10,53,17,Failure_C (Oracle-vs-Randomized Risk Mismatch)
"Elbow (r=10, eta=0.01)",44,0.9366215680033052,0.729217675109189,0.95,step_gap,step_gap,61,79,10,10,53,17,Failure_C (Oracle-vs-Randomized Risk Mismatch)
"Elbow (r=10, eta=0.01)",45,0.9420455816427039,0.7417691080521549,0.95,step_gap,step_gap,61,79,10,10,53,17,Failure_C (Oracle-vs-Randomized Risk Mismatch)
"Elbow (r=10, eta=0.01)",46,0.946404408066061,0.7503437911953094,0.95,step_gap,step_gap,61,79,10,10,53,17,Failure_C (Oracle-vs-Randomized Risk Mismatch)
"Elbow (r=10, eta=0.01)",47,0.9411761442754684,0.7464018380493677,0.95,step_gap,step_gap,61,79,10,10,53,17,Failure_C (Oracle-vs-Randomized Risk Mismatch)
"Elbow (r=10, eta=0.01)",48,0.9387771087298369,0.7370301861283335,0.95,step_gap,step_gap,61,79,10,10,53,17,Failure_C (Oracle-vs-Randomized Risk Mismatch)
"Elbow (r=10, eta=0.01)",49,0.956213970190449,0.7820642438605268,0.95,step_gap,step_gap,61,79,10,10,53,17,Failure_C (Oracle-vs-Randomized Risk Mismatch)
"Elbow (r=10, eta=0.01)",50,0.9476118404109751,0.758884541544788,0.95,step_gap,step_gap,61,79,10,10,53,17,Failure_C (Oracle-vs-Randomized Risk Mismatch)
"Elbow (r=10, eta=0.01)",51,0.9522951733906896,0.7671008408302629,0.95,step_gap,step_gap,61,79,10,10,53,17,Failure_C (Oracle-vs-Randomized Risk Mismatch)
"Elbow (r=10, eta=0.01)",52,0.9587162989856888,0.7756529268743754,0.95,step_gap,step_gap,61,79,10,10,53,17,Failure_C (Oracle-vs-Randomized Risk Mismatch)
"Elbow (r=10, eta=0.01)",53,0.9256397109612312,0.7099531915453295,0.95,step_gap,step_gap,61,79,10,10,53,17,Failure_C (Oracle-vs-Randomized Risk Mismatch)
"Elbow (r=10, eta=0.01)",54,0.9622700207116346,0.7841656279582065,0.95,step_gap,step_gap,61,79,10,10,53,17,Failure_C (Oracle-vs-Randomized Risk Mismatch)
"Elbow (r=10, eta=0.01)",55,0.9611321788407134,0.79204641485417,0.95,step_gap,step_gap,62,79,10,10,53,17,Failure_C (Oracle-vs-Randomized Risk Mismatch)
"Elbow (r=10, eta=0.01)",56,0.9490210839255473,0.7596398902718025,0.95,step_gap,step_gap,62,79,10,10,53,17,Failure_C (Oracle-vs-Randomized Risk Mismatch)
"Elbow (r=10, eta=0.01)",57,0.9573251848441613,0.7764120407162444,0.95,step_gap,step_gap,62,79,10,10,53,17,Failure_C (Oracle-vs-Randomized Risk Mismatch)
"Elbow (r=10, eta=0.01)",58,0.9453320292732716,0.7471278911115702,0.95,step_gap,step_gap,61,79,10,10,53,17,Failure_C (Oracle-vs-Randomized Risk Mismatch)
"Elbow (r=10, eta=0.01)",59,0.9248283217036496,0.704249918658775,0.95,step_gap,step_gap,61,79,10,10,53,17,Failure_C (Oracle-vs-Randomized Risk Mismatch)
"Elbow (r=10, eta=0.01)",60,0.9439918257234826,0.7450361446419487,0.95,step_gap,step_gap,61,79,10,10,53,17,Failure_C (Oracle-vs-Randomized Risk Mismatch)
"Elbow (r=10, eta=0.01)",61,0.9580434789650254,0.7753253417810916,0.95,step_gap,step_gap,61,79,10,10,53,17,Failure_C (Oracle-vs-Randomized Risk Mismatch)
"Elbow (r=10, eta=0.01)",62,0.9427806051979595,0.7552524980344113,0.95,step_gap,step_gap,62,79,10,10,53,17,Failure_C (Oracle-vs-Randomized Risk Mismatch)
"Elbow (r=10, eta=0.01)",63,0.947905454583561,0.7579151904305192,0.95,step_gap,step_gap,61,79,10,10,53,17,Failure_C (Oracle-vs-Randomized Risk Mismatch)
"Elbow (r=10, eta=0.01)",64,0.9571018220499904,0.7729243613181103,0.95,step_gap,step_gap,61,79,10,10,53,17,Failure_C (Oracle-vs-Randomized Risk Mismatch)
"Elbow (r=10, eta=0.01)",65,0.9322636397176142,0.7272725250928953,0.95,step_gap,step_gap,61,79,10,10,53,17,Failure_C (Oracle-vs-Randomized Risk Mismatch)
"Elbow (r=10, eta=0.01)",66,0.9481223354293682,0.755263760190543,0.95,step_gap,step_gap,61,79,10,10,53,17,Failure_C (Oracle-vs-Randomized Risk Mismatch)
"Elbow (r=10, eta=0.01)",67,0.949315643438181,0.7433858546631245,0.95,step_gap,step_gap,61,79,10,10,53,17,Failure_C (Oracle-vs-Randomized Risk Mismatch)
"Elbow (r=10, eta=0.01)",68,0.95800683732947,0.7811096900993287,0.95,step_gap,step_gap,61,79,10,10,53,17,Failure_C (Oracle-vs-Randomized Risk Mismatch)
"Elbow (r=10, eta=0.01)",69,0.9405214768338758,0.7384541093438031,0.95,step_gap,step_gap,61,79,10,10,53,17,Failure_C (Oracle-vs-Randomized Risk Mismatch)
"Elbow (r=10, eta=0.01)",70,0.9526637847813859,0.7761114231327674,0.95,step_gap,step_gap,62,79,10,10,53,17,Failure_C (Oracle-vs-Randomized Risk Mismatch)
"Elbow (r=10, eta=0.01)",71,0.9378643245866446,0.7312940997203163,0.95,step_gap,step_gap,61,79,10,10,53,17,Failure_C (Oracle-vs-Randomized Risk Mismatch)
"Elbow (r=10, eta=0.01)",72,0.9213116814632032,0.710899150881836,0.95,step_gap,step_gap,61,79,10,10,53,17,Failure_C (Oracle-vs-Randomized Risk Mismatch)
"Elbow (r=10, eta=0.01)",73,0.950471372719639,0.7680358769184127,0.95,step_gap,step_gap,62,79,10,10,53,17,Failure_C (Oracle-vs-Randomized Risk Mismatch)
"Elbow (r=10, eta=0.01)",74,0.9308438981596936,0.7285677812070877,0.95,step_gap,step_gap,61,79,10,10,53,17,Failure_C (Oracle-vs-Randomized Risk Mismatch)
"Elbow (r=10, eta=0.01)",75,0.9470613186337247,0.7524740690397855,0.95,step_gap,step_gap,61,79,10,10,53,17,Failure_C (Oracle-vs-Randomized Risk Mismatch)
"Elbow (r=10, eta=0.01)",76,0.9308413803360743,0.7329481566231901,0.95,step_gap,step_gap,62,79,10,10,53,17,Failure_C (Oracle-vs-Randomized Risk Mismatch)
"Elbow (r=10, eta=0.01)",77,0.9386176516339655,0.7444028280295496,0.95,step_gap,step_gap,62,79,10,10,53,17,Failure_C (Oracle-vs-Randomized Risk Mismatch)
"Elbow (r=10, eta=0.01)",78,0.943593687579356,0.7560048279161542,0.95,step_gap,step_gap,61,79,10,10,53,17,Failure_C (Oracle-vs-Randomized Risk Mismatch)
"Elbow (r=10, eta=0.01)",79,0.9635975482824484,0.7905640250004127,0.95,step_gap,step_gap,62,79,10,10,53,17,Failure_C (Oracle-vs-Randomized Risk Mismatch)
"Elbow (r=10, eta=0.01)",80,0.9400815041993361,0.7386844463782855,0.95,step_gap,step_gap,61,79,10,10,53,17,Failure_C (Oracle-vs-Randomized Risk Mismatch)
"Elbow (r=10, eta=0.01)",81,0.9469080797788014,0.7576606794539128,0.95,step_gap,step_gap,62,79,10,10,53,17,Failure_C (Oracle-vs-Randomized Risk Mismatch)
"Elbow (r=10, eta=0.01)",82,0.9542611634375736,0.7716274726503238,0.95,step_gap,step_gap,62,79,10,10,53,17,Failure_C (Oracle-vs-Randomized Risk Mismatch)
"Elbow (r=10, eta=0.01)",83,0.9228596886895277,0.7223205087854041,0.95,step_gap,step_gap,61,79,10,10,53,17,Failure_C (Oracle-vs-Randomized Risk Mismatch)
"Elbow (r=10, eta=0.01)",84,0.9509724149023769,0.7684061834962798,0.95,step_gap,step_gap,62,79,10,10,53,17,Failure_C (Oracle-vs-Randomized Risk Mismatch)
"Elbow (r=10, eta=0.01)",85,0.9427637348017734,0.7428082325049525,0.95,step_gap,step_gap,61,79,10,10,53,17,Failure_C (Oracle-vs-Randomized Risk Mismatch)
"Elbow (r=10, eta=0.01)",86,0.9349410146762833,0.7286319914238395,0.95,step_gap,step_gap,61,79,10,10,53,17,Failure_C (Oracle-vs-Randomized Risk Mismatch)
"Elbow (r=10, eta=0.01)",87,0.9371918173254918,0.7438951837072141,0.95,step_gap,step_gap,62,79,10,10,53,17,Failure_C (Oracle-vs-Randomized Risk Mismatch)
"Elbow (r=10, eta=0.01)",88,0.9505488252809604,0.7648059979625106,0.95,step_gap,step_gap,62,79,10,10,53,17,Failure_C (Oracle-vs-Randomized Risk Mismatch)
"Elbow (r=10, eta=0.01)",89,0.9556057500474258,0.7720620172275768,0.95,step_gap,step_gap,61,79,10,10,53,17,Failure_C (Oracle-vs-Randomized Risk Mismatch)
"Elbow (r=10, eta=0.01)",90,0.9371767517510339,0.723101435312629,0.95,step_gap,step_gap,61,79,10,10,53,17,Failure_C (Oracle-vs-Randomized Risk Mismatch)
"Elbow (r=10, eta=0.01)",91,0.9411708403012542,0.7406780465857541,0.95,step_gap,step_gap,61,79,10,10,53,17,Failure_C (Oracle-vs-Randomized Risk Mismatch)
"Elbow (r=10, eta=0.01)",92,0.9397710218982223,0.7326726204205062,0.95,step_gap,step_gap,61,79,10,10,53,17,Failure_C (Oracle-vs-Randomized Risk Mismatch)
"Elbow (r=10, eta=0.01)",93,0.9385928520420445,0.7355811604672967,0.95,step_gap,step_gap,61,79,10,10,53,17,Failure_C (Oracle-vs-Randomized Risk Mismatch)
"Elbow (r=10, eta=0.01)",94,0.952500010119513,0.7739297426547002,0.95,step_gap,step_gap,62,79,10,10,53,17,Failure_C (Oracle-vs-Randomized Risk Mismatch)
"Elbow (r=10, eta=0.01)",95,0.9610105372770404,0.7834562564451011,0.95,step_gap,step_gap,61,79,10,10,53,17,Failure_C (Oracle-vs-Randomized Risk Mismatch)
"Elbow (r=10, eta=0.01)",96,0.9423806026690453,0.7375256708460471,0.95,step_gap,step_gap,61,79,10,10,53,17,Failure_C (Oracle-vs-Randomized Risk Mismatch)
"Elbow (r=10, eta=0.01)",97,0.9464917019605884,0.7528079985860163,0.95,step_gap,step_gap,61,79,10,10,53,17,Failure_C (Oracle-vs-Randomized Risk Mismatch)
"Elbow (r=10, eta=0.01)",98,0.9544777721791095,0.7685864373567557,0.95,step_gap,step_gap,61,79,10,10,53,17,Failure_C (Oracle-vs-Randomized Risk Mismatch)
"Elbow (r=10, eta=0.01)",99,0.9377229515069356,0.7320147373418082,0.95,step_gap,step_gap,61,79,10,10,53,17,Failure_C (Oracle-vs-Randomized Risk Mismatch)
