eta,budget,s,pair,step_rank,scope,eligible_paths,true_better_paths,true_worse_paths,truth_tie_paths,covariance_contribution,pairing_variance_ratio,shifted_variance_ratio,dangerous_error_q95,dangerous_error_q99,zero_radius_accept_probability,batch_pairing_ratio_std
1e-10,80,4,left,5,rank,200,0,200,0,1.835521136620974e-20,1.0,1.0,0.029672595370182728,0.0300208067636364,0.0,0.0
1e-10,80,4,left,15,rank,200,0,200,0,1.8173974105851985e-20,1.0,1.0,0.04258191880372173,0.04306698959609975,0.0,0.0
1e-10,80,4,left,30,rank,200,0,200,0,1.4723940141521318e-20,1.0,1.0,0.12244824358251083,0.12383335795932408,0.0,0.0
1e-10,80,4,primary,5,rank,200,0,200,0,0.8428426874172049,0.15715731258279506,1.0002866966440884,8.725385593497377e-22,1.3503005223976606e-21,0.2798,0.07882435950080388
1e-10,80,4,primary,15,rank,200,0,200,0,0.9269818252742238,0.07301817472577626,1.0027256213258708,2.3408400573893254e-21,3.7269957358821004e-21,0.22039999999999998,0.03307473622684189
1e-10,80,4,primary,30,rank,200,0,200,0,0.898551938466114,0.1014480615338861,1.000256656327212,1.3569578954607668e-20,1.7407155645443022e-20,0.05857500000000001,0.023547752841162603
1e-10,80,4,right,5,rank,200,0,200,0,0.856509177666724,0.14349082233327612,0.9996503882139132,9.911515254061668e-22,1.5320618583023284e-21,0.276225,0.06978053294747323
1e-10,80,4,right,15,rank,200,0,200,0,0.9270471056524405,0.07295289434755955,1.0025806342568726,2.53480019811815e-21,4.013636699939552e-21,0.20980000000000001,0.0313777501523867
1e-10,80,4,right,30,rank,200,0,200,0,0.8833031210713225,0.11669687892867757,1.0021029617224626,1.7466593898964685e-20,2.2009087339653894e-20,0.04835,0.02375532979962734
1e-10,80,8,left,5,rank,200,0,200,0,1.7372748334540112e-20,1.0,1.0,0.029742479979926316,0.03111888689813672,0.0,0.0
1e-10,80,8,left,15,rank,200,0,200,0,1.5258366053043544e-20,1.0,1.0,0.04403412317679379,0.0459966161678393,0.0,0.0
1e-10,80,8,left,30,rank,200,0,200,0,1.0783874028378752e-20,1.0,1.0,0.15410156114457846,0.1609130722181419,0.0,0.0
1e-10,80,8,primary,5,rank,200,0,200,0,0.8326314877223769,0.16736851227762306,0.9986879785196802,6.780706887368935e-22,8.739230471181213e-22,0.11842500000000002,0.0650175681244873
1e-10,80,8,primary,15,rank,200,0,200,0,0.9094123332806743,0.09058766671932564,1.0104416494834214,1.95832656470445e-21,2.6392461102703113e-21,0.0574,0.02895687730274723
1e-10,80,8,primary,30,rank,200,0,200,0,0.760456077028567,0.23954392297143315,0.9960624220691924,2.173814691557283e-20,2.558230560576963e-20,0.00085,0.022099932905674528
1e-10,80,8,right,5,rank,200,0,200,0,0.8466606174752777,0.15333938252472246,0.9969046011201678,7.657832677368688e-22,1.0075873499265511e-21,0.11470000000000001,0.06152589131311273
1e-10,80,8,right,15,rank,200,0,200,0,0.9086590323803907,0.09134096761960933,1.0119576699115709,2.1867046096947126e-21,2.8805802404017656e-21,0.053925,0.0267050034185132
1e-10,80,8,right,30,rank,200,0,200,0,0.7049895092499102,0.2950104907500898,0.9977486571802189,3.045423680075799e-20,3.5850748747672317e-20,0.0005,0.023153086273814374
1e-10,80,16,left,5,rank,200,0,200,0,1.5300921274795937e-20,1.0,1.0,0.03040513470489068,0.03320671754486216,0.0,0.0
1e-10,80,16,left,15,rank,200,0,200,0,1.2438041840407914e-20,1.0,1.0,0.04827592434863018,0.05282284115377103,0.0,0.0
1e-10,80,16,left,30,rank,200,0,200,0,3.68176106031679e-21,1.0,1.0,0.4099336548765606,0.448537834869267,0.0,0.0
1e-10,80,16,primary,5,rank,200,0,200,0,0.7905234689365411,0.2094765310634588,1.003873517645555,6.696578521574293e-22,7.987947655551654e-22,0.00515,0.05636727010878987
1e-10,80,16,primary,15,rank,200,0,200,0,0.8364691255337943,0.16353087446620596,1.0050511132411493,2.4073071948557116e-21,2.9548201155446792e-21,0.000625,0.027110646729224922
1e-10,80,16,primary,30,rank,200,0,200,0,0.1867034557356473,0.8132965442643527,0.9989831949086495,1.3816306768106032e-19,1.6908880395965953e-19,0.0,0.00663658591395754
1e-10,80,16,right,5,rank,200,0,200,0,0.8073903021674513,0.19260969783254872,0.9980089627937448,7.71635293853246e-22,9.267036459606678e-22,0.0046,0.05515431466241718
1e-10,80,16,right,15,rank,200,0,200,0,0.8319567021681923,0.1680432978318078,1.0066389907120035,2.7326946292237688e-21,3.3815455067512246e-21,0.00030000000000000003,0.02606322095054719
1e-10,80,32,left,5,rank,200,0,200,0,1.045689695205739e-20,1.0,1.0,0.036272046072159225,0.041458978023516106,0.0,0.0
1e-10,80,32,left,15,rank,200,0,200,0,6.308257211067871e-21,1.0,1.0,0.07667874604213526,0.08734598389349109,0.0,0.0
1e-10,80,32,primary,5,rank,200,0,200,0,0.6485295731404191,0.35147042685958074,1.0078992330468273,9.519149914685387e-22,1.160460827921277e-21,0.0,0.048039620891945335
1e-10,80,32,primary,15,rank,200,0,200,0,0.5254697775148057,0.47453022248519433,0.9963117586705326,5.585676034356574e-21,7.0621801826035e-21,0.0,0.02152484852981927
1e-10,80,32,right,5,rank,200,0,200,0,0.6574770671623037,0.3425229328376964,1.0032304031953685,1.1239446484700525e-21,1.3902013341708325e-21,0.0,0.04584612562639037
1e-10,80,32,right,15,rank,200,0,200,0,0.4870857466821494,0.5129142533178507,1.000578733346362,7.001868841067606e-21,8.832660884546962e-21,0.0,0.020175230791733934
1e-10,160,4,left,5,rank,200,0,200,0,1.894851112754177e-20,1.0,1.0,0.013413639002959317,0.013571049632876728,0.0,0.0
1e-10,160,4,left,15,rank,200,0,200,0,1.9146494459342392e-20,1.0,1.0,0.015545779880723807,0.015722869217623718,0.0,0.0
1e-10,160,4,left,30,rank,200,0,200,0,1.7668728169825583e-20,1.0,1.0,0.020408040597085137,0.020638892993220682,0.0,0.0
1e-10,160,4,primary,5,rank,200,0,200,0,0.8507389173650965,0.14926108263490356,1.0002872918428578,4.013443646343677e-22,6.346444542254975e-22,0.33882499999999993,0.07674603776588172
1e-10,160,4,primary,15,rank,200,1,199,0,0.9372177121354174,0.0627822878645825,1.0027513912508617,8.62925469991098e-22,1.4287204352797002e-21,0.33814999999999995,0.030817045685268222
1e-10,160,4,primary,30,rank,200,0,200,0,0.9623411849625784,0.0376588150374216,1.0001829140180911,1.589905704554827e-21,2.7218841162129748e-21,0.292925,0.016932633540067618
1e-10,160,4,right,5,rank,200,0,200,0,0.8645533905440135,0.13544660945598647,0.9996802154670169,4.509013533024706e-22,7.1306797927313685e-22,0.34102499999999997,0.06733028283438144
1e-10,160,4,right,15,rank,200,0,200,0,0.9383120345375144,0.06168796546248558,1.0025954440079263,9.024140259187724e-22,1.494838942919635e-21,0.333225,0.02887441625167935
1e-10,160,4,right,30,rank,200,0,200,0,0.9628278589374297,0.0371721410625703,1.0022926699965597,1.6976556351355744e-21,2.9232289244054074e-21,0.287925,0.016669367920797876
1e-10,160,8,left,5,rank,200,0,200,0,1.8568292305949323e-20,1.0,1.0,0.012986153230672055,0.013587119631580822,0.0,0.0
1e-10,160,8,left,15,rank,200,0,200,0,1.704689247684352e-20,1.0,1.0,0.015159288306765073,0.015834900647944673,0.0,0.0
1e-10,160,8,left,30,rank,200,0,200,0,1.6535273510180755e-20,1.0,1.0,0.02010020362755371,0.02098866159367068,0.0,0.0
1e-10,160,8,primary,5,rank,200,0,200,0,0.8498602630087285,0.15013973699127156,0.9986230710894382,2.8925676022827297e-22,3.907506009516715e-22,0.21072499999999997,0.06211717633817315
1e-10,160,8,primary,15,rank,200,0,200,0,0.9353601102789534,0.06463988972104667,1.0107832392065128,6.070687880673063e-22,8.85651069091765e-22,0.204375,0.025856567699747673
1e-10,160,8,primary,30,rank,200,0,200,0,0.9581782942286479,0.04182170577135211,0.9950479313779297,1.1839519260034304e-21,1.763999466637348e-21,0.13785,0.014134191195970898
1e-10,160,8,right,5,rank,200,0,200,0,0.8637820026392952,0.13621799736070483,0.9968453571066508,3.221418450304324e-22,4.449405519163138e-22,0.2193,0.05820079576201173
1e-10,160,8,right,15,rank,200,0,200,0,0.9373421467385877,0.0626578532614123,1.0122896681907292,6.392095840089991e-22,9.292213443245975e-22,0.203925,0.022876518372582425
1e-10,160,8,right,30,rank,200,0,200,0,0.9587430406636558,0.04125695933634429,0.9968524540615146,1.2390323299557992e-21,1.8637841424059995e-21,0.13237500000000002,0.014202900626727416
1e-10,160,16,left,5,rank,200,0,200,0,1.7718844636738998e-20,1.0,1.0,0.012252815478090272,0.013381811547929523,0.0,0.0
1e-10,160,16,left,15,rank,200,0,200,0,1.6040008708218348e-20,1.0,1.0,0.014398082700468646,0.01575418069498434,0.0,0.0
1e-10,160,16,left,30,rank,200,0,200,0,1.546339645333052e-20,1.0,1.0,0.019520650232217166,0.021358944517584143,0.0,0.0
1e-10,160,16,primary,5,rank,200,0,200,0,0.8364546376047518,0.16354536239524833,1.0040302384325137,2.3884475381583505e-22,2.9593148964891933e-22,0.05415000000000001,0.05326630191516925
1e-10,160,16,primary,15,rank,200,0,200,0,0.9236423733547905,0.07635762664520945,1.005556949869105,5.000288201515655e-22,6.621173873761005e-22,0.042550000000000004,0.02240706949570326
1e-10,160,16,primary,30,rank,200,0,200,0,0.9437052066904538,0.05629479330954622,0.9947985814163275,1.092463444617166e-21,1.4274663296758251e-21,0.011550000000000003,0.01292953771146885
1e-10,160,16,right,5,rank,200,0,200,0,0.8548687433584534,0.1451312566415466,0.997900684845654,2.649036535505702e-22,3.3026040339259697e-22,0.05687500000000001,0.05090719608687049
1e-10,160,16,right,15,rank,200,0,200,0,0.9279148901838522,0.07208510981614788,1.0073928338588853,5.293777787135363e-22,6.88658258300865e-22,0.038175,0.019941972338089045
1e-10,160,16,right,30,rank,200,0,200,0,0.9429710534125568,0.05702894658744318,0.9931867259672846,1.1526974062984652e-21,1.5240021367397974e-21,0.010674999999999999,0.014155696304673877
1e-10,160,32,left,5,rank,200,0,200,0,1.51533278638586e-20,1.0,1.0,0.011680828396119074,0.013351196312657729,0.0,0.0
1e-10,160,32,left,15,rank,200,0,200,0,1.3209598433432721e-20,1.0,1.0,0.014083851313861579,0.016043139898804487,0.0,0.0
1e-10,160,32,left,30,rank,200,0,200,0,1.3087861718761776e-20,1.0,1.0,0.020196402966129328,0.023165795581118545,0.0,0.0
1e-10,160,32,primary,5,rank,200,0,200,0,0.804694230607736,0.19530576939226404,1.0096165430400865,2.297792155886005e-22,2.7879229165922125e-22,0.00017500000000000003,0.04736083894362806
1e-10,160,32,primary,15,rank,200,0,200,0,0.8871214392877357,0.11287856071226425,0.9938329447341759,5.17997063512908e-22,6.52413277133198e-22,0.00065,0.021293187706856256
1e-10,160,32,primary,30,rank,200,0,200,0,0.8800749210517812,0.11992507894821887,1.0000730404808804,1.3862484103751765e-21,1.7673636884840826e-21,0.0,0.014868707517927396
1e-10,160,32,right,5,rank,200,0,200,0,0.823928705425463,0.17607129457453705,1.0041161497383717,2.519010594432147e-22,3.0949618750838177e-22,0.000275,0.04442061463453329
1e-10,160,32,right,15,rank,200,0,200,0,0.888006173513366,0.11199382648663399,1.0009945009081407,5.574834970610086e-22,7.038625931596915e-22,0.000125,0.0207862218290025
1e-10,160,32,right,30,rank,200,0,200,0,0.8765117041161327,0.12348829588386748,0.9993378796076926,1.4805449250446036e-21,1.8754963351658943e-21,0.0,0.015245470401894326
1e-10,240,4,left,5,rank,200,0,200,0,1.9129080620121084e-20,1.0,1.0,0.008665448205451594,0.00876713825840709,0.0,0.0
1e-10,240,4,left,15,rank,200,0,200,0,1.9378046924459158e-20,1.0,1.0,0.009508583810539803,0.009616900589420333,0.0,0.0
1e-10,240,4,left,30,rank,200,0,200,0,1.7995926839637165e-20,1.0,1.0,0.011131658507500983,0.011257577996302191,0.0,0.0
1e-10,240,4,primary,5,rank,200,0,200,0,0.8527103911680743,0.14728960883192574,1.0002873545845568,2.6130252784859338e-22,4.1587300603044005e-22,0.3580249999999999,0.07610158132336883
1e-10,240,4,primary,15,rank,200,1,199,0,0.9387210018997356,0.06127899810026428,1.002754793984364,5.336801899064724e-22,8.907338909894074e-22,0.37565,0.03032827650445384
1e-10,240,4,primary,30,rank,200,0,200,0,0.964428230537903,0.03557176946209695,1.0001739408695802,8.734857584568204e-22,1.5248763322181443e-21,0.35879999999999995,0.016384972687775456
1e-10,240,4,right,5,rank,200,0,200,0,0.8664872122626588,0.13351278773734115,0.9996891836341706,2.926567851366292e-22,4.660697194176441e-22,0.3616,0.06659601001862651
1e-10,240,4,right,15,rank,200,0,200,0,0.9398972533909622,0.06010274660903777,1.002596146987133,5.556474865713597e-22,9.242669293747708e-22,0.37225,0.028350193229408033
1e-10,240,4,right,30,rank,200,0,200,0,0.9649019938194394,0.03509800618056069,1.0022978988517466,9.262332165464828e-22,1.6222620766014342e-21,0.35497500000000004,0.016153486422931244
1e-10,240,8,left,5,rank,200,0,200,0,1.893215351463908e-20,1.0,1.0,0.008306458372772213,0.00869086030488503,0.0,0.0
1e-10,240,8,left,15,rank,200,0,200,0,1.74727321015578e-20,1.0,1.0,0.00915560976943237,0.009563652866580447,0.0,0.0
1e-10,240,8,left,30,rank,200,0,200,0,1.7174317897047642e-20,1.0,1.0,0.01075127170776129,0.011226493410568038,0.0,0.0
1e-10,240,8,primary,5,rank,200,0,200,0,0.8538031552931806,0.14619684470681935,0.9986054858379652,1.8586228192937225e-22,2.540821799651564e-22,0.24795,0.061205695451859866
1e-10,240,8,primary,15,rank,200,0,200,0,0.9386423169196344,0.06135768308036564,1.0108309437710776,3.6847141864663974e-22,5.428956859813805e-22,0.26985,0.02519353882499469
1e-10,240,8,primary,30,rank,200,0,200,0,0.9632143477646992,0.03678565223530091,0.9950228559104924,6.164264466509723e-22,9.60698063306041e-22,0.23630000000000004,0.013292220323627282
1e-10,240,8,right,5,rank,200,0,200,0,0.867483037116094,0.13251696288390596,0.9968330221379539,2.0620618799358309e-22,2.8909356891870763e-22,0.26087499999999997,0.057186949007005126
1e-10,240,8,right,15,rank,200,0,200,0,0.9408029415748794,0.05919705842512046,1.0123251947923186,3.8429031055997823e-22,5.677366620329966e-22,0.27255,0.022108159000315628
1e-10,240,8,right,30,rank,200,0,200,0,0.9640072981489339,0.035992701851066,0.9968274003442161,6.450663484977138e-22,1.0016338911965552e-21,0.231875,0.013199657068709963
1e-10,240,16,left,5,rank,200,0,200,0,1.8454734355591235e-20,1.0,1.0,0.007672323710579892,0.00837926517487176,0.0,0.0
1e-10,240,16,left,15,rank,200,0,200,0,1.6897619867220833e-20,1.0,1.0,0.008460729009553742,0.00925761133622791,0.0,0.0
1e-10,240,16,left,30,rank,200,0,200,0,1.677246705255427e-20,1.0,1.0,0.009998381826257575,0.010939947191933341,0.0,0.0
1e-10,240,16,primary,5,rank,200,0,200,0,0.8456345673792893,0.15436543262071079,1.004054073633404,1.4749441883552004e-22,1.8622208236689207e-22,0.097025,0.0521236200404747
1e-10,240,16,primary,15,rank,200,0,200,0,0.9329893628924251,0.06701063710757497,1.0056085484818091,2.801624885622434e-22,3.824942256029525e-22,0.10625,0.021368306302965365
1e-10,240,16,primary,30,rank,200,0,200,0,0.9593693903311918,0.04063060966880812,0.9947048657430452,4.869092746065686e-22,6.746234494056909e-22,0.06722500000000001,0.011503323763771384
1e-10,240,16,right,5,rank,200,0,200,0,0.8637660956081357,0.13623390439186447,0.9978813888168251,1.621270587696863e-22,2.0654870356392348e-22,0.10415,0.04944404948161287
1e-10,240,16,right,15,rank,200,0,200,0,0.9375340559805555,0.062465944019444455,1.007466918883623,2.9367547069906654e-22,3.9458999513755007e-22,0.102425,0.01861939183316639
1e-10,240,16,right,30,rank,200,0,200,0,0.9595981266344412,0.040401873365558866,0.9930663807074177,5.014814492541366e-22,7.053847146030528e-22,0.06342500000000001,0.012460075859083769
1e-10,240,32,left,5,rank,200,0,200,0,1.6582676402232887e-20,1.0,1.0,0.006961301771424498,0.007956773560068749,0.0,0.0
1e-10,240,32,left,15,rank,200,0,200,0,1.4852774914948162e-20,1.0,1.0,0.007754030498642892,0.008832739944285616,0.0,0.0
1e-10,240,32,left,30,rank,200,0,200,0,1.5825192274319795e-20,1.0,1.0,0.009279428389843204,0.010643743915649062,0.0,0.0
1e-10,240,32,primary,5,rank,200,0,200,0,0.8309725942747704,0.16902740572522956,1.009873647040004,1.282409760952966e-22,1.5666743906822767e-22,0.004125,0.045648506632089136
1e-10,240,32,primary,15,rank,200,0,200,0,0.919340487409646,0.08065951259035398,0.9936229794116781,2.462853308192061e-22,3.1504930672602623e-22,0.0040999999999999995,0.019210278811797207
1e-10,240,32,primary,30,rank,200,0,200,0,0.9410594053086601,0.05894059469134003,1.000061881642627,4.632596503949603e-22,5.991548412799246e-22,0.000425,0.011810262886273697
1e-10,240,32,right,5,rank,200,0,200,0,0.8498626668556262,0.150137333144374,1.0042661220380646,1.3915298965732362e-22,1.7164844521161278e-22,0.004375,0.04242175701140706
1e-10,240,32,right,15,rank,200,0,200,0,0.9217392789779609,0.07826072102203921,1.0010173078875813,2.5748763711805315e-22,3.3395343560336537e-22,0.003025,0.01845360284859586
1e-10,240,32,right,30,rank,200,0,200,0,0.9411698057519348,0.05883019424806521,0.9992616275344933,4.760672004602038e-22,6.22138202474911e-22,0.000475,0.012110272311948786
1e-06,80,4,left,5,rank,200,0,200,0,-7.751695931011671e-10,1.0000000007751697,0.9999999999584513,0.029672536891430026,0.03002074685171066,0.0,1.5606901818198655e-09
1e-06,80,4,left,15,rank,200,0,200,0,1.6877234841523407e-07,0.9999998312276516,0.9999998583405508,0.042581825803818515,0.04306687857492314,0.0,1.4751440216459362e-07
1e-06,80,4,left,30,rank,200,0,200,0,-1.9948996687974515e-11,1.0000000000199492,1.00000000003226,0.1224480214394196,0.12383312360855836,0.0,2.4991469118094602e-11
1e-06,80,4,primary,5,rank,200,11,189,0,0.7974271101281606,0.2025728898718394,1.0009120584482694,3.568526010064333e-10,9.183847207873614e-10,0.315525,0.07948228608091043
1e-06,80,4,primary,15,rank,200,14,186,0,0.870241794084504,0.1297582059154961,1.002022171273097,1.1432239152994007e-07,2.6686766540562344e-07,0.270475,0.040728339450595195
1e-06,80,4,primary,30,rank,200,11,189,0,0.8445382031480275,0.15546179685197242,0.999069083863734,8.149613064966091e-11,2.3444574778235715e-10,0.111425,0.029535423733424368
1e-06,80,4,right,5,rank,200,0,200,0,0.8556408881765116,0.14435911182348835,0.9996119423321872,9.95839827415015e-14,1.5418706517228676e-13,0.2773,0.07021010879130107
1e-06,80,4,right,15,rank,200,0,200,0,0.9225678576840312,0.07743214231596876,1.0026622678873434,2.640520152735085e-13,4.239057025299932e-13,0.21517499999999998,0.03303690073390027
1e-06,80,4,right,30,rank,200,0,200,0,0.8821062650420173,0.11789373495798278,1.0021361960803212,1.7572133789723863e-12,2.2355366043837923e-12,0.0509,0.024203027466580904
1e-06,80,8,left,5,rank,200,0,200,0,-2.8775252719776563e-10,1.0000000002877525,0.9999999991936189,0.029742422463336703,0.031118824976353626,0.0,1.1047127108107057e-09
1e-06,80,8,left,15,rank,200,0,200,0,5.994311109412936e-08,0.9999999400568889,0.999999883773026,0.04403407813927382,0.045996530904564195,0.0,1.105903305076195e-07
1e-06,80,8,left,30,rank,200,0,200,0,-1.6070646378293037e-11,1.0000000000160707,1.0000000000189269,0.15410125980852496,0.16091277019199127,0.0,4.822332188499655e-11
1e-06,80,8,primary,5,rank,200,11,189,0,0.7893361484993429,0.210663851500657,0.9987394218674659,2.9953402539031736e-10,4.825622548130753e-10,0.1679,0.06547487400934549
1e-06,80,8,primary,15,rank,200,12,188,0,0.8558161627233238,0.14418383727667614,1.0103529042034196,9.126466437843663e-08,1.7324597910514555e-07,0.118825,0.033277330853350294
1e-06,80,8,primary,30,rank,200,9,191,0,0.7168080344489292,0.2831919655510707,0.9936757216244478,7.89116532129238e-11,1.8695518045813215e-10,0.04415,0.026626191565266355
1e-06,80,8,right,5,rank,200,0,200,0,0.8458065571824767,0.15419344281752323,0.9967937880771632,7.689402570405024e-14,1.0139834371525323e-13,0.11622500000000001,0.061855817587017387
1e-06,80,8,right,15,rank,200,0,200,0,0.9049894006573919,0.09501059934260817,1.011763282820821,2.2471900927360346e-13,3.005677203887236e-13,0.060075,0.027853649159455582
1e-06,80,8,right,30,rank,200,0,200,0,0.7041012032293318,0.2958987967706681,0.997929161371271,3.05119022437296e-12,3.5925682504914993e-12,0.0006,0.023641271256015985
1e-06,80,16,left,5,rank,200,0,200,0,-4.3228008139805375e-10,1.0000000004322802,0.9999999999489201,0.0304050772281368,0.03320665148227225,0.0,3.1330743647539943e-10
1e-06,80,16,left,15,rank,200,0,200,0,1.1870191093069103e-08,0.999999988129809,0.9999999144044157,0.0482758131584064,0.05282272532118583,0.0,1.2102403230859167e-07
1e-06,80,16,left,30,rank,200,0,200,0,1.2487390704409858e-11,0.9999999999875127,1.00000000000453,0.40993285483424347,0.44853695135465155,0.0,1.4123462032481737e-11
1e-06,80,16,primary,5,rank,200,11,189,0,0.7520495359943676,0.24795046400563236,1.0027226920012415,2.0059841249590005e-10,3.556488284328781e-10,0.05582500000000001,0.05710283172730182
1e-06,80,16,primary,15,rank,200,8,192,0,0.7888584254152081,0.21114157458479185,1.0023788459768235,5.333161255356435e-08,9.241240177473701e-08,0.0473,0.031490926652377856
1e-06,80,16,primary,30,rank,200,4,196,0,0.18124457268848448,0.8187554273115155,1.0009737355132535,6.20569188840196e-11,1.4623326667403997e-10,0.02045,0.01007968964419529
1e-06,80,16,right,5,rank,200,0,200,0,0.8066380274589574,0.19336197254104262,0.9979099525002729,7.733795633780385e-14,9.295784939013917e-14,0.00485,0.05544737335086872
1e-06,80,16,right,15,rank,200,0,200,0,0.82893655536482,0.17106344463518,1.0062508016042666,2.7628613895768017e-13,3.427564950380283e-13,0.0011,0.027043685957091123
1e-06,80,32,left,5,rank,200,0,200,0,-1.9765789189117373e-10,1.000000000197658,1.0000000000533436,0.03627197260023095,0.04145889827855633,0.0,4.3655756066591144e-10
1e-06,80,32,left,15,rank,200,0,200,0,-2.2529245693675668e-08,1.0000000225292456,0.9999999718358649,0.07667860283877324,0.08734580412172116,0.0,1.0409766982590015e-07
1e-06,80,32,primary,5,rank,200,8,192,0,0.6211671982423423,0.3788328017576576,1.0085217691508965,1.785055211869348e-10,2.2201961496138343e-10,0.041375,0.049289442672142025
1e-06,80,32,primary,15,rank,200,7,193,0,0.500416725431637,0.499583274568363,0.994098937958708,4.325551501301635e-08,6.201972723188342e-08,0.034300000000000004,0.02518495437084356
1e-06,80,32,right,5,rank,200,0,200,0,0.6569019467640406,0.3430980532359594,1.0032014655524324,1.1246181304525262e-13,1.391457660367205e-13,0.0,0.04605497049824594
1e-06,80,32,right,15,rank,200,0,200,0,0.4856540192756343,0.5143459807243658,1.0004674178807136,7.011970116663128e-13,8.847455642860172e-13,0.0,0.02095337257644723
1e-06,160,4,left,5,rank,200,0,200,0,-8.002255799488375e-10,1.0000000008002257,0.9999999999571082,0.013413612565631729,0.013571022548373493,0.0,1.6111367323311654e-09
1e-06,160,4,left,15,rank,200,0,200,0,1.7780364394671745e-07,0.999999822196356,0.9999998507601127,0.015545745695536605,0.015722828127067528,0.0,1.5540814811871245e-07
1e-06,160,4,left,30,rank,200,0,200,0,-2.3938796025569387e-11,1.0000000000239389,1.0000000000387121,0.02040800357290445,0.020638853936403107,0.0,2.998976603576605e-11
1e-06,160,4,primary,5,rank,200,12,188,0,0.8045763263261179,0.19542367367388208,1.000899728773176,1.6653067449339062e-10,4.285802885982181e-10,0.37042500000000006,0.0775656318241677
1e-06,160,4,primary,15,rank,200,16,184,0,0.8790989073719555,0.12090109262804458,1.002027331021397,4.397014756274117e-08,1.0264140994234287e-07,0.379825,0.03876773187758414
1e-06,160,4,primary,30,rank,200,16,184,0,0.901812201421937,0.09818779857806302,0.9988272987856539,1.6204312604383373e-11,4.682159858250986e-11,0.340075,0.023616399137012623
1e-06,160,4,right,5,rank,200,0,200,0,0.8636724834918279,0.13632751650817215,0.9996417747622509,4.533425024850903e-14,7.176942445341162e-14,0.3416499999999999,0.06776695650962042
1e-06,160,4,right,15,rank,200,1,199,0,0.9336419063874394,0.06635809361256055,1.0026804296706835,9.430199312894693e-14,1.5781527320471104e-13,0.33777500000000005,0.030600974712994503
1e-06,160,4,right,30,rank,200,0,200,0,0.9613940391762859,0.038605960823714175,1.002329084622087,1.741249713220236e-13,3.0068398330114303e-13,0.2919,0.01713618502291297
1e-06,160,8,left,5,rank,200,0,200,0,-3.0755485165004234e-10,1.0000000003075549,0.9999999991381262,0.012986128116151279,0.013587092591822664,0.0,1.1807359613264116e-09
1e-06,160,8,left,15,rank,200,0,200,0,6.696940939394585e-08,0.9999999330305905,0.9999998701493523,0.01515927420902616,0.015834871482335585,0.0,1.2355329876634728e-07
1e-06,160,8,left,30,rank,200,0,200,0,-2.4641657780049272e-11,1.0000000000246416,1.0000000000290212,0.020100164329270663,0.02098862220075816,0.0,7.394241336089613e-11
1e-06,160,8,primary,5,rank,200,11,189,0,0.80501289794486,0.19498710205514005,0.9986180916665538,1.3978032271263187e-10,2.2519439154744235e-10,0.256625,0.06265490688012681
1e-06,160,8,primary,15,rank,200,14,186,0,0.8786024934032522,0.12139750659674778,1.0106528310919065,3.5101781510894366e-08,6.663305837608832e-08,0.26525,0.030360220162551303
1e-06,160,8,primary,30,rank,200,16,184,0,0.8965560814223343,0.1034439185776656,0.9919228833479832,1.5491796611610148e-11,3.710283847269135e-11,0.20525,0.019409216719396185
1e-06,160,8,right,5,rank,200,0,200,0,0.8629014059784574,0.1370985940215426,0.9967321647972912,3.238105244724884e-14,4.4795661827651544e-14,0.220625,0.058537541130934574
1e-06,160,8,right,15,rank,200,0,200,0,0.9333706808650696,0.06662931913493036,1.0120830013221391,6.651927908591162e-14,9.788881133863338e-14,0.211225,0.024111302087520867
1e-06,160,8,right,30,rank,200,0,200,0,0.9573627704051216,0.0426372295948783,0.9970899185804156,1.2662594707419813e-13,1.915591542682069e-13,0.13765,0.014665304482563923
1e-06,160,16,left,5,rank,200,0,200,0,-5.005910078411404e-10,1.000000000500591,0.9999999999408482,0.01225279231331957,0.013381784921874479,0.0,3.628177393567033e-10
1e-06,160,16,left,15,rank,200,0,200,0,1.5307712402440965e-08,0.9999999846922876,0.999999889616555,0.01439804861199959,0.015754145070716773,0.0,1.5607171387398168e-07
1e-06,160,16,left,30,rank,200,0,200,0,5.24470409585213e-11,0.999999999947553,1.0000000000190246,0.01952061213727914,0.021358902443061236,0.0,5.931854848431563e-11
1e-06,160,16,primary,5,rank,200,11,189,0,0.794164394746496,0.20583560525350383,1.0028157042566443,9.360583613741933e-11,1.6596278939056676e-10,0.10945,0.05403050691847486
1e-06,160,16,primary,15,rank,200,14,186,0,0.8677692265689153,0.1322307734310847,1.0026345012248123,2.0512120178588424e-08,3.554318895244156e-08,0.11290000000000001,0.027366861798328795
1e-06,160,16,primary,30,rank,200,12,188,0,0.8849706543233367,0.11502934567666331,0.9932374013574141,9.895518547169107e-12,2.6165354617244815e-11,0.08129999999999998,0.016548408571849776
1e-06,160,16,right,5,rank,200,0,200,0,0.8540571325850422,0.1459428674149579,0.9977958338117339,2.6588389638198197e-14,3.3218581144406466e-14,0.058175000000000004,0.05121317617707948
1e-06,160,16,right,15,rank,200,0,200,0,0.9242781671037197,0.07572183289628028,1.0069653298802121,5.440676159730982e-14,7.126355920910472e-14,0.044725,0.02087278453186392
1e-06,160,16,right,30,rank,200,0,200,0,0.9416063470494649,0.0583936529505352,0.9932686495772436,1.167343029776465e-13,1.550820123912181e-13,0.012125000000000002,0.014624232863561883
1e-06,160,32,left,5,rank,200,0,200,0,-2.8643055912646773e-10,1.0000000002864307,1.0000000000773015,0.011680804732719804,0.013351170627041532,0.0,6.326255217456934e-10
1e-06,160,32,left,15,rank,200,0,200,0,-4.7176625225762705e-08,1.0000000471766253,0.99999994102382,0.014083824690173245,0.016043104422809668,0.0,2.1798229688168378e-07
1e-06,160,32,left,30,rank,200,0,200,0,1.2635520129029522e-11,0.9999999999873646,1.0000000000313982,0.020196364354004803,0.02316575293064723,0.0,2.1977657046980524e-11
1e-06,160,32,primary,5,rank,200,11,189,0,0.7661856402110763,0.23381435978892384,1.0100292953433634,8.328302102346326e-11,1.0358518731090972e-10,0.051525,0.04850093790468085
1e-06,160,32,primary,15,rank,200,10,190,0,0.8357678438375562,0.16423215616244377,0.990678362136249,1.663658043998023e-08,2.3853547703257265e-08,0.05195,0.025787385506193118
1e-06,160,32,primary,30,rank,200,10,190,0,0.8265656094943294,0.17343439050567064,0.9996286171872171,7.589484487592016e-12,1.3266089296988424e-11,0.052575000000000004,0.01925185861820526
1e-06,160,32,right,5,rank,200,0,200,0,0.8231871354158696,0.17681286458413048,1.0040796610151788,2.5251530296154176e-14,3.101421157848394e-14,0.0003,0.04468824152446567
1e-06,160,32,right,15,rank,200,0,200,0,0.8847702329527476,0.11522976704725243,1.0008328895257765,5.664619912128989e-14,7.166650708176622e-14,0.0009,0.021617994199886092
1e-06,160,32,right,30,rank,200,0,200,0,0.8752483147908232,0.1247516852091768,0.9994421657327109,1.4885824141929317e-13,1.885360808575649e-13,0.0,0.015645618265194013
1e-06,240,4,left,5,rank,200,0,200,0,-8.078513150763881e-10,1.0000000008078513,0.9999999999566995,0.008665431126130494,0.008767120761136124,0.0,1.6264900236638833e-09
1e-06,240,4,left,15,rank,200,0,200,0,1.799539523905622e-07,0.9999998200460476,0.9999998489552466,0.00950856286724449,0.009616875374951664,0.0,1.5728761140470572e-07
1e-06,240,4,left,30,rank,200,0,200,0,-2.4382107063079923e-11,1.000000000024382,1.000000000039429,0.011131638312473206,0.011257556692683112,0.0,3.054512665230701e-11
1e-06,240,4,primary,5,rank,200,12,188,0,0.8063487885580592,0.19365121144194083,1.0008958521469145,1.0860691193441466e-10,2.795091526282014e-10,0.389025,0.0769699311341181
1e-06,240,4,primary,15,rank,200,16,184,0,0.8803412335783701,0.11965876642162974,1.0020268938380692,2.7219615153170352e-08,6.353992096789572e-08,0.41202500000000003,0.03833728019186935
1e-06,240,4,primary,30,rank,200,18,182,0,0.9035284276257615,0.09647157237423855,0.9988095271911217,9.001570314812113e-12,2.6013498522892165e-11,0.400075,0.023116197361712568
1e-06,240,4,right,5,rank,200,0,200,0,0.865603059913933,0.13439694008606687,0.999650763167967,2.942695846913358e-14,4.6922852870254615e-14,0.36225,0.0670346218652428
1e-06,240,4,right,15,rank,200,1,199,0,0.9351892184485883,0.06481078155141176,1.0026817985777439,5.80729322973941e-14,9.759817199607957e-14,0.37625,0.03009066285440065
1e-06,240,4,right,30,rank,200,0,200,0,0.9634536782935146,0.03654632170648532,1.002334415889245,9.522973065465805e-14,1.6711456047264092e-13,0.358375,0.016624372820143528
1e-06,240,8,left,5,rank,200,0,200,0,-3.135816460485596e-10,1.0000000003135816,0.9999999991212368,0.008306442308209228,0.008690843008505108,0.0,1.2038734805924e-09
1e-06,240,8,left,15,rank,200,0,200,0,6.864233753976729e-08,0.9999999313576626,0.9999998669056205,0.009155601457280404,0.009563635278644506,0.0,1.2663971973514737e-07
1e-06,240,8,left,30,rank,200,0,200,0,-2.55939923802444e-11,1.000000000025594,1.000000000030143,0.010751250688130952,0.011226472340047554,0.0,7.680010548318065e-11
1e-06,240,8,primary,5,rank,200,12,188,0,0.8085671649025687,0.19143283509743128,0.9985847155691161,9.116087071720016e-11,1.4686587290129445e-10,0.29135,0.06177124551766244
1e-06,240,8,primary,15,rank,200,16,184,0,0.8813395736272078,0.11866042637279212,1.0106924732337055,2.172967369340516e-08,4.124903574673285e-08,0.323975,0.02973599493267975
1e-06,240,8,primary,30,rank,200,16,184,0,0.9007834591649855,0.09921654083501448,0.9918861843597355,8.603228266020888e-12,2.0611224266918123e-11,0.29755000000000004,0.01859663934164041
1e-06,240,8,right,5,rank,200,0,200,0,0.8665960166475639,0.13340398335243614,0.996719306021216,2.0736425037735138e-14,2.910378621510159e-14,0.26225000000000004,0.05752516589262547
1e-06,240,8,right,15,rank,200,1,199,0,0.9367772124550094,0.06322278754499061,1.0121164739976656,4.009371697477316e-14,5.98362014661584e-14,0.2788,0.02336282055349943
1e-06,240,8,right,30,rank,200,0,200,0,0.962604564336589,0.037395435663410935,0.9970654600674894,6.608222078288828e-14,1.0311819935551352e-13,0.237375,0.013660064228985141
1e-06,240,16,left,5,rank,200,0,200,0,-5.213812898020745e-10,1.0000000005213812,0.9999999999383917,0.00767230920506074,0.00837924850175467,0.0,3.7788610769697177e-10
1e-06,240,16,left,15,rank,200,0,200,0,1.6126169847228624e-08,0.9999999838738302,0.9999998837146833,0.008460708848561045,0.0092575902515962,0.0,1.644163997458339e-07
1e-06,240,16,left,30,rank,200,0,200,0,5.6887002097867e-11,0.9999999999431131,1.000000000020635,0.009998362314347902,0.010939925641431458,0.0,6.434021499481833e-11
1e-06,240,16,primary,5,rank,200,11,189,0,0.8024819998656926,0.1975180001343073,1.0028275599365672,6.104654566028806e-11,1.0823602578176203e-10,0.151775,0.05291316768431681
1e-06,240,16,primary,15,rank,200,14,186,0,0.8759185024034847,0.12408149759651532,1.0026652409568424,1.2697976483457163e-08,2.2002924163704927e-08,0.18032499999999999,0.026430056978898477
1e-06,240,16,primary,30,rank,200,16,184,0,0.898725666839534,0.10127433316046591,0.9930527655808443,5.487161074004115e-12,1.4525760262228598e-11,0.14445,0.015185426988694318
1e-06,240,16,right,5,rank,200,0,200,0,0.8629418551117758,0.13705814488822426,0.9977754457320884,1.6288234722734096e-14,2.0781060181700335e-14,0.10535,0.04975266502047756
1e-06,240,16,right,15,rank,200,0,200,0,0.933803358765876,0.06619664123412405,1.0070361676096007,3.0334902904696524e-14,4.1098228181986866e-14,0.11092500000000001,0.019534127361944233
1e-06,240,16,right,30,rank,200,0,200,0,0.9582005467828024,0.04179945321719759,0.9931499451641961,5.113470565447127e-14,7.226151995107296e-14,0.0675,0.012913020670945765
1e-06,240,32,left,5,rank,200,0,200,0,-3.134483274154619e-10,1.0000000003134482,1.000000000084593,0.006961287668459965,0.007956758251565884,0.0,6.922983731609588e-10
1e-06,240,32,left,15,rank,200,0,200,0,-5.304504882296047e-08,1.0000000530450488,0.999999933687619,0.007754015449855989,0.0088327200905201,0.0,2.4509768341556464e-07
1e-06,240,32,left,30,rank,200,0,200,0,1.5278243293270978e-11,0.9999999999847218,1.0000000000379652,0.009279410649246757,0.010643724319439907,0.0,2.6574297507983476e-11
1e-06,240,32,primary,5,rank,200,11,189,0,0.7902834412201386,0.2097165587798613,1.0102462503874714,5.4313034746709456e-11,6.755335888948722e-11,0.05909999999999999,0.046843315664250734
1e-06,240,32,primary,15,rank,200,13,187,0,0.8646713350032903,0.1353286649967098,0.9904357212694151,1.0298828587404494e-08,1.4766474044439278e-08,0.06775,0.023846436133772658
1e-06,240,32,primary,30,rank,200,12,188,0,0.8818968604289252,0.11810313957107485,0.9994024440625373,4.1880380143320145e-12,7.33577832970958e-12,0.065425,0.01628803859167486
1e-06,240,32,right,5,rank,200,0,200,0,0.8490919022480738,0.15090809775192607,1.0042284240732828,1.3959096647755578e-14,1.7225017230104968e-14,0.0046749999999999995,0.04270098622495217
1e-06,240,32,right,15,rank,200,0,200,0,0.9182422167679652,0.08175778323203456,1.0008590016746917,2.6429961072335132e-14,3.445748413615204e-14,0.00635,0.019217985195997378
1e-06,240,32,right,30,rank,200,0,200,0,0.9397901130669024,0.060209886933097534,0.9993737198126561,4.811925372694194e-14,6.307438726086925e-14,0.000625,0.012494853969090853
1e-10,80,4,left,equal_rank,equal_rank,600,0,600,0,1.708437520452768e-20,1.0,1.0,0.06490091925213844,0.06564038477302007,0.0,0.0
1e-10,80,4,primary,equal_rank,equal_rank,600,0,600,0,0.8894588170525143,0.11054118294748581,1.0010896580990571,5.594319190448911e-21,7.494817301240927e-21,0.18625833333333333,0.04514894952293613
1e-10,80,4,right,equal_rank,equal_rank,600,0,600,0,0.888953134796829,0.11104686520317109,1.0014446613977495,6.997515207496334e-21,9.184928632631925e-21,0.178125,0.04163787096649576
1e-10,80,8,left,equal_rank,equal_rank,600,0,600,0,1.4471662805320803e-20,1.0,1.0,0.07595938810043286,0.0793428584280393,0.0,0.0
1e-10,80,8,primary,equal_rank,equal_rank,600,0,600,0,0.834166632677206,0.16583336732279394,1.0017306833574313,8.124848056338058e-21,9.698491587719354e-21,0.05889166666666667,0.038691459444303015
1e-10,80,8,right,equal_rank,equal_rank,600,0,600,0,0.8201030530351928,0.17989694696480718,1.002203642737319,1.1135574892729856e-20,1.3246305446000212e-20,0.05637500000000001,0.0371279936684801
1e-10,80,16,left,equal_rank,equal_rank,600,0,600,0,1.0473574725173546e-20,1.0,1.0,0.16287157131002714,0.17818913118930005,0.0,0.0
1e-10,80,16,primary,equal_rank,equal_rank,600,0,600,0,0.6045653500686609,0.3954346499313391,1.0026359419317845,4.7080010909357816e-20,5.761413961358646e-20,0.0019249999999999998,0.030038167583990777
1e-10,80,16,right,equal_rank,equal_rank,400,0,400,0,0.8196735021678219,0.18032649783217825,1.0023239767528742,1.7521649615385075e-21,2.1541245763559463e-21,0.00245,0.040608767806482184
1e-10,80,32,left,equal_rank,equal_rank,400,0,400,0,8.38257708156263e-21,1.0,1.0,0.05647539605714724,0.0644024809585036,0.0,0.0
1e-10,80,32,primary,equal_rank,equal_rank,400,0,400,0,0.5869996753276124,0.41300032467238756,1.00210549585868,3.2687955129125564e-21,4.111320505262389e-21,0.0,0.03478223471088231
1e-10,80,32,right,equal_rank,equal_rank,400,0,400,0,0.5722814069222265,0.42771859307777355,1.0019045682708652,4.0629067447688295e-21,5.111431109358897e-21,0.0,0.03301067820906215
1e-10,160,4,left,equal_rank,equal_rank,600,0,600,0,1.858791125223658e-20,1.0,1.0,0.016455819826922752,0.01664427061457371,0.0,0.0
1e-10,160,4,primary,equal_rank,equal_rank,600,1,599,0,0.9167659381543641,0.08323406184563589,1.0010738657039369,9.51391846393431e-22,1.5950830019060575e-21,0.3233,0.04149857233040585
1e-10,160,4,right,equal_rank,equal_rank,600,0,600,0,0.9218977613396525,0.07810223866034745,1.001522776490501,1.016990338118939e-21,1.7103786155327267e-21,0.320725,0.03762468900228622
1e-10,160,8,left,equal_rank,equal_rank,600,0,600,0,1.7383486097657868e-20,1.0,1.0,0.016081881721663614,0.016803560624398726,0.0,0.0
1e-10,160,8,primary,equal_rank,equal_rank,600,0,600,0,0.9144662225054433,0.08553377749455678,1.0014847472246269,6.934258247663364e-22,1.0134670455602614e-21,0.18431666666666666,0.03403597841129724
1e-10,160,8,right,equal_rank,equal_rank,600,0,600,0,0.9199557300138462,0.08004426998615381,1.001995826452965,7.334612529984103e-22,1.079315346215637e-21,0.1852,0.03176007158710719
1e-10,160,16,left,equal_rank,equal_rank,600,0,600,0,1.640741659942929e-20,1.0,1.0,0.015390516136925362,0.01683164558683267,0.0,0.0
1e-10,160,16,primary,equal_rank,equal_rank,600,0,600,0,0.901267405883332,0.098732594116668,1.0014619232393154,6.104456728615222e-22,7.951717355669484e-22,0.036083333333333335,0.02953430304078045
1e-10,160,16,right,equal_rank,equal_rank,600,0,600,0,0.9085848956516207,0.09141510434837923,0.999493414890608,6.489929461875239e-22,8.476402661444198e-22,0.03524166666666667,0.028334954909877804
1e-10,160,32,left,equal_rank,equal_rank,600,0,600,0,1.3816929338684364e-20,1.0,1.0,0.01532036089203666,0.017520043930860252,0.0,0.0
1e-10,160,32,primary,equal_rank,equal_rank,600,0,600,0,0.8572968636490842,0.14270313635091572,1.0011741760850477,7.11341563158895e-22,8.995230857588339e-22,0.000275,0.027840911389470566
1e-10,160,32,right,equal_rank,equal_rank,600,0,600,0,0.8628155276849873,0.13718447231501285,1.0014828434180683,7.633098271829424e-22,9.629517052779893e-22,0.00013333333333333334,0.026817435621810035
1e-10,240,4,left,equal_rank,equal_rank,600,0,600,0,1.8834351461405802e-20,1.0,1.0,0.009768563507830792,0.009880538948043206,0.0,0.0
1e-10,240,4,primary,equal_rank,equal_rank,600,1,599,0,0.9186198745352376,0.08138012546476232,1.0010720298128335,5.5615615873729535e-22,9.438277430793305e-22,0.3641583333333333,0.04093827683853271
1e-10,240,4,right,equal_rank,equal_rank,600,0,600,0,0.9237621531576868,0.0762378468423132,1.0015277431576832,5.915124960848239e-22,1.004199575131283e-21,0.36294166666666666,0.03703322989032193
1e-10,240,8,left,equal_rank,equal_rank,600,0,600,0,1.7859734504414842e-20,1.0,1.0,0.009404446616655291,0.009827002194011171,0.0,0.0
1e-10,240,8,primary,equal_rank,equal_rank,600,0,600,0,0.918553273325838,0.08144672667416196,1.0014864285065117,3.902533824089948e-22,5.858919764175259e-22,0.2513666666666667,0.03323048486682728
1e-10,240,8,right,equal_rank,equal_rank,600,0,600,0,0.9240977589466358,0.07590224105336414,1.001995205758163,4.1185428235042503e-22,6.194880407160865e-22,0.25510000000000005,0.030831588358676904
1e-10,240,16,left,equal_rank,equal_rank,600,0,600,0,1.7374940425122113e-20,1.0,1.0,0.008710478182130403,0.009525607901011006,0.0,0.0
1e-10,240,16,primary,equal_rank,equal_rank,600,0,600,0,0.9126644402009688,0.08733555979903129,1.0014558292860862,3.0485539400144403e-22,4.1444658579184514e-22,0.09016666666666666,0.028331750035737152
1e-10,240,16,right,equal_rank,equal_rank,600,0,600,0,0.9202994260743775,0.0797005739256226,0.999471562802622,3.1909465957429653e-22,4.355078044348422e-22,0.09000000000000001,0.026841172391287676
1e-10,240,32,left,equal_rank,equal_rank,600,0,600,0,1.5753547863833616e-20,1.0,1.0,0.007998253553303532,0.009144419140001142,0.0,0.0
1e-10,240,32,primary,equal_rank,equal_rank,600,0,600,0,0.8971241623310254,0.10287583766897453,1.0011861693647697,2.79261985769821e-22,3.569571956913928e-22,0.0028833333333333332,0.02555634944338668
1e-10,240,32,right,equal_rank,equal_rank,600,0,600,0,0.9042572505285073,0.0957427494714928,1.0015150191533797,2.909026090785269e-22,3.7591336109662973e-22,0.002625,0.02432854405731724
1e-06,80,4,left,equal_rank,equal_rank,600,0,600,0,5.599240994181498e-08,0.9999999440075902,0.9999999527770873,0.06490079471155605,0.06564024967839739,0.0,4.9700027938510534e-08
1e-06,80,4,primary,equal_rank,equal_rank,600,36,564,0,0.8374023691202307,0.16259763087976933,1.0006677711950334,3.825358008719872e-08,8.934016529139771e-08,0.23247500000000001,0.04991534975497667
1e-06,80,4,right,equal_rank,equal_rank,600,0,600,0,0.8867716703008535,0.11322832969914663,1.0014701354332838,7.06949792329132e-13,9.37876457362024e-13,0.18112499999999998,0.04248334566392742
1e-06,80,8,left,equal_rank,equal_rank,600,0,600,0,1.9879762640184435e-08,0.9999999801202373,0.9999999609951905,0.0759592534703785,0.0793427086909697,0.0,3.72477555134384e-08
1e-06,80,8,primary,equal_rank,equal_rank,600,32,568,0,0.7873201152238654,0.21267988477613461,1.0009226825651112,3.0547703352346626e-08,5.7971832180138924e-08,0.11029166666666668,0.041792798809320714
1e-06,80,8,right,equal_rank,equal_rank,600,0,600,0,0.8182990536897333,0.18170094631026648,1.002162077423085,1.1176010864502046e-12,1.3315114381984919e-12,0.05896666666666667,0.03778357933416299
1e-06,80,16,left,equal_rank,equal_rank,600,0,600,0,3.8167994674584865e-09,0.9999999961832007,0.9999999714526219,0.16287124840692888,0.17818877605270322,0.0,4.045048773569985e-08
1e-06,80,16,primary,equal_rank,equal_rank,600,23,577,0,0.5740508446993534,0.42594915530064653,1.002025091163773,1.786475596164809e-08,3.097142795661464e-08,0.04119166666666667,0.03289114934129165
1e-06,80,16,right,equal_rank,equal_rank,400,0,400,0,0.8177872914118887,0.1822127085881113,1.0020803770522697,1.7681204764774202e-13,2.1785717221408375e-13,0.002975,0.04124552965397992
1e-06,80,32,left,equal_rank,equal_rank,400,0,400,0,-1.136345179278342e-08,1.0000000113634517,0.9999999859446043,0.056475287719502096,0.06440235120013875,0.0,5.2267113693283034e-08
1e-06,80,32,primary,equal_rank,equal_rank,400,15,385,0,0.5607919618369896,0.4392080381630103,1.0013103535548022,2.171701026710164e-08,3.11208734234224e-08,0.0378375,0.03723719852149279
1e-06,80,32,right,equal_rank,equal_rank,400,0,400,0,0.5712779830198375,0.42872201698016255,1.001834441716573,4.068294123557827e-13,5.119456651613689e-13,0.0,0.03350417153734658
1e-06,160,4,left,equal_rank,equal_rank,600,0,600,0,5.8993159856914346e-08,0.9999999410068402,0.9999999502519777,0.01645578727802426,0.01664423487061471,0.0,5.234975820569313e-08
1e-06,160,4,primary,equal_rank,equal_rank,600,44,556,0,0.8618291450400034,0.13817085495999656,1.000584786193409,1.471762751661298e-08,3.43722706098412e-08,0.36344166666666666,0.04664992094625483
1e-06,160,4,right,equal_rank,equal_rank,600,1,599,0,0.919569476351851,0.08043052364814897,1.0015504296850073,1.0458707156649319e-13,1.767562269864219e-13,0.323775,0.03850137208184263
1e-06,160,8,left,equal_rank,equal_rank,600,0,600,0,2.2212404294838584e-08,0.9999999777875956,0.9999999564388332,0.016081855551482702,0.01680352875830547,0.0,4.160265904701153e-08
1e-06,160,8,primary,equal_rank,equal_rank,600,41,559,0,0.8600571575901489,0.13994284240985114,1.0003979353688146,1.1752351210072869e-08,2.2298451868702817e-08,0.242375,0.037474781254024765
1e-06,160,8,right,equal_rank,equal_rank,600,0,600,0,0.9178782857495497,0.08212171425045041,1.0019683615666153,7.517542620245286e-14,1.1141454247816395e-13,0.1898333333333333,0.032438049233673126
1e-06,160,16,left,equal_rank,equal_rank,600,0,600,0,4.9531894785194485e-09,0.9999999950468105,0.9999999631921425,0.015390484354199435,0.016831610811884164,0.0,5.2164616720607563e-08
1e-06,160,16,primary,equal_rank,equal_rank,600,37,563,0,0.8489680918795827,0.1510319081204173,0.9995625356129568,6.8718738444243375e-09,1.1911772365483124e-08,0.10121666666666666,0.03264859242955114
1e-06,160,16,right,equal_rank,equal_rank,600,0,600,0,0.906647215579409,0.09335278442059114,0.9993432710897299,6.59098180710515e-14,8.65213842482431e-14,0.03834166666666667,0.02890339785750176
1e-06,160,32,left,equal_rank,equal_rank,600,0,600,0,-1.5816806754920046e-08,1.0000000158168068,0.9999999803775065,0.015320331258965952,0.01752000932683281,0.0,7.287896668682548e-08
1e-06,160,32,primary,equal_rank,equal_rank,600,31,569,0,0.8095063645143207,0.19049363548567944,1.0001120915556099,5.575817648497095e-09,7.990132993288387e-09,0.052016666666666676,0.03118006067635974
1e-06,160,32,right,equal_rank,equal_rank,600,0,600,0,0.8610685610531469,0.13893143894685323,1.001451572091222,7.691865694557908e-14,9.707226650593836e-14,0.00039999999999999996,0.027317284663181923
1e-06,240,4,left,equal_rank,equal_rank,600,0,600,0,5.970723965614092e-08,0.9999999402927603,0.9999999496504582,0.009768544101949397,0.0098805176095903,0.0,5.2981548851673966e-08
1e-06,240,4,primary,equal_rank,equal_rank,600,46,554,0,0.8634061499207303,0.1365938500792697,1.0005774243920351,9.112407878473194e-09,2.128181453968227e-08,0.400375,0.04614113622923335
1e-06,240,4,right,equal_rank,equal_rank,600,1,599,0,0.9214153188853453,0.07858468111465465,1.001555659211652,6.09098738070619e-14,1.0387852844632504e-13,0.3656249999999999,0.03791655251326232
1e-06,240,8,left,equal_rank,equal_rank,600,0,600,0,2.2767720633779495e-08,0.9999999772322794,0.9999999553523334,0.009404431484540196,0.009826983542399055,0.0,4.264013110707432e-08
1e-06,240,8,primary,equal_rank,equal_rank,600,44,556,0,0.8635633992315874,0.13643660076841263,1.0003877910541856,7.2764792641294615e-09,1.3805504281300355e-08,0.3042916666666667,0.036701293263994204
1e-06,240,8,right,equal_rank,equal_rank,600,1,599,0,0.9219925978130542,0.07800740218694589,1.0019670800287903,4.230412093179886e-14,6.401939567892451e-14,0.259475,0.031516016891703344
1e-06,240,16,left,equal_rank,equal_rank,600,0,600,0,5.220558519841473e-09,0.9999999947794415,0.99999996122457,0.008710460122656563,0.00952558813159411,0.0,5.495287535617523e-08
1e-06,240,16,primary,equal_rank,equal_rank,600,41,559,0,0.8590420563695704,0.14095794363042952,0.9995151888247514,4.254836730063819e-09,7.375228649916306e-09,0.15884999999999996,0.031509550550636534
1e-06,240,16,right,equal_rank,equal_rank,600,0,600,0,0.9183152535534846,0.0816847464465153,0.9993205195019618,3.258594776063397e-14,4.4713602771586727e-14,0.09459166666666667,0.027399937684455852
1e-06,240,32,left,equal_rank,equal_rank,600,0,600,0,-1.778107296902755e-08,1.0000000177810728,0.9999999779367257,0.007998237922520903,0.009144400887175297,0.0,8.193885202874452e-08
1e-06,240,32,primary,equal_rank,equal_rank,600,36,564,0,0.8456172122174515,0.15438278778254866,1.0000281385731413,3.4524432200551787e-09,4.947121060552825e-09,0.06409166666666666,0.028992596796566083
1e-06,240,32,right,equal_rank,equal_rank,600,0,600,0,0.9023747440276472,0.09762525597235272,1.00148704852021,2.950277048234422e-14,3.8252296209042086e-14,0.0038833333333333337,0.0248046084633468
