dimension,step_rank,eta,budget,q,q_offset,observations,full_rank_rate,mean_gaussian_energy,median_gaussian_energy,p90_gaussian_energy,p95_gaussian_energy,p99_gaussian_energy,max_gaussian_energy,mean_ci_low_gaussian_energy,mean_ci_high_gaussian_energy,mean_rademacher_energy,median_rademacher_energy,p90_rademacher_energy,p95_rademacher_energy,p99_rademacher_energy,max_rademacher_energy,mean_ci_low_rademacher_energy,mean_ci_high_rademacher_energy,mean_gaussian_risk,median_gaussian_risk,p90_gaussian_risk,p95_gaussian_risk,p99_gaussian_risk,max_gaussian_risk,mean_ci_low_gaussian_risk,mean_ci_high_gaussian_risk,mean_rademacher_risk,median_rademacher_risk,p90_rademacher_risk,p95_rademacher_risk,p99_rademacher_risk,max_rademacher_risk,mean_ci_low_rademacher_risk,mean_ci_high_rademacher_risk,mean_s1_sigma_min,median_s1_sigma_min,p90_s1_sigma_min,p95_s1_sigma_min,p99_s1_sigma_min,max_s1_sigma_min,mean_ci_low_s1_sigma_min,mean_ci_high_s1_sigma_min,mean_s1_pinv_norm,median_s1_pinv_norm,p90_s1_pinv_norm,p95_s1_pinv_norm,p99_s1_pinv_norm,max_s1_pinv_norm,mean_ci_low_s1_pinv_norm,mean_ci_high_s1_pinv_norm,mean_graph_factor_op,median_graph_factor_op,p90_graph_factor_op,p95_graph_factor_op,p99_graph_factor_op,max_graph_factor_op,mean_ci_low_graph_factor_op,mean_ci_high_graph_factor_op,mean_subspace_projection_op,median_subspace_projection_op,p90_subspace_projection_op,p95_subspace_projection_op,p99_subspace_projection_op,max_subspace_projection_op,mean_ci_low_subspace_projection_op,mean_ci_high_subspace_projection_op,mean_subspace_projection_fro,median_subspace_projection_fro,p90_subspace_projection_fro,p95_subspace_projection_fro,p99_subspace_projection_fro,max_subspace_projection_fro,mean_ci_low_subspace_projection_fro,mean_ci_high_subspace_projection_fro,mean_largest_principal_angle_deg,median_largest_principal_angle_deg,p90_largest_principal_angle_deg,p95_largest_principal_angle_deg,p99_largest_principal_angle_deg,max_largest_principal_angle_deg,mean_ci_low_largest_principal_angle_deg,mean_ci_high_largest_principal_angle_deg,mean_gaussian_to_ideal_tail,median_gaussian_to_ideal_tail,p90_gaussian_to_ideal_tail,p95_gaussian_to_ideal_tail,p99_gaussian_to_ideal_tail,max_gaussian_to_ideal_tail,mean_ci_low_gaussian_to_ideal_tail,mean_ci_high_gaussian_to_ideal_tail,mean_rademacher_to_ideal_tail,median_rademacher_to_ideal_tail,p90_rademacher_to_ideal_tail,p95_rademacher_to_ideal_tail,p99_rademacher_to_ideal_tail,max_rademacher_to_ideal_tail,mean_ci_low_rademacher_to_ideal_tail,mean_ci_high_rademacher_to_ideal_tail
500,5,1e-06,80,3,-2,200,1.0,2.0000000004950045,2.000000000495003,2.0000000004950067,2.000000000495009,2.000000000495023,2.0000000004950502,2.000000000495004,2.000000000495005,1.9847313453994915,1.9847054644103563,1.98540586561484,1.9855288566756517,1.9858480760056536,1.9860442309704776,1.9846610396801423,1.98480031078073,0.05405405406743254,0.054054054067432515,0.05405405406743261,0.054054054067432675,0.054054054067433056,0.05405405406743379,0.05405405406743252,0.05405405406743257,0.05364138771349977,0.05364068822730693,0.05365961798959027,0.05366294207231491,0.053671569621774426,0.0536768711073102,0.053639479345518236,0.053643266271541416,0.9219311614425787,0.8734191483982415,1.4619057352564724,1.6375465119676516,1.7966734541497096,1.8986365171993127,0.8694342041938553,0.976126378657392,1.3537506051406738,1.1449778882262953,2.304117992812919,2.5380906545640896,4.7047723193849675,6.811682508733123,1.2500160951957995,1.4780718277693314,,,,,,,,,1.0000000000000002,1.0000000000000002,1.0000000000000004,1.0000000000000007,1.0000000000000009,1.0000000000000009,1.0,1.0000000000000002,1.4142135628969605,1.4142135626990706,1.4142135634041284,1.4142135636716837,1.4142135662075752,1.4142135708528454,1.4142135627988421,1.4142135630332935,89.99999995606257,90.0,90.0,90.0,90.0,90.0,89.99999992106397,89.99999998409697,1.0000000000000022,1.0000000000000016,1.0000000000000033,1.0000000000000044,1.0000000000000115,1.000000000000025,1.0000000000000018,1.0000000000000027,0.9923656724541354,0.9923527319595709,0.992702932561726,0.9927644280921166,0.9929240377570782,0.9930221152394658,0.9923302544116767,0.9924014948110957
500,5,1e-06,80,4,-1,200,1.0,1.000000000497252,1.0000000004950047,1.0000000004950236,1.0000000004950351,1.0000000004952447,1.000000000942876,1.0000000004950094,1.0000000005017327,0.994284631358431,0.9943130646258334,0.9946678696140591,0.9947703919872091,0.994963021669184,0.9950235997715202,0.9942387564260653,0.9943297261556073,0.02777777779159034,0.02777777779152791,0.027777777791528437,0.027777777791528756,0.027777777791534577,0.027777777803968777,0.02777777779152803,0.027777777791714822,0.027619017537734197,0.027619807350717594,0.02762966304483497,0.027632510888533586,0.02763786171303289,0.027639544438097782,0.02761780568799722,0.027620215298587956,0.6011876112593582,0.5773287556319098,1.0081612365846966,1.1651909902178805,1.3285313468334596,1.7113147823191,0.5596108678996156,0.6438685517395438,3.4143063675193717,1.7321804435632493,4.603903357126852,5.663050901440908,15.750956256220448,200.74063657063402,2.204156667155512,5.602554110629366,,,,,,,,,1.0,1.0000000000000002,1.0000000000000004,1.0000000000000004,1.0000000000000007,1.0000000000000007,1.0,1.0,1.0000000533927766,1.000000001024134,1.0000000056658225,1.0000000084872225,1.0000000578219903,1.0000100934360487,1.000000002116781,1.0000001550339572,89.99999985885515,90.0,90.0,90.0,90.0,90.0,89.99999979678887,89.99999991271875,1.000000000002252,1.0000000000000047,1.0000000000000235,1.000000000000035,1.0000000000002447,1.000000000447876,1.0000000000000093,1.0000000000067388,0.9942846308662601,0.9943130641336484,0.9946678691216984,0.9947703914947976,0.9949630211766773,0.9950235992789835,0.994239887317227,0.9943298071153803
500,5,1e-06,80,5,0,200,1.0,4.921235915758698e-09,4.95019983247885e-10,4.955533568746823e-10,5.017152318976806e-10,7.396688590410274e-10,8.848916026418428e-07,4.967717585314838e-10,1.3766712182965166e-08,4.402124047479693e-09,4.933302828663446e-12,4.997671244445271e-12,8.112541512210519e-12,2.195664929690317e-10,8.787476384157671e-07,6.349891878240287e-12,1.3191106270846841e-08,1.406067404502485e-10,1.4143428092796715e-11,1.4158667339276635e-11,1.4334720911362303e-11,2.113339597260078e-11,2.5282617218338365e-08,1.4193415488793461e-11,3.933876438367812e-10,1.2577497278513411e-10,1.4095150939038418e-13,1.4279060698415057e-13,2.3178690034887195e-13,6.2733283705437625e-12,2.5107075383307633e-08,1.7591879334375853e-13,5.022934973622737e-10,0.2957222161638685,0.23868602909681166,0.5979755980013745,0.6979401476459376,0.882132143696465,1.1783905759223519,0.26472205796016796,0.3275707212445128,18.153462186997125,4.189729956294033,21.459096307921964,59.384231534469066,169.7918997535211,1370.9486672277785,8.811428103802879,34.0214903703644,0.00040665370190220073,9.301026720622619e-05,0.0004948299832754139,0.001333025959835619,0.0038306623728012294,0.03066444918045385,0.0001953310063647916,0.0007894722236888719,0.00040658112952539767,9.301026680398611e-05,0.0004948299226869583,0.0013330247753004496,0.0038306342675783586,0.030650042319613068,0.0001985134201509394,0.0007604352772453178,0.0004124205950745887,9.976828848725584e-05,0.0004966738881740646,0.0013335257428689674,0.0038307914390941097,0.03065013805004437,0.00020797634538443583,0.000793352254387354,0.023296768393852307,0.005329095746937806,0.028351667303904,0.07637671623404024,0.2194797131582917,1.7563931400085866,0.011335510424190228,0.044425880246081635,9.94189073890646,1.0000403701977476,1.001117892676126,1.0135661250458194,1.494280523315207,1787.6598033168543,1.0033304608632823,27.815033226604072,8.893179893898374,0.009966268340734236,0.01009630554433388,0.016388972751940442,0.44356867266471056,1775.2477543752873,0.012489190840206242,26.650412858996603
500,5,1e-06,80,6,1,200,1.0,4.940162835943844e-10,4.940048113464772e-10,4.940251876717112e-10,4.940525436915994e-10,4.942156296122563e-10,4.946011073882197e-10,4.940099330080761e-10,4.940249003007416e-10,5.909381298538564e-12,5.908594800835257e-12,5.910017062641071e-12,5.910802457808082e-12,5.92114503201176e-12,5.983915864740073e-12,5.9087164101664046e-12,5.910378712097689e-12,1.4529890693952481e-11,1.4529553274896388e-11,1.4530152578579741e-11,1.4530957167399982e-11,1.4535753812125187e-11,1.4547091393771169e-11,1.4529707790524302e-11,1.4530147752121239e-11,1.7380533230995776e-13,1.7378220002456637e-13,1.7382403125414915e-13,1.738471311120024e-13,1.741513244709341e-13,1.7599752543353154e-13,1.7378548480236344e-13,1.7383382023133243e-13,0.5654586085451906,0.5210711034987642,0.9784977090131851,1.0920881411080343,1.2962427439224613,1.5581704035739026,0.5228735704311626,0.6076157556783296,2.6600809086624726,1.919158690247568,4.697820544415446,6.999539811891085,14.180895348493346,23.99464448216483,2.324392383447244,3.044998051961523,5.949893566485039e-05,4.249599413983887e-05,0.00010968741343234001,0.00015612383272722567,0.0003147836805001536,0.0005148749308929919,5.192405895467391e-05,6.846058650286738e-05,5.9461163767087665e-05,4.244835850069919e-05,0.0001096152154858697,0.00015586903965612828,0.00031467583156271625,0.0005148024907134707,5.190873285460682e-05,6.843978047937519e-05,6.641638380682971e-05,4.9030845661792284e-05,0.00011189334107944627,0.00016116209856227264,0.00032045975232215297,0.0005152045930228405,5.912516617136479e-05,7.459324593764801e-05,0.0034068737458093673,0.0024321117900787644,0.006280489230334632,0.008930638165215712,0.018029597362525122,0.029496011303551433,0.0029743455275073483,0.003906542613009405,1.000032962741669,1.0000097395677678,1.0000509871896988,1.000106363748177,1.0004364971908024,1.0012168165753437,1.0000194778002287,1.000051207270299,0.011962310320928269,0.011960718220314286,0.011963597292795692,0.011965187161554822,0.01198612354658251,0.012113190009595291,0.011960971541244977,0.011964274530313837
500,5,1e-06,80,7,2,200,1.0,4.930043483749484e-10,4.930026108235479e-10,4.930079399124921e-10,4.930110198747216e-10,4.930265945569077e-10,4.930731294856312e-10,4.930035512051419e-10,4.930053666051807e-10,6.880687607004476e-12,6.880755803070039e-12,6.882022937690766e-12,6.882273143564153e-12,6.883368455412777e-12,6.884303187565416e-12,6.880537949017249e-12,6.880828606379105e-12,1.493952570833177e-11,1.493947305525903e-11,1.4939634542802788e-11,1.4939727874991564e-11,1.494019983505781e-11,1.4941609984413065e-11,1.4939500316365766e-11,1.4939557480717178e-11,2.0850568506074168e-13,2.08507751608183e-13,2.0854614962699292e-13,2.0855373162315614e-13,2.0858692289129628e-13,2.0861524810804292e-13,2.0850125783800713e-13,2.0851004999110578e-13,0.7904456034640472,0.8012881812723052,1.1730902260318004,1.310521563737047,1.6376507071039406,1.6917875739529513,0.7488990738306522,0.8329756197467915,1.5688948260091764,1.2480440965935498,2.6688160980150992,3.0240748979096916,4.980721287701278,8.956592033858936,1.4421482414906228,1.7147856063620508,3.494519579140181e-05,2.830707246139284e-05,5.876331524824359e-05,6.790445690012153e-05,0.00011258069858975683,0.00018921194918407682,3.202665343890212e-05,3.827775652561413e-05,3.489127815477912e-05,2.8245627779481023e-05,5.8751397375060124e-05,6.785069209379213e-05,0.00011258008635103523,0.0001881313190781386,3.2050967307322376e-05,3.800615362398246e-05,4.179579610513464e-05,3.6124582407257426e-05,6.295891309993918e-05,7.413206701948604e-05,0.00011495688308119223,0.00018957408516927728,3.912365313718353e-05,4.491600147990198e-05,0.001999122981264428,0.0016183552616769296,0.003366207112023522,0.003887558297013954,0.006450363818765173,0.010779130640991369,0.0018307083575729436,0.0021847707652851807,1.0000088202331612,1.0000052957881298,1.0000161052991725,1.0000223526870622,1.0000539443344987,1.0001483356706515,1.0000071652750586,1.0000106649986165,0.013956769993923885,0.01395690832265728,0.01395947857543766,0.013959986092422218,0.013962207820309895,0.013964103828733096,0.013956472772530865,0.01395705159398051
500,5,1e-06,160,3,-2,200,1.0,2.0000000004950045,2.000000000495003,2.0000000004950067,2.000000000495009,2.000000000495023,2.0000000004950502,2.000000000495004,2.000000000495005,1.9847313453994915,1.9847054644103563,1.98540586561484,1.9855288566756517,1.9858480760056536,1.9860442309704776,1.9846597482137003,1.984807030921659,0.0259740259804546,0.025974025980454587,0.025974025980454632,0.02597402598045466,0.025974025980454847,0.025974025980455197,0.02597402598045459,0.025974025980454608,0.025775731758434953,0.025775395641692938,0.02578449176123169,0.025786089047735734,0.02579023475332018,0.025792782220395813,0.025774821256508172,0.025776649524325797,0.9219311614425787,0.8734191483982415,1.4619057352564724,1.6375465119676516,1.7966734541497096,1.8986365171993127,0.8677068865977061,0.9735218104865979,1.3537506051406738,1.1449778882262953,2.304117992812919,2.5380906545640896,4.7047723193849675,6.811682508733123,1.245384908044126,1.477790034666447,,,,,,,,,1.0000000000000002,1.0000000000000002,1.0000000000000004,1.0000000000000007,1.0000000000000009,1.0000000000000009,1.0,1.0000000000000002,1.4142135628969605,1.4142135626990706,1.4142135634041284,1.4142135636716837,1.4142135662075752,1.4142135708528454,1.4142135627960475,1.414213563026443,89.99999995606257,90.0,90.0,90.0,90.0,90.0,89.99999992201964,89.99999998366725,1.0000000000000022,1.0000000000000016,1.0000000000000033,1.0000000000000044,1.0000000000000115,1.000000000000025,1.0000000000000018,1.0000000000000027,0.9923656724541354,0.9923527319595709,0.992702932561726,0.9927644280921166,0.9929240377570782,0.9930221152394658,0.9923303073441405,0.9923998897300312
500,5,1e-06,160,4,-1,200,1.0,1.000000000497252,1.0000000004950047,1.0000000004950236,1.0000000004950351,1.0000000004952447,1.000000000942876,1.0000000004950091,1.0000000005017324,0.994284631358431,0.9943130646258334,0.9946678696140591,0.9947703919872091,0.994963021669184,0.9950235997715202,0.9942374066809757,0.9943280300890847,0.013157894743384895,0.013157894743355325,0.013157894743355575,0.013157894743355726,0.013157894743358482,0.013157894749248368,0.013157894743355382,0.01315789474344388,0.013082692517874092,0.013083066639813597,0.013087735126500777,0.013089084105094856,0.013091618706173475,0.013092415786467372,0.013082123043268667,0.01308330903164673,0.6011876112593582,0.5773287556319098,1.0081612365846966,1.1651909902178805,1.3285313468334596,1.7113147823191,0.5582183631007045,0.6461431249607696,3.4143063675193717,1.7321804435632493,4.603903357126852,5.663050901440908,15.750956256220448,200.74063657063402,2.2051365192999026,5.563567057491204,,,,,,,,,1.0,1.0000000000000002,1.0000000000000004,1.0000000000000004,1.0000000000000007,1.0000000000000007,1.0,1.0,1.0000000533927766,1.000000001024134,1.0000000056658225,1.0000000084872225,1.0000000578219903,1.0000100934360487,1.0000000020820965,1.000000155015595,89.99999985885515,90.0,90.0,90.0,90.0,90.0,89.9999997970603,89.99999991274949,1.000000000002252,1.0000000000000047,1.0000000000000235,1.000000000000035,1.0000000000002447,1.000000000447876,1.000000000000009,1.0000000000067333,0.9942846308662601,0.9943130641336484,0.9946678691216984,0.9947703914947976,0.9949630211766773,0.9950235992789835,0.9942414308787683,0.9943294610537016
500,5,1e-06,160,5,0,200,1.0,4.921235915758698e-09,4.95019983247885e-10,4.955533568746823e-10,5.017152318976806e-10,7.396688590410274e-10,8.848916026418428e-07,4.966775012846945e-10,1.3767262550421669e-08,4.402124047479693e-09,4.933302828663446e-12,4.997671244445271e-12,8.112541512210519e-12,2.195664929690317e-10,8.787476384157671e-07,6.171087332633843e-12,1.3190531020124561e-08,6.561647887678264e-11,6.6002664433051334e-12,6.60737809166243e-12,6.689536425302408e-12,9.862251453880364e-12,1.1798554701891238e-08,6.624275910445913e-12,1.8354958380699115e-10,5.869498729972925e-11,6.577737104884594e-14,6.663561659260361e-14,1.0816722016280691e-13,2.9275532395870896e-12,1.1716635178876895e-08,8.042556632329237e-14,1.7591964329632513e-10,0.2957222161638685,0.23868602909681166,0.5979755980013745,0.6979401476459376,0.882132143696465,1.1783905759223519,0.2651147619009415,0.32822833530027373,18.153462186997125,4.189729956294033,21.459096307921964,59.384231534469066,169.7918997535211,1370.9486672277785,8.768074109150483,34.503463251058506,0.00040665370190220073,9.301026720622619e-05,0.0004948299832754139,0.001333025959835619,0.0038306623728012294,0.03066444918045385,0.00019864403562485058,0.000787789081644777,0.00040658112952539767,9.301026680398611e-05,0.0004948299226869583,0.0013330247753004496,0.0038306342675783586,0.030650042319613068,0.0001976174970505765,0.000735597072780204,0.0004124205950745887,9.976828848725584e-05,0.0004966738881740646,0.0013335257428689674,0.0038307914390941097,0.03065013805004437,0.00020034895072496486,0.000782187841394967,0.023296768393852307,0.005329095746937806,0.028351667303904,0.07637671623404024,0.2194797131582917,1.7563931400085866,0.011399792144496834,0.044021719855193174,9.94189073890646,1.0000403701977476,1.001117892676126,1.0135661250458194,1.494280523315207,1787.6598033168543,1.003186834743726,27.815190401049886,8.893179893898374,0.009966268340734236,0.01009630554433388,0.016388972751940442,0.44356867266471056,1775.2477543752873,0.01269247959815079,26.651137934406826
500,5,1e-06,160,6,1,200,1.0,4.940162835943844e-10,4.940048113464772e-10,4.940251876717112e-10,4.940525436915994e-10,4.942156296122563e-10,4.946011073882197e-10,4.940099786393288e-10,4.940240724958164e-10,5.909381298538564e-12,5.908594800835257e-12,5.910017062641071e-12,5.910802457808082e-12,5.92114503201176e-12,5.983915864740073e-12,5.908729073923081e-12,5.910400839971022e-12,6.6758957242484376e-12,6.675740693871314e-12,6.676016049617719e-12,6.676385725562154e-12,6.678589589354815e-12,6.6837987484894555e-12,6.675804149407964e-12,6.676019464356992e-12,7.985650403430492e-14,7.984587568696293e-14,7.986509544109556e-14,7.98757088892984e-14,8.001547340556432e-14,8.086372790189287e-14,7.984758272329757e-14,7.986945148594421e-14,0.5654586085451906,0.5210711034987642,0.9784977090131851,1.0920881411080343,1.2962427439224613,1.5581704035739026,0.526629866167243,0.6080081648161829,2.6600809086624726,1.919158690247568,4.697820544415446,6.999539811891085,14.180895348493346,23.99464448216483,2.315457331130024,3.0714550813472044,5.949893566485039e-05,4.249599413983887e-05,0.00010968741343234001,0.00015612383272722567,0.0003147836805001536,0.0005148749308929919,5.184676142897567e-05,6.902140631539076e-05,5.9461163767087665e-05,4.244835850069919e-05,0.0001096152154858697,0.00015586903965612828,0.00031467583156271625,0.0005148024907134707,5.191027615522416e-05,6.812267527435692e-05,6.641638380682971e-05,4.9030845661792284e-05,0.00011189334107944627,0.00016116209856227264,0.00032045975232215297,0.0005152045930228405,5.913182495114255e-05,7.451187848845955e-05,0.0034068737458093673,0.0024321117900787644,0.006280489230334632,0.008930638165215712,0.018029597362525122,0.029496011303551433,0.002975276207048521,0.0039036285674485206,1.000032962741669,1.0000097395677678,1.0000509871896988,1.000106363748177,1.0004364971908024,1.0012168165753437,1.0000199672656804,1.0000497690636907,0.011962310320928269,0.011960718220314286,0.011963597292795692,0.011965187161554822,0.01198612354658251,0.012113190009595291,0.011960988621053353,0.011964313480021362
500,5,1e-06,160,7,2,200,1.0,4.930043483749484e-10,4.930026108235479e-10,4.930079399124921e-10,4.930110198747216e-10,4.930265945569077e-10,4.930731294856312e-10,4.930035395818441e-10,4.930053663799143e-10,6.880687607004476e-12,6.880755803070039e-12,6.882022937690766e-12,6.882273143564153e-12,6.883368455412777e-12,6.884303187565416e-12,6.880538407153668e-12,6.880834316873558e-12,6.753484224314363e-12,6.753460422240383e-12,6.7535334234587955e-12,6.753575614722214e-12,6.753788966532983e-12,6.754426431310017e-12,6.7534733506464936e-12,6.753498632521017e-12,9.425599461649967e-14,9.425692880917862e-14,9.427428681768173e-14,9.427771429539935e-14,9.429271856729832e-14,9.430552311733447e-14,9.425403814805953e-14,9.425795106580003e-14,0.7904456034640472,0.8012881812723052,1.1730902260318004,1.310521563737047,1.6376507071039406,1.6917875739529513,0.7494700392263028,0.8334765048064467,1.5688948260091764,1.2480440965935498,2.6688160980150992,3.0240748979096916,4.980721287701278,8.956592033858936,1.4416991140300235,1.7123313095350625,3.494519579140181e-05,2.830707246139284e-05,5.876331524824359e-05,6.790445690012153e-05,0.00011258069858975683,0.00018921194918407682,3.226508946302445e-05,3.796357076955878e-05,3.489127815477912e-05,2.8245627779481023e-05,5.8751397375060124e-05,6.785069209379213e-05,0.00011258008635103523,0.0001881313190781386,3.205813449791271e-05,3.807601257875418e-05,4.179579610513464e-05,3.6124582407257426e-05,6.295891309993918e-05,7.413206701948604e-05,0.00011495688308119223,0.00018957408516927728,3.9169747946903716e-05,4.479909267617213e-05,0.001999122981264428,0.0016183552616769296,0.003366207112023522,0.003887558297013954,0.006450363818765173,0.010779130640991369,0.0018319640753874792,0.002185197672257399,1.0000088202331612,1.0000052957881298,1.0000161052991725,1.0000223526870622,1.0000539443344987,1.0001483356706515,1.0000071431240842,1.0000107812352603,0.013956769993923885,0.01395690832265728,0.01395947857543766,0.013959986092422218,0.013962207820309895,0.013964103828733096,0.013956480186907804,0.013957057133260977
500,5,1e-06,240,3,-2,200,1.0,2.0000000004950045,2.000000000495003,2.0000000004950067,2.000000000495009,2.000000000495023,2.0000000004950502,2.000000000495004,2.000000000495005,1.9847313453994915,1.9847054644103563,1.98540586561484,1.9855288566756517,1.9858480760056536,1.9860442309704776,1.9846584060958956,1.98480019998374,0.0170940170982479,0.01709401709824789,0.01709401709824792,0.01709401709824794,0.017094017098248062,0.01709401709824829,0.017094017098247892,0.017094017098247906,0.016963515772645228,0.01696329456760988,0.01696928090269094,0.0169703321083389,0.016973060478680798,0.016974737016841688,0.016962909156118613,0.016964134302728757,0.9219311614425787,0.8734191483982415,1.4619057352564724,1.6375465119676516,1.7966734541497096,1.8986365171993127,0.8680954406612523,0.9746155142089443,1.3537506051406738,1.1449778882262953,2.304117992812919,2.5380906545640896,4.7047723193849675,6.811682508733123,1.239622580084396,1.4730514189022712,,,,,,,,,1.0000000000000002,1.0000000000000002,1.0000000000000004,1.0000000000000007,1.0000000000000009,1.0000000000000009,1.0,1.0000000000000002,1.4142135628969605,1.4142135626990706,1.4142135634041284,1.4142135636716837,1.4142135662075752,1.4142135708528454,1.414213562792036,1.4142135630179211,89.99999995606257,90.0,90.0,90.0,90.0,90.0,89.99999992221808,89.99999998406837,1.0000000000000022,1.0000000000000016,1.0000000000000033,1.0000000000000044,1.0000000000000115,1.000000000000025,1.0000000000000018,1.0000000000000027,0.9923656724541354,0.9923527319595709,0.992702932561726,0.9927644280921166,0.9929240377570782,0.9930221152394658,0.9923298351033958,0.9924020266082074
500,5,1e-06,240,4,-1,200,1.0,1.000000000497252,1.0000000004950047,1.0000000004950236,1.0000000004950351,1.0000000004952447,1.000000000942876,1.000000000495009,1.0000000005017347,0.994284631358431,0.9943130646258334,0.9946678696140591,0.9947703919872091,0.994963021669184,0.9950235997715202,0.994241065565838,0.9943288694727952,0.008620689659459068,0.008620689659439696,0.00862068965943986,0.008620689659439958,0.008620689659441766,0.008620689663300655,0.008620689659439735,0.008620689659497714,0.008571419235848542,0.008571664350222701,0.008574723013914301,0.00857560682747594,0.00857726742818262,0.00857778965320276,0.008571035219112637,0.008571797719419998,0.6011876112593582,0.5773287556319098,1.0081612365846966,1.1651909902178805,1.3285313468334596,1.7113147823191,0.5592034033660469,0.6452653325335155,3.4143063675193717,1.7321804435632493,4.603903357126852,5.663050901440908,15.750956256220448,200.74063657063402,2.176154280180009,5.541854738179615,,,,,,,,,1.0,1.0000000000000002,1.0000000000000004,1.0000000000000004,1.0000000000000007,1.0000000000000007,1.0,1.0,1.0000000533927766,1.000000001024134,1.0000000056658225,1.0000000084872225,1.0000000578219903,1.0000100934360487,1.0000000021372804,1.0000001548920514,89.99999985885515,90.0,90.0,90.0,90.0,90.0,89.99999980044363,89.99999991452042,1.000000000002252,1.0000000000000047,1.0000000000000235,1.000000000000035,1.0000000000002447,1.000000000447876,1.000000000000009,1.0000000000067366,0.9942846308662601,0.9943130641336484,0.9946678691216984,0.9947703914947976,0.9949630211766773,0.9950235992789835,0.9942416226411303,0.994327641610051
500,5,1e-06,240,5,0,200,1.0,4.921235915758698e-09,4.95019983247885e-10,4.955533568746823e-10,5.017152318976806e-10,7.396688590410274e-10,8.848916026418428e-07,4.96615914417605e-10,1.3767403692823675e-08,4.402124047479693e-09,4.933302828663446e-12,4.997671244445271e-12,8.112541512210519e-12,2.195664929690317e-10,8.787476384157671e-07,6.1307502446602204e-12,1.3190247026024768e-08,4.279335578920607e-11,4.304521593459869e-12,4.309159624997237e-12,4.362741146936353e-12,6.43190312209589e-12,7.694709588189938e-09,4.320059540079752e-12,1.1972405113513783e-10,3.827933954330168e-11,4.2898285466638664e-14,4.3458010821263225e-14,7.05438392366132e-14,1.9092738519046236e-12,7.641283812311018e-09,5.379260453076318e-14,1.147145366358505e-10,0.2957222161638685,0.23868602909681166,0.5979755980013745,0.6979401476459376,0.882132143696465,1.1783905759223519,0.2640000788074255,0.32708171138133424,18.153462186997125,4.189729956294033,21.459096307921964,59.384231534469066,169.7918997535211,1370.9486672277785,9.00337476211865,34.64397355017365,0.00040665370190220073,9.301026720622619e-05,0.0004948299832754139,0.001333025959835619,0.0038306623728012294,0.03066444918045385,0.00020135244175499485,0.0007770569509890744,0.00040658112952539767,9.301026680398611e-05,0.0004948299226869583,0.0013330247753004496,0.0038306342675783586,0.030650042319613068,0.00020123558333787203,0.0007542616129000322,0.0004124205950745887,9.976828848725584e-05,0.0004966738881740646,0.0013335257428689674,0.0038307914390941097,0.03065013805004437,0.0002055275969764903,0.0007641150096691587,0.023296768393852307,0.005329095746937806,0.028351667303904,0.07637671623404024,0.2194797131582917,1.7563931400085866,0.01146679544375637,0.04401795355672877,9.94189073890646,1.0000403701977476,1.001117892676126,1.0135661250458194,1.494280523315207,1787.6598033168543,1.0035456728073864,27.812762310453767,8.893179893898374,0.009966268340734236,0.01009630554433388,0.016388972751940442,0.44356867266471056,1775.2477543752873,0.012443153291649165,26.647961583849344
500,5,1e-06,240,6,1,200,1.0,4.940162835943844e-10,4.940048113464772e-10,4.940251876717112e-10,4.940525436915994e-10,4.942156296122563e-10,4.946011073882197e-10,4.940096709770411e-10,4.940245816927051e-10,5.909381298538564e-12,5.908594800835257e-12,5.910017062641071e-12,5.910802457808082e-12,5.92114503201176e-12,5.983915864740073e-12,5.9087247034800775e-12,5.910339540133557e-12,4.333476171880565e-12,4.333375538126993e-12,4.333554277822028e-12,4.333794242908767e-12,4.335224821160143e-12,4.338606205159822e-12,4.333420409201625e-12,4.3335575177659095e-12,5.1836678057355825e-14,5.182977895469524e-14,5.1842254935447986e-14,5.1849144366737564e-14,5.193986870185754e-14,5.249049004157959e-14,5.183066283027916e-14,5.1844973485086e-14,0.5654586085451906,0.5210711034987642,0.9784977090131851,1.0920881411080343,1.2962427439224613,1.5581704035739026,0.5267319027336579,0.6065195881435805,2.6600809086624726,1.919158690247568,4.697820544415446,6.999539811891085,14.180895348493346,23.99464448216483,2.3184812052709596,3.0593180548542778,5.949893566485039e-05,4.249599413983887e-05,0.00010968741343234001,0.00015612383272722567,0.0003147836805001536,0.0005148749308929919,5.144854052354237e-05,6.871699601870223e-05,5.9461163767087665e-05,4.244835850069919e-05,0.0001096152154858697,0.00015586903965612828,0.00031467583156271625,0.0005148024907134707,5.1700946864166246e-05,6.824404239113282e-05,6.641638380682971e-05,4.9030845661792284e-05,0.00011189334107944627,0.00016116209856227264,0.00032045975232215297,0.0005152045930228405,5.870633729250976e-05,7.548638045638878e-05,0.0034068737458093673,0.0024321117900787644,0.006280489230334632,0.008930638165215712,0.018029597362525122,0.029496011303551433,0.0029818772736266218,0.003883369489451028,1.000032962741669,1.0000097395677678,1.0000509871896988,1.000106363748177,1.0004364971908024,1.0012168165753437,1.0000197150333276,1.00004999635368,0.011962310320928269,0.011960718220314286,0.011963597292795692,0.011965187161554822,0.01198612354658251,0.012113190009595291,0.01196094543989489,0.01196425333775779
500,5,1e-06,240,7,2,200,1.0,4.930043483749484e-10,4.930026108235479e-10,4.930079399124921e-10,4.930110198747216e-10,4.930265945569077e-10,4.930731294856312e-10,4.930035329718417e-10,4.930053771478362e-10,6.880687607004476e-12,6.880755803070039e-12,6.882022937690766e-12,6.882273143564153e-12,6.883368455412777e-12,6.884303187565416e-12,6.880539300407343e-12,6.880833293682851e-12,4.362870339601314e-12,4.362854963040247e-12,4.362902123119399e-12,4.362929379422315e-12,4.36306720846821e-12,4.363479021996736e-12,4.3628632684150164e-12,4.362878737012958e-12,6.089104076995112e-14,6.089164427495609e-14,6.09028578556705e-14,6.09050720669394e-14,6.091476509214847e-14,6.092303705810103e-14,6.088974657766267e-14,6.089234888769542e-14,0.7904456034640472,0.8012881812723052,1.1730902260318004,1.310521563737047,1.6376507071039406,1.6917875739529513,0.7481252995144859,0.8366321959778621,1.5688948260091764,1.2480440965935498,2.6688160980150992,3.0240748979096916,4.980721287701278,8.956592033858936,1.441932428828663,1.7140641487253976,3.494519579140181e-05,2.830707246139284e-05,5.876331524824359e-05,6.790445690012153e-05,0.00011258069858975683,0.00018921194918407682,3.2057803179015634e-05,3.802305486812715e-05,3.489127815477912e-05,2.8245627779481023e-05,5.8751397375060124e-05,6.785069209379213e-05,0.00011258008635103523,0.0001881313190781386,3.2030989813523716e-05,3.8047020951858456e-05,4.179579610513464e-05,3.6124582407257426e-05,6.295891309993918e-05,7.413206701948604e-05,0.00011495688308119223,0.00018957408516927728,3.910514615693985e-05,4.478108739766531e-05,0.001999122981264428,0.0016183552616769296,0.003366207112023522,0.003887558297013954,0.006450363818765173,0.010779130640991369,0.0018391887463274118,0.0021827237500442456,1.0000088202331612,1.0000052957881298,1.0000161052991725,1.0000223526870622,1.0000539443344987,1.0001483356706515,1.0000071671864257,1.0000108548313864,0.013956769993923885,0.01395690832265728,0.01395947857543766,0.013959986092422218,0.013962207820309895,0.013964103828733096,0.013956471294307401,0.013957082049409604
500,15,1e-06,80,13,-2,200,1.0,2.0000000004850125,2.000000000485007,2.000000000485019,2.0000000004850325,2.0000000004850675,2.0000000004852634,2.00000000048501,2.0000000004850165,1.9840584411599362,1.9841004604874648,1.9849799671832205,1.9851706609584803,1.9856761272546442,1.9857572835555395,1.9839547917396172,1.9841577773794334,0.07407407409203749,0.0740740740920373,0.07407407409203774,0.07407407409203824,0.07407407409203953,0.07407407409204679,0.0740740740920374,0.07407407409203765,0.07348364596888651,0.07348520224027646,0.0735177765623415,0.07352483929475852,0.07354356026869052,0.07354656605761258,0.07347974625239191,0.07348749818724688,0.49670887003282516,0.4908265903312074,0.7769813911564853,0.8738676826154979,0.9994963984933664,1.1201535101612456,0.4674996231576269,0.5243209949351207,2.55204397202848,2.037477822087987,4.042325592072744,5.541873877126627,7.972238078969922,16.340517388239892,2.32583755661829,2.8191600181710106,,,,,,,,,1.0,1.0000000000000002,1.0000000000000004,1.0000000000000007,1.0000000000000007,1.0000000000000007,1.0,1.0,1.4142135645509615,1.4142135636094233,1.414213565744549,1.4142135681267738,1.4142135740188733,1.4142136062850552,1.4142135640688298,1.4142135651559737,89.9999998508057,90.0,90.0,90.0,90.0,90.0,89.99999979677257,89.99999989953147,1.0000000000000062,1.0000000000000036,1.0000000000000095,1.0000000000000162,1.0000000000000338,1.0000000000001317,1.0000000000000049,1.000000000000008,0.992029220339401,0.9920502300031602,0.9924899833509314,0.9925853302385381,0.9928380633865589,0.9928786415369967,0.991978565978218,0.9920817380150028
500,15,1e-06,80,14,-1,200,1.0,1.0000000004850678,1.0000000004850143,1.0000000004850955,1.0000000004852596,1.0000000004859293,1.0000000004887397,1.000000000485036,1.000000000485113,0.9939866658064196,0.9940654512368485,0.9945330644153683,0.9946114226000083,0.9948152081540472,0.9948537918884579,0.9939235318905663,0.994050891193917,0.038461538480194915,0.038461538480192854,0.03846153848019598,0.0384615384802023,0.03846153848022805,0.03846153848033614,0.03846153848019372,0.038461538480196754,0.03823025637716999,0.03823328658603263,0.038251271708283394,0.0382542854846157,0.03826212339054028,0.038263607380325304,0.03822768746059947,0.03823267904768498,0.3336671387842487,0.3133127373854073,0.5740632077079698,0.6807413070563113,0.8155569744366477,0.8473098247491154,0.3088889200683373,0.3587094711458312,4.925993110862223,3.1917042540888874,9.209246583616604,15.085905748176986,27.832261435470315,50.281761132057554,4.238743325548732,5.751695272031121,,,,,,,,,1.0,1.0,1.0000000000000002,1.0000000000000002,1.0000000000000004,1.0000000000000004,1.0,1.0,1.0000000144206238,1.0000000034736973,1.0000000233512865,1.0000000616743263,1.0000001948965924,1.0000005889967205,1.000000008823984,1.000000022022598,89.9999994870185,90.0,90.0,90.0,90.0,90.0,89.99999939598057,89.99999956778518,1.0000000000000677,1.0000000000000142,1.0000000000000955,1.0000000000002596,1.0000000000009293,1.0000000000037397,1.0000000000000377,1.0000000000001135,0.9939866653243361,0.9940654507547266,0.9945330639330197,0.9946114221176217,0.9948152076715618,0.9948537914059538,0.9939193340319924,0.9940504694411313
500,15,1e-06,80,15,0,200,1.0,7.879896823946849e-07,4.850769226338823e-10,4.880614509049832e-10,4.951632226601492e-10,1.8186758294478427e-09,0.00015749624094377063,4.898783019028444e-10,2.3629584908451835e-06,7.838073493296365e-07,1.44957645467939e-11,1.55765647023498e-11,2.008687788431774e-11,1.2732294522785918e-09,0.00015675378220711192,1.8224034157945955e-11,2.371027203258409e-06,3.151958729578739e-08,1.9403076905355298e-11,1.952245803619933e-11,1.9806528906405968e-11,7.274703317791371e-11,6.299849637750825e-06,1.9587398275371642e-11,9.451864746899148e-08,3.135229397318546e-08,5.79830581871756e-13,6.230625880939921e-13,8.034751153727096e-13,5.0929178091143674e-11,6.270151288284477e-06,7.420406122196818e-13,9.405469821735024e-08,0.15472045389195582,0.12358166113613547,0.335818382735578,0.41988482547101946,0.5544935198638129,0.6058365914187495,0.13794779397243045,0.1729920509157814,45.093124332631604,8.092442413540788,47.06348527925011,71.1061514457068,275.0182981994729,5084.629575108065,15.80285351784237,99.86192112712219,0.0009954160626116561,0.00018073640064589802,0.0010067774052811812,0.0015289994883642287,0.005956056346018816,0.11273072361222211,0.00035007783973035097,0.0022842562594124196,0.0009918662513323717,0.00018073639769355894,0.0010067768948057259,0.001528997698695004,0.005955950535386889,0.11202117611223723,0.0003498862300775382,0.002194718443413025,0.001004142014253113,0.00019484406460243815,0.0010081588265469083,0.0015298162643228488,0.005956179883568985,0.11202121192071013,0.000355034963828841,0.0022126858855413293,0.056897289944546375,0.010355432848619693,0.05768407673299322,0.08760514920056398,0.3412528494789499,6.431840666508043,0.019799446585230116,0.12298473665726642,1624.7209946282167,1.0001586033688297,1.006312269907182,1.0209550982683488,3.7498470710264797,324734.51740983635,1.0091198794061234,4872.089993163351,1616.0976274837867,0.029888174323286394,0.03211662825226763,0.04141624306044896,2.62521536552287,323203.674653839,0.03725249920517513,4848.16093503627
500,15,1e-06,80,16,1,200,1.0,4.841043755586306e-10,4.84018188377226e-10,4.841380479160188e-10,4.842787387188592e-10,4.857635786299223e-10,4.887156799970261e-10,4.840578052629687e-10,4.841684813601898e-10,1.5449888225727003e-11,1.5428272796300412e-11,1.5436405583178545e-11,1.5452589007982517e-11,1.5902262938598195e-11,1.743380454741475e-11,1.543345531474561e-11,1.5474000669666526e-11,2.0171015648276275e-11,2.016742451571775e-11,2.017241866316745e-11,2.0178280779952468e-11,2.024014910958009e-11,2.036315333320942e-11,2.016906950890475e-11,2.017356340210318e-11,6.437453427386253e-13,6.428446998458506e-13,6.431835659657728e-13,6.438578753326049e-13,6.625942891082581e-13,7.264085228089479e-13,6.430668480525447e-13,6.448092971459037e-13,0.2997024166095524,0.27645339256263557,0.540281680133447,0.6280178603214627,0.7264933388758879,0.8412646106481084,0.2759174055661199,0.3238689731638158,5.829274266323382,3.6173523645059866,11.393927888913405,17.23153316485342,35.53258142858604,54.38360015639447,4.928721740406755,6.830267823886328,0.00012896478424755993,7.691332930112574e-05,0.0002538780562626615,0.0003574970611276395,0.0008131271416435021,0.0011795646850900072,0.00011081383378990284,0.00015187486116567314,0.00012881390055534885,7.68824172624664e-05,0.0002538644559301951,0.000357481727613833,0.0008127311418833064,0.0011787059203587137,0.0001101216445385463,0.0001513590982768499,0.0001420173520450841,9.525280267607027e-05,0.00025870356817803695,0.0003619520066569969,0.0008145650166020449,0.0011801263150087737,0.00012313065883043963,0.0001646871988336923,0.007380493075863918,0.004405038032242763,0.014545362049573117,0.02048219468311862,0.046566069436108484,0.06753489016188391,0.006228658892754153,0.008626373146354595,1.0002156519806418,1.000037579291789,1.0002852229669807,1.0005759064439241,1.0036437574998394,1.0097431404897235,1.0001171828800168,1.000344103054698,0.031921256664725214,0.0318765966865711,0.031893399965244935,0.03192683679335231,0.03285591516239296,0.036020257329369317,0.031887591250705116,0.0319724108149273
500,15,1e-06,80,17,2,200,1.0,4.830165960472162e-10,4.83008749187039e-10,4.830265862353194e-10,4.830437508555429e-10,4.831633068816147e-10,4.834686604512744e-10,4.830121766048542e-10,4.830226662033086e-10,1.6359206831085283e-11,1.635892329083315e-11,1.6361361524927388e-11,1.6362417669926972e-11,1.6369786989771663e-11,1.6416792608094476e-11,1.635865356202721e-11,1.6359929849783723e-11,2.1000721567270268e-11,2.1000380399436475e-11,2.1001155923274756e-11,2.1001902211110556e-11,2.100710029920064e-11,2.1020376541359757e-11,2.100053016453502e-11,2.1000982026679234e-11,7.112698622210994e-13,7.112575343840499e-13,7.113635445620603e-13,7.114094639098684e-13,7.117298691205071e-13,7.137735916562815e-13,7.112460315877385e-13,7.113017088604737e-13,0.4416113905003734,0.42138779370779766,0.6697854756378262,0.7418190338688316,0.8984172116171795,1.0393078205009914,0.41594031775977736,0.46787471713266804,2.922902472137208,2.3731109798168957,4.887891584763769,6.369308134786139,12.804744942861126,20.305447267837224,2.6544565819638852,3.2359366824567672,6.44296607012762e-05,5.166859211631279e-05,0.0001101933990439924,0.0001407077058513677,0.0002791614663158261,0.00046005659115474953,5.8344225092958896e-05,7.135345905692098e-05,6.430180590199345e-05,5.161086307809612e-05,0.0001101784324360489,0.0001400133584764562,0.00027813324294383585,0.0004579386527078805,5.823178691807496e-05,7.160018758997522e-05,7.782061810695639e-05,6.610924527135375e-05,0.00011497292420513199,0.00014725682705273702,0.000280420987975605,0.0004608042373523016,7.207322495381098e-05,8.449639156839972e-05,0.003684222104592596,0.002957084632715351,0.006312759184724965,0.008022174542381218,0.015935861168582068,0.026237952993119363,0.0033410190591394748,0.004111754828344807,1.0000343603462034,1.00001811425888,1.0000550439654645,1.0000905814814551,1.0003381094857446,1.0009703114933217,1.0000254326491036,1.000046301987904,0.033869993439099966,0.03386940639924048,0.03387445450295525,0.03387664113856516,0.03389189852954796,0.03398921865029912,0.0338688898391304,0.03387163049100492
500,15,1e-06,160,13,-2,200,1.0,2.0000000004850125,2.000000000485007,2.000000000485019,2.0000000004850325,2.0000000004850675,2.0000000004852634,2.00000000048501,2.0000000004850165,1.9840584411599362,1.9841004604874648,1.9849799671832205,1.9851706609584803,1.9856761272546442,1.9857572835555395,1.9839586048429991,1.984158771692522,0.029850746275895707,0.02985074627589563,0.029850746275895807,0.02985074627589601,0.02985074627589653,0.029850746275899454,0.02985074627589567,0.029850746275895762,0.02961281255462591,0.029613439708768133,0.029626566674376423,0.02962941285012657,0.029636957123203644,0.02963816841127671,0.02961132469742424,0.02961436635442922,0.49670887003282516,0.4908265903312074,0.7769813911564853,0.8738676826154979,0.9994963984933664,1.1201535101612456,0.4690275078428391,0.5255000328757312,2.55204397202848,2.037477822087987,4.042325592072744,5.541873877126627,7.972238078969922,16.340517388239892,2.3249619001648356,2.818447616559581,,,,,,,,,1.0,1.0000000000000002,1.0000000000000004,1.0000000000000007,1.0000000000000007,1.0000000000000007,1.0,1.0,1.4142135645509615,1.4142135636094233,1.414213565744549,1.4142135681267738,1.4142135740188733,1.4142136062850552,1.414213564066732,1.4142135651895846,89.9999998508057,90.0,90.0,90.0,90.0,90.0,89.99999979864882,89.99999989817728,1.0000000000000062,1.0000000000000036,1.0000000000000095,1.0000000000000162,1.0000000000000338,1.0000000000001317,1.0000000000000049,1.000000000000008,0.992029220339401,0.9920502300031602,0.9924899833509314,0.9925853302385381,0.9928380633865589,0.9928786415369967,0.991974994792972,0.992080688492531
500,15,1e-06,160,14,-1,200,1.0,1.0000000004850678,1.0000000004850143,1.0000000004850955,1.0000000004852596,1.0000000004859293,1.0000000004887397,1.0000000004850365,1.000000000485111,0.9939866658064196,0.9940654512368485,0.9945330644153683,0.9946114226000083,0.9948152081540472,0.9948537918884579,0.993918769061281,0.9940530589509518,0.015151515158864664,0.015151515158863852,0.015151515158865082,0.015151515158867571,0.015151515158877716,0.015151515158920298,0.015151515158864202,0.015151515158865383,0.015060404027369993,0.015061597746012855,0.015068682794172247,0.015069870039394065,0.015072957699303747,0.015073542301340271,0.015059381267874426,0.015061432156648074,0.3336671387842487,0.3133127373854073,0.5740632077079698,0.6807413070563113,0.8155569744366477,0.8473098247491154,0.3085669765180634,0.35906595101944927,4.925993110862223,3.1917042540888874,9.209246583616604,15.085905748176986,27.832261435470315,50.281761132057554,4.218925747332489,5.684291835907204,,,,,,,,,1.0,1.0,1.0000000000000002,1.0000000000000002,1.0000000000000004,1.0000000000000004,1.0,1.0,1.0000000144206238,1.0000000034736973,1.0000000233512865,1.0000000616743263,1.0000001948965924,1.0000005889967205,1.0000000089998315,1.0000000220670389,89.9999994870185,90.0,90.0,90.0,90.0,90.0,89.99999940127258,89.99999957153331,1.0000000000000677,1.0000000000000142,1.0000000000000955,1.0000000000002596,1.0000000000009293,1.0000000000037397,1.0000000000000375,1.0000000000001144,0.9939866653243361,0.9940654507547266,0.9945330639330197,0.9946114221176217,0.9948152076715618,0.9948537914059538,0.9939200617488131,0.994052224605764
500,15,1e-06,160,15,0,200,1.0,7.879896823946849e-07,4.850769226338823e-10,4.880614509049832e-10,4.951632226601492e-10,1.8186758294478427e-09,0.00015749624094377063,4.896647522825132e-10,2.3629656613460764e-06,7.838073493296365e-07,1.44957645467939e-11,1.55765647023498e-11,2.008687788431774e-11,1.2732294522785918e-09,0.00015675378220711192,1.842229895089537e-11,2.351369365919894e-06,1.212291819068746e-08,7.462721886675113e-12,7.508637706230512e-12,7.617895733233064e-12,2.7979628145351426e-11,2.423019091442625e-06,7.538335889094765e-12,4.8467740289728524e-08,1.2058574605071331e-08,2.2301176225836772e-13,2.396394569592277e-13,3.090288905279652e-13,1.9588145419670642e-11,2.411596649340183e-06,2.8139243107608655e-13,3.617488379607471e-08,0.15472045389195582,0.12358166113613547,0.335818382735578,0.41988482547101946,0.5544935198638129,0.6058365914187495,0.1370151835082829,0.1732794453903079,45.093124332631604,8.092442413540788,47.06348527925011,71.1061514457068,275.0182981994729,5084.629575108065,16.13158420584134,99.50895767174684,0.0009954160626116561,0.00018073640064589802,0.0010067774052811812,0.0015289994883642287,0.005956056346018816,0.11273072361222211,0.0003563779226182829,0.0022106967610770367,0.0009918662513323717,0.00018073639769355894,0.0010067768948057259,0.001528997698695004,0.005955950535386889,0.11202117611223723,0.00035225395138341933,0.002180010880688185,0.001004142014253113,0.00019484406460243815,0.0010081588265469083,0.0015298162643228488,0.005956179883568985,0.11202121192071013,0.00035431040285051156,0.002189838986209426,0.056897289944546375,0.010355432848619693,0.05768407673299322,0.08760514920056398,0.3412528494789499,6.431840666508043,0.02006029064154687,0.1257054033443409,1624.7209946282167,1.0001586033688297,1.006312269907182,1.0209550982683488,3.7498470710264797,324734.51740983635,1.0095815707234534,4872.09750423974,1616.0976274837867,0.029888174323286394,0.03211662825226763,0.04141624306044896,2.62521536552287,323203.674653839,0.03780026701119391,4848.184623175347
500,15,1e-06,160,16,1,200,1.0,4.841043755586306e-10,4.84018188377226e-10,4.841380479160188e-10,4.842787387188592e-10,4.857635786299223e-10,4.887156799970261e-10,4.840566715709117e-10,4.841702422795467e-10,1.5449888225727003e-11,1.5428272796300412e-11,1.5436405583178545e-11,1.5452589007982517e-11,1.5902262938598195e-11,1.743380454741475e-11,1.5433239027668433e-11,1.5476059288668208e-11,7.564130868103603e-12,7.562784193394156e-12,7.564656998687794e-12,7.566855292482176e-12,7.590055916092535e-12,7.636182499953533e-12,7.563382655660449e-12,7.565147585763181e-12,2.414045035269844e-13,2.4106676244219394e-13,2.4119383723716477e-13,2.414467032497268e-13,2.484728584155968e-13,2.7240319605335546e-13,2.4114915117012316e-13,2.4179151723324993e-13,0.2997024166095524,0.27645339256263557,0.540281680133447,0.6280178603214627,0.7264933388758879,0.8412646106481084,0.2770250305300773,0.32339398993501983,5.829274266323382,3.6173523645059866,11.393927888913405,17.23153316485342,35.53258142858604,54.38360015639447,4.9297647215564595,6.846309556418569,0.00012896478424755993,7.691332930112574e-05,0.0002538780562626615,0.0003574970611276395,0.0008131271416435021,0.0011795646850900072,0.00011020996093553362,0.00015337729273158933,0.00012881390055534885,7.68824172624664e-05,0.0002538644559301951,0.000357481727613833,0.0008127311418833064,0.0011787059203587137,0.00010896817798964705,0.0001508117138905915,0.0001420173520450841,9.525280267607027e-05,0.00025870356817803695,0.0003619520066569969,0.0008145650166020449,0.0011801263150087737,0.00012221451643718747,0.00016384212492498212,0.007380493075863918,0.004405038032242763,0.014545362049573117,0.02048219468311862,0.046566069436108484,0.06753489016188391,0.0062432710647334026,0.008633234231601701,1.0002156519806418,1.000037579291789,1.0002852229669807,1.0005759064439241,1.0036437574998394,1.0097431404897235,1.0001163537750488,1.0003482754527824,0.031921256664725214,0.0318765966865711,0.031893399965244935,0.03192683679335231,0.03285591516239296,0.036020257329369317,0.03188665443403688,0.03197520318372691
500,15,1e-06,160,17,2,200,1.0,4.830165960472162e-10,4.83008749187039e-10,4.830265862353194e-10,4.830437508555429e-10,4.831633068816147e-10,4.834686604512744e-10,4.830121258758628e-10,4.830224657564255e-10,1.6359206831085283e-11,1.635892329083315e-11,1.6361361524927388e-11,1.6362417669926972e-11,1.6369786989771663e-11,1.6416792608094476e-11,1.635866331014835e-11,1.6359933262348844e-11,7.66693009598756e-12,7.666805542651412e-12,7.667088670401895e-12,7.667361124691157e-12,7.669258839390709e-12,7.674105721448799e-12,7.666861598725242e-12,7.667025261810974e-12,2.5966994969976637e-13,2.596654490608437e-13,2.5970415118932357e-13,2.597209153956662e-13,2.5983788872653434e-13,2.6058400965229325e-13,2.596613983003988e-13,2.5968206355584444e-13,0.4416113905003734,0.42138779370779766,0.6697854756378262,0.7418190338688316,0.8984172116171795,1.0393078205009914,0.41474134822492026,0.46822025055849664,2.922902472137208,2.3731109798168957,4.887891584763769,6.369308134786139,12.804744942861126,20.305447267837224,2.6365655452495074,3.2342701268669227,6.44296607012762e-05,5.166859211631279e-05,0.0001101933990439924,0.0001407077058513677,0.0002791614663158261,0.00046005659115474953,5.83911752002502e-05,7.189578386557105e-05,6.430180590199345e-05,5.161086307809612e-05,0.0001101784324360489,0.0001400133584764562,0.00027813324294383585,0.0004579386527078805,5.835166714326415e-05,7.155956602644008e-05,7.782061810695639e-05,6.610924527135375e-05,0.00011497292420513199,0.00014725682705273702,0.000280420987975605,0.0004608042373523016,7.200125304355518e-05,8.474146638089551e-05,0.003684222104592596,0.002957084632715351,0.006312759184724965,0.008022174542381218,0.015935861168582068,0.026237952993119363,0.0033364695707400684,0.004088162454741686,1.0000343603462034,1.00001811425888,1.0000550439654645,1.0000905814814551,1.0003381094857446,1.0009703114933217,1.0000253418626592,1.0000478123992187,0.033869993439099966,0.03386940639924048,0.03387445450295525,0.03387664113856516,0.03389189852954796,0.03398921865029912,0.03386889260955655,0.033871599259168134
500,15,1e-06,240,13,-2,200,1.0,2.0000000004850125,2.000000000485007,2.000000000485019,2.0000000004850325,2.0000000004850675,2.0000000004852634,2.00000000048501,2.000000000485016,1.9840584411599362,1.9841004604874648,1.9849799671832205,1.9851706609584803,1.9856761272546442,1.9857572835555395,1.9839530161667416,1.9841597218019844,0.018691588789579553,0.018691588789579505,0.01869158878957962,0.018691588789579744,0.01869158878958007,0.018691588789581902,0.01869158878957953,0.01869158878957959,0.01854260225383118,0.018542994957826773,0.018551214646572153,0.018552996831387666,0.018557720815463967,0.01855847928556579,0.01854162476697664,0.018543581789505305,0.49670887003282516,0.4908265903312074,0.7769813911564853,0.8738676826154979,0.9994963984933664,1.1201535101612456,0.4682900838946279,0.5255080645745875,2.55204397202848,2.037477822087987,4.042325592072744,5.541873877126627,7.972238078969922,16.340517388239892,2.326187560884608,2.804842317343484,,,,,,,,,1.0,1.0000000000000002,1.0000000000000004,1.0000000000000007,1.0000000000000007,1.0000000000000007,1.0,1.0,1.4142135645509615,1.4142135636094233,1.414213565744549,1.4142135681267738,1.4142135740188733,1.4142136062850552,1.4142135640799682,1.4142135652079166,89.9999998508057,90.0,90.0,90.0,90.0,90.0,89.99999979739701,89.99999990151264,1.0000000000000062,1.0000000000000036,1.0000000000000095,1.0000000000000162,1.0000000000000338,1.0000000000001317,1.0000000000000049,1.0000000000000082,0.992029220339401,0.9920502300031602,0.9924899833509314,0.9925853302385381,0.9928380633865589,0.9928786415369967,0.9919753400516398,0.9920812393988219
500,15,1e-06,240,14,-1,200,1.0,1.0000000004850678,1.0000000004850143,1.0000000004850955,1.0000000004852596,1.0000000004859293,1.0000000004887397,1.000000000485036,1.0000000004851137,0.9939866658064196,0.9940654512368485,0.9945330644153683,0.9946114226000083,0.9948152081540472,0.9948537918884579,0.9939219521257318,0.9940500631367996,0.009433962268727055,0.00943396226872655,0.009433962268727315,0.009433962268728864,0.00943396226873518,0.009433962268761696,0.009433962268726767,0.009433962268727497,0.009377232696286979,0.009377975955064607,0.009382387400144984,0.009383126628301965,0.009385049133528747,0.009385413131023188,0.009376638068655487,0.009377855515574034,0.3336671387842487,0.3133127373854073,0.5740632077079698,0.6807413070563113,0.8155569744366477,0.8473098247491154,0.3080229796464582,0.35870892282709843,4.925993110862223,3.1917042540888874,9.209246583616604,15.085905748176986,27.832261435470315,50.281761132057554,4.235168279780837,5.766477469796077,,,,,,,,,1.0,1.0,1.0000000000000002,1.0000000000000002,1.0000000000000004,1.0000000000000004,1.0,1.0,1.0000000144206238,1.0000000034736973,1.0000000233512865,1.0000000616743263,1.0000001948965924,1.0000005889967205,1.0000000088103125,1.0000000225075232,89.9999994870185,90.0,90.0,90.0,90.0,90.0,89.9999994024982,89.99999957372383,1.0000000000000677,1.0000000000000142,1.0000000000000955,1.0000000000002596,1.0000000000009293,1.0000000000037397,1.0000000000000377,1.000000000000112,0.9939866653243361,0.9940654507547266,0.9945330639330197,0.9946114221176217,0.9948152076715618,0.9948537914059538,0.9939183336810087,0.9940518326018544
500,15,1e-06,240,15,0,200,1.0,7.879896823946849e-07,4.850769226338823e-10,4.880614509049832e-10,4.951632226601492e-10,1.8186758294478427e-09,0.00015749624094377063,4.899241498252119e-10,2.3629667914789577e-06,7.838073493296365e-07,1.44957645467939e-11,1.55765647023498e-11,2.008687788431774e-11,1.2732294522785918e-09,0.00015675378220711192,1.8754855342781236e-11,2.3513839660157287e-06,7.504663641854143e-09,4.6197802155607844e-12,4.6482042943331734e-12,4.715840215810945e-12,1.7320722185217547e-11,1.4999641994644822e-06,4.661800150740416e-12,2.2504467661857514e-08,7.464831898377487e-09,1.380549004456562e-13,1.4834823526047431e-13,1.913035988982642e-13,1.2125994783605638e-11,1.4928931638772564e-06,1.7444070414566498e-13,2.2393995539626063e-08,0.15472045389195582,0.12358166113613547,0.335818382735578,0.41988482547101946,0.5544935198638129,0.6058365914187495,0.1365996039494159,0.1732896827616928,45.093124332631604,8.092442413540788,47.06348527925011,71.1061514457068,275.0182981994729,5084.629575108065,15.737617910264357,100.05834347727922,0.0009954160626116561,0.00018073640064589802,0.0010067774052811812,0.0015289994883642287,0.005956056346018816,0.11273072361222211,0.00034783962601674865,0.002172560541038054,0.0009918662513323717,0.00018073639769355894,0.0010067768948057259,0.001528997698695004,0.005955950535386889,0.11202117611223723,0.0003517357236104113,0.0021768383186208805,0.001004142014253113,0.00019484406460243815,0.0010081588265469083,0.0015298162643228488,0.005956179883568985,0.11202121192071013,0.0003652014188673725,0.002171786386578196,0.056897289944546375,0.010355432848619693,0.05768407673299322,0.08760514920056398,0.3412528494789499,6.431840666508043,0.019406777914361198,0.12477609019221444,1624.7209946282167,1.0001586033688297,1.006312269907182,1.0209550982683488,3.7498470710264797,324734.51740983635,1.009955449065277,4872.079516517304,1616.0976274837867,0.029888174323286394,0.03211662825226763,0.04141624306044896,2.62521536552287,323203.674653839,0.037946286322680774,4848.175545963986
500,15,1e-06,240,16,1,200,1.0,4.841043755586306e-10,4.84018188377226e-10,4.841380479160188e-10,4.842787387188592e-10,4.857635786299223e-10,4.887156799970261e-10,4.840554267831159e-10,4.841699870473852e-10,1.5449888225727003e-11,1.5428272796300412e-11,1.5436405583178545e-11,1.5452589007982517e-11,1.5902262938598195e-11,1.743380454741475e-11,1.5433335617678292e-11,1.547606828277576e-11,4.654849764986833e-12,4.6540210420887115e-12,4.655173537654026e-12,4.6565263338351844e-12,4.670803640672329e-12,4.699189230740635e-12,4.6544070395009205e-12,4.65542466837934e-12,1.4855661755506734e-13,1.4834877688750395e-13,1.4842697676133218e-13,1.4858258661521653e-13,1.5290637440959802e-13,1.6763273603283413e-13,1.4839475070782303e-13,1.487940115538582e-13,0.2997024166095524,0.27645339256263557,0.540281680133447,0.6280178603214627,0.7264933388758879,0.8412646106481084,0.27585377876161404,0.32432794767690065,5.829274266323382,3.6173523645059866,11.393927888913405,17.23153316485342,35.53258142858604,54.38360015639447,4.9161183973232285,6.836804862790224,0.00012896478424755993,7.691332930112574e-05,0.0002538780562626615,0.0003574970611276395,0.0008131271416435021,0.0011795646850900072,0.00010927949841003679,0.00015131415979656877,0.00012881390055534885,7.68824172624664e-05,0.0002538644559301951,0.000357481727613833,0.0008127311418833064,0.0011787059203587137,0.00010933681280890072,0.00015073371944297441,0.0001420173520450841,9.525280267607027e-05,0.00025870356817803695,0.0003619520066569969,0.0008145650166020449,0.0011801263150087737,0.00012331879717569305,0.00016324559304283884,0.007380493075863918,0.004405038032242763,0.014545362049573117,0.02048219468311862,0.046566069436108484,0.06753489016188391,0.006235138156356027,0.008741614426491098,1.0002156519806418,1.000037579291789,1.0002852229669807,1.0005759064439241,1.0036437574998394,1.0097431404897235,1.0001162078357904,1.0003497943771407,0.031921256664725214,0.0318765966865711,0.031893399965244935,0.03192683679335231,0.03285591516239296,0.036020257329369317,0.031886691041009545,0.03197111573086614
500,15,1e-06,240,17,2,200,1.0,4.830165960472162e-10,4.83008749187039e-10,4.830265862353194e-10,4.830437508555429e-10,4.831633068816147e-10,4.834686604512744e-10,4.830123073673383e-10,4.830230101789907e-10,1.6359206831085283e-11,1.635892329083315e-11,1.6361361524927388e-11,1.6362417669926972e-11,1.6369786989771663e-11,1.6416792608094476e-11,1.6358656443966232e-11,1.6359996529838437e-11,4.689481515021517e-12,4.689405331912999e-12,4.689578507139024e-12,4.689745153937309e-12,4.690905892054512e-12,4.693870489818198e-12,4.689438361099166e-12,4.6895418669709844e-12,1.5882725078723577e-13,1.5882449796925387e-13,1.5884817014492608e-13,1.5885842397987352e-13,1.5892997077448216e-13,1.5938633600091724e-13,1.588221659471642e-13,1.5883465348178876e-13,0.4416113905003734,0.42138779370779766,0.6697854756378262,0.7418190338688316,0.8984172116171795,1.0393078205009914,0.4164964805715811,0.46709291906635986,2.922902472137208,2.3731109798168957,4.887891584763769,6.369308134786139,12.804744942861126,20.305447267837224,2.640179126845282,3.2254044265821777,6.44296607012762e-05,5.166859211631279e-05,0.0001101933990439924,0.0001407077058513677,0.0002791614663158261,0.00046005659115474953,5.838078363914589e-05,7.170951364938376e-05,6.430180590199345e-05,5.161086307809612e-05,0.0001101784324360489,0.0001400133584764562,0.00027813324294383585,0.0004579386527078805,5.8016885903613605e-05,7.158321971543895e-05,7.782061810695639e-05,6.610924527135375e-05,0.00011497292420513199,0.00014725682705273702,0.000280420987975605,0.0004608042373523016,7.195891135293185e-05,8.476498367910665e-05,0.003684222104592596,0.002957084632715351,0.006312759184724965,0.008022174542381218,0.015935861168582068,0.026237952993119363,0.003342575253057832,0.004098734078178211,1.0000343603462034,1.00001811425888,1.0000550439654645,1.0000905814814551,1.0003381094857446,1.0009703114933217,1.000025248412259,1.0000472401675675,0.033869993439099966,0.03386940639924048,0.03387445450295525,0.03387664113856516,0.03389189852954796,0.03398921865029912,0.03386883534488549,0.03387158188761959
500,30,1e-06,80,28,-2,200,1.0,2.0000000004700276,2.0000000004700156,2.000000000470046,2.000000000470076,2.000000000470165,2.0000000004705036,2.0000000004700214,2.0000000004700347,1.9841221516626992,1.9841922616044232,1.9849383323825276,1.9851809809374406,1.985397761927093,1.9855831344436585,1.9840169851051344,1.984220209418349,0.1666666667058356,0.16666666670583463,0.16666666670583713,0.16666666670583966,0.16666666670584704,0.1666666667058753,0.16666666670583516,0.16666666670583627,0.1653435126385583,0.16534935513370191,0.16541152769854398,0.1654317484114534,0.16544981349392443,0.16546526120363822,0.16533531958448558,0.16535139895784104,0.3333665900941971,0.32071866836721913,0.5357968190202673,0.6092410121889941,0.6857025086965108,0.7491015993164807,0.31283818240610634,0.3543835838832779,3.8645293289976417,3.1180201025956165,6.2148381689353,8.430229350148464,12.660484231199218,22.842639334026035,3.554055175948055,4.270815322827885,,,,,,,,,1.0,1.0000000000000002,1.0000000000000004,1.0000000000000004,1.0000000000000007,1.0000000000000009,1.0,1.0,1.4142135671010374,1.4142135651533803,1.4142135704174923,1.4142135756613625,1.4142135905586493,1.414213642446502,1.4142135661742201,1.414213568248589,89.99999978927643,90.0,90.0,90.0,90.0,90.0,89.99999972806206,89.99999984739787,1.0000000000000135,1.0000000000000078,1.0000000000000229,1.000000000000038,1.0000000000000824,1.0000000000002518,1.0000000000000109,1.000000000000017,0.9920610755982153,0.992096130569069,0.9924691659580336,0.9925904902354614,0.9926988807302624,0.9927915669885232,0.9920103740040879,0.9921106418626989
500,30,1e-06,80,29,-1,200,1.0,1.0000000004703429,1.0000000004700313,1.0000000004701435,1.000000000470281,1.0000000004735239,1.0000000005107323,1.0000000004700775,1.0000000004707805,0.9940005260843836,0.9940290716393523,0.9945155518987504,0.9946757946797576,0.9947802710012186,0.9950141004499057,0.9939419957712179,0.9940578862735385,0.09090909095184935,0.09090909095182104,0.09090909095183124,0.09090909095184373,0.09090909095213853,0.09090909095552112,0.09090909095182526,0.0909090909518939,0.09036368418948941,0.09036627923994112,0.09041050471806822,0.09042507224361433,0.09043457009101986,0.09045582731362779,0.09035832936958392,0.09036881256305063,0.22195929321799723,0.20848599994178102,0.3660905890445825,0.43745798203649566,0.6119018568219988,0.6882346041836814,0.2053150552172816,0.2385931676704933,7.348756894870539,4.796614577941256,11.510731558322687,16.78098918009597,50.9191507858606,104.52695319993161,6.084212208191665,8.871380805641753,,,,,,,,,1.0,1.0,1.0000000000000002,1.0000000000000002,1.0000000000000004,1.0000000000000004,1.0,1.0,1.000000039567314,1.0000000078218891,1.000000035197211,1.0000000661872555,1.000000571245517,1.0000027347926574,1.000000017049437,1.0000000720314026,89.9999994671789,90.0,90.0,90.0,90.0,90.0,89.99999938110795,89.9999995467518,1.0000000000003428,1.0000000000000313,1.0000000000001434,1.0000000000002809,1.0000000000035238,1.0000000000407323,1.000000000000074,1.0000000000007887,0.9940005256172032,0.9940290711721587,0.9945155514313281,0.99467579421226,0.9947802705336718,0.995014099982249,0.9939399924487116,0.9940580577061379
500,30,1e-06,80,30,0,200,1.0,7.760535864653343e-10,4.701164890181773e-10,4.735722402765225e-10,4.912955696625125e-10,3.939873684925018e-09,5.328443943255498e-08,4.759514547847453e-10,1.3388421239635795e-09,3.2798553489807644e-10,2.810029473863301e-11,2.949769052872193e-11,4.229462511308991e-11,3.370802717487737e-09,5.2093893706539006e-08,3.25467817049462e-11,8.66139600584646e-10,7.760535864653344e-11,4.701164890181772e-11,4.7357224027652265e-11,4.9129556966251256e-11,3.939873684925018e-10,5.3284439432554975e-09,4.756321063253089e-11,1.32226309538305e-10,3.2798553489807656e-11,2.8100294738633008e-12,2.949769052872193e-12,4.229462511308991e-12,3.370802717487737e-10,5.2093893706539006e-09,3.2721690091402694e-12,8.683468210600618e-11,0.11324111841770831,0.10006419650831995,0.2124248819419092,0.2730817778367534,0.33592242610813455,0.4329689233073797,0.10233278114906989,0.12443718593005164,26.172207352631776,9.99436882497588,47.93219094426163,91.37582432559539,337.3728117189965,698.984140912999,18.424165475140352,36.33869813059917,0.0005659922194985359,0.00022435959302562192,0.0010635630430414979,0.0019249649881339054,0.0076102991039832335,0.0151284060420598,0.00039373762787955815,0.0007800139081157551,0.000565980555947441,0.00022435958737707296,0.0010635624414586623,0.0019249614088003289,0.007610078729267015,0.015126675129986725,0.00039472562023942716,0.0007759338725862433,0.0005832629499369628,0.00023870477725129903,0.001070591917591538,0.0019303602658264142,0.007610707688319902,0.015126883706917496,0.000419938621156712,0.0007916854926215243,0.03242851988745408,0.012854857557853688,0.060937650633502205,0.11029223280966075,0.4360296017228239,0.8667276987278285,0.022808945419046614,0.04481990589957166,1.6511778435432642,1.0002478489748452,1.0076005112266437,1.045309722686197,8.382709967925571,113.37114772884037,1.0130746310687933,2.8449064905275208,0.6978415636129288,0.059787861146027674,0.06276104367813176,0.08998856407040405,7.171920675505823,110.83807171604043,0.07229722276356274,1.879239447626271
500,30,1e-06,80,31,1,200,1.0,4.690828197981789e-10,4.690331162981577e-10,4.692039260431664e-10,4.693464979708216e-10,4.697597797831608e-10,4.69962534361789e-10,4.690648710869176e-10,4.69102297129032e-10,2.897543559719239e-11,2.896874684110756e-11,2.8985763001484988e-11,2.9009551360481716e-11,2.910871812459438e-11,2.917276624784391e-11,2.897210022816054e-11,2.8979233296128614e-11,5.2120313310908774e-11,5.21147906997953e-11,5.213376956035182e-11,5.214961088564684e-11,5.219553108701787e-11,5.2218059373532113e-11,5.211829556220748e-11,5.212262349669025e-11,3.219492844132488e-12,3.2187496490119513e-12,3.2206403334983317e-12,3.2232834844979685e-12,3.2343020138438195e-12,3.2414184719826564e-12,3.2191428267531863e-12,3.219942504212217e-12,0.21170286890665008,0.19774531105642892,0.36681021316171486,0.42344413364083544,0.5460421532851302,0.6788458338103134,0.19543278187898833,0.2275691167286727,6.8392311468692375,5.057057947816393,14.128270639731863,18.913919066000513,25.374592945961474,30.967804077185406,6.1530295344402575,7.553620628782139,0.0001477580487640822,0.00011037188734539487,0.00030251930386833426,0.0003927791339381759,0.0005692257739327985,0.0006284875978006602,0.00013332187385818204,0.00016339238932756175,0.00014760104174787848,0.00011035931004193252,0.000302011951198257,0.0003926327575150369,0.0005686652795208794,0.0006280973017498728,0.0001331501204966637,0.00016341983249072738,0.0001672544296729423,0.000128441385887494,0.0003127863254403225,0.00040173978359130943,0.000572331737766177,0.0006351687251930849,0.0001529418285630649,0.00018201487337082462,0.008456916852189342,0.006323122708213608,0.01730401042922792,0.02249620048219941,0.032582122228532656,0.03598732688002697,0.007599642972161479,0.009352669378155029,1.0001765880558187,1.000070610443833,1.0004348103265808,1.0007388016435428,1.0016199995376562,1.0020523120720448,1.0001395941516513,1.0002203334110615,0.06178131257397098,0.061767050833918036,0.06180333262576756,0.06185405407352177,0.0620654970673654,0.062202060229944366,0.06177441684235621,0.06178921574279433
500,30,1e-06,80,32,2,200,1.0,4.680338789184533e-10,4.680173223103518e-10,4.680521193052403e-10,4.681011021818994e-10,4.683430829743484e-10,4.684873585447087e-10,4.680265402801611e-10,4.680430988806631e-10,2.983991211618882e-11,2.9838348752845096e-11,2.984284104350592e-11,2.9846459940481096e-11,2.988166626463104e-11,2.991474378855087e-11,2.983882701876967e-11,2.984127551393765e-11,5.850423486480666e-11,5.850216528879398e-11,5.850651491315504e-11,5.851263777273742e-11,5.854288537179355e-11,5.856091981808859e-11,5.850325952909364e-11,5.850536493079371e-11,3.729989014523602e-12,3.729793594105637e-12,3.73035513043824e-12,3.730807492560137e-12,3.73520828307888e-12,3.739342973568859e-12,3.729858634430383e-12,3.7301667875445185e-12,0.3143830296819481,0.3055626830539181,0.4866982676389374,0.5604040720099159,0.6446991727971627,0.7607794715129256,0.2958051489152433,0.3331670802930033,4.217348245361069,3.272726438756707,6.863166691300364,9.195455109135157,19.32087125728828,21.07353050643906,3.8028741578496583,4.666044356237449,9.151564131190177e-05,7.019804911258953e-05,0.0001492089718353774,0.00020491270851394128,0.00039426732157241156,0.0004665576642527851,8.237017828512333e-05,0.00010144047802012822,9.134727954032701e-05,6.995123195213475e-05,0.00014910040998182872,0.00020471470784157308,0.0003936108685439418,0.0004659434027663854,8.245049703528168e-05,0.00010133841570018905,0.00011175651436545891,9.298803353948643e-05,0.0001606460413893194,0.00022274117749184326,0.0003993409657391759,0.0004691607280792672,0.0001036508143632875,0.0001210095390047532,0.005233813615623726,0.004007910365866562,0.008542824247281536,0.011729288845777048,0.02255224212085987,0.026696591436464336,0.0047277290974376066,0.005790117419450098,1.000072390851396,1.0000370134836576,1.0001113660368381,1.000216030303204,1.0007330832785222,1.0010413644117706,1.0000559270752434,1.0000915740023448,0.06376049597476241,0.06375715545479721,0.06376675436646564,0.06377448705231004,0.06384971424066463,0.06392039271057878,0.06375821168745802,0.06376327826040178
500,30,1e-06,160,28,-2,200,1.0,2.0000000004700276,2.0000000004700156,2.000000000470046,2.000000000470076,2.000000000470165,2.0000000004705036,2.0000000004700214,2.0000000004700347,1.9841221516626992,1.9841922616044232,1.9849383323825276,1.9851809809374406,1.985397761927093,1.9855831344436585,1.9840247104739852,1.9842134696863336,0.03846153847057744,0.03846153847057722,0.0384615384705778,0.038461538470578385,0.03846153847058009,0.03846153847058661,0.03846153847057734,0.03846153847057758,0.03815619522428268,0.038157543492392754,0.038171891007356296,0.03817655732572001,0.03818072619090564,0.03818429104699343,0.038154303100911675,0.03815797387229481,0.3333665900941971,0.32071866836721913,0.5357968190202673,0.6092410121889941,0.6857025086965108,0.7491015993164807,0.31366716211947704,0.35269210949226226,3.8645293289976417,3.1180201025956165,6.2148381689353,8.430229350148464,12.660484231199218,22.842639334026035,3.5003922247031767,4.257877115839222,,,,,,,,,1.0,1.0000000000000002,1.0000000000000004,1.0000000000000004,1.0000000000000007,1.0000000000000009,1.0,1.0,1.4142135671010374,1.4142135651533803,1.4142135704174923,1.4142135756613625,1.4142135905586493,1.414213642446502,1.4142135661632538,1.4142135683272146,89.99999978927643,90.0,90.0,90.0,90.0,90.0,89.99999972899367,89.99999984976071,1.0000000000000135,1.0000000000000078,1.0000000000000229,1.000000000000038,1.0000000000000824,1.0000000000002518,1.0000000000000107,1.0000000000000173,0.9920610755982153,0.992096130569069,0.9924691659580336,0.9925904902354614,0.9926988807302624,0.9927915669885232,0.9920124761609134,0.9921123204557212
500,30,1e-06,160,29,-1,200,1.0,1.0000000004703429,1.0000000004700313,1.0000000004701435,1.000000000470281,1.0000000004735239,1.0000000005107323,1.0000000004700758,1.000000000470822,0.9940005260843836,0.9940290716393523,0.9945155518987504,0.9946757946797576,0.9947802710012186,0.9950141004499057,0.9939429548167067,0.9940597050457467,0.019607843146477313,0.019607843146471203,0.019607843146473403,0.0196078431464761,0.019607843146539683,0.019607843147269263,0.019607843146472112,0.019607843146486406,0.01949020639381144,0.019490766110575534,0.019500304939191183,0.019503446954505052,0.019505495509827813,0.01951008040097854,0.019489016198053762,0.01949130088992288,0.22195929321799723,0.20848599994178102,0.3660905890445825,0.43745798203649566,0.6119018568219988,0.6882346041836814,0.2053794707547326,0.23987595688864607,7.348756894870539,4.796614577941256,11.510731558322687,16.78098918009597,50.9191507858606,104.52695319993161,6.067644744167431,8.944625398425412,,,,,,,,,1.0,1.0,1.0000000000000002,1.0000000000000002,1.0000000000000004,1.0000000000000004,1.0,1.0,1.000000039567314,1.0000000078218891,1.000000035197211,1.0000000661872555,1.000000571245517,1.0000027347926574,1.0000000171997097,1.0000000743869093,89.9999994671789,90.0,90.0,90.0,90.0,90.0,89.99999938595305,89.9999995495503,1.0000000000003428,1.0000000000000313,1.0000000000001434,1.0000000000002809,1.0000000000035238,1.0000000000407323,1.0000000000000764,1.0000000000008245,0.9940005256172032,0.9940290711721587,0.9945155514313281,0.99467579421226,0.9947802705336718,0.995014099982249,0.9939432993045387,0.9940565807074693
500,30,1e-06,160,30,0,200,1.0,7.760535864653343e-10,4.701164890181773e-10,4.735722402765225e-10,4.912955696625125e-10,3.939873684925018e-09,5.328443943255498e-08,4.757757065678989e-10,1.3214852543121747e-09,3.2798553489807644e-10,2.810029473863301e-11,2.949769052872193e-11,4.229462511308991e-11,3.370802717487737e-09,5.2093893706539006e-08,3.2294905745055537e-11,8.850816433225615e-10,1.5521071729306686e-11,9.402329780363545e-12,9.471444805530451e-12,9.82591139325025e-12,7.879747369850036e-11,1.0656887886510995e-09,9.520193215518624e-12,2.6725930404762946e-11,6.559710697961529e-12,5.620058947726602e-13,5.899538105744385e-13,8.458925022617982e-13,6.741605434975474e-11,1.04187787413078e-09,6.600865421850344e-13,1.7299102720624088e-11,0.11324111841770831,0.10006419650831995,0.2124248819419092,0.2730817778367534,0.33592242610813455,0.4329689233073797,0.10250596515723447,0.12410419086359263,26.172207352631776,9.99436882497588,47.93219094426163,91.37582432559539,337.3728117189965,698.984140912999,18.228319672731015,36.72185670703347,0.0005659922194985359,0.00022435959302562192,0.0010635630430414979,0.0019249649881339054,0.0076102991039832335,0.0151284060420598,0.00040041084619324874,0.0008078786628908465,0.000565980555947441,0.00022435958737707296,0.0010635624414586623,0.0019249614088003289,0.007610078729267015,0.015126675129986725,0.0003984396039311732,0.0007954355387027523,0.0005832629499369628,0.00023870477725129903,0.001070591917591538,0.0019303602658264142,0.007610707688319902,0.015126883706917496,0.0004102253869048729,0.0007948668199261162,0.03242851988745408,0.012854857557853688,0.060937650633502205,0.11029223280966075,0.4360296017228239,0.8667276987278285,0.022919455833557808,0.044942920651720224,1.6511778435432642,1.0002478489748452,1.0076005112266437,1.045309722686197,8.382709967925571,113.37114772884037,1.0122270890526668,2.890937897618521,0.6978415636129288,0.059787861146027674,0.06276104367813176,0.08998856407040405,7.171920675505823,110.83807171604043,0.06915286117487297,1.9133285434063516
500,30,1e-06,160,31,1,200,1.0,4.690828197981789e-10,4.690331162981577e-10,4.692039260431664e-10,4.693464979708216e-10,4.697597797831608e-10,4.69962534361789e-10,4.690641750606043e-10,4.691014243456507e-10,2.897543559719239e-11,2.896874684110756e-11,2.8985763001484988e-11,2.9009551360481716e-11,2.910871812459438e-11,2.917276624784391e-11,2.897218902801996e-11,2.897921999717522e-11,9.573118771391409e-12,9.572104414248117e-12,9.575590327411558e-12,9.578499958588195e-12,9.586934281288995e-12,9.59107212983243e-12,9.572755802416429e-12,9.573529861264708e-12,5.913354203508652e-13,5.91198915124644e-13,5.915461837037753e-13,5.920316604179942e-13,5.940554719304974e-13,5.953625764866103e-13,5.91269669830104e-13,5.914161771699234e-13,0.21170286890665008,0.19774531105642892,0.36681021316171486,0.42344413364083544,0.5460421532851302,0.6788458338103134,0.19588330803331414,0.22766434541624395,6.8392311468692375,5.057057947816393,14.128270639731863,18.913919066000513,25.374592945961474,30.967804077185406,6.142095296385206,7.558606314510149,0.0001477580487640822,0.00011037188734539487,0.00030251930386833426,0.0003927791339381759,0.0005692257739327985,0.0006284875978006602,0.0001335139977366239,0.00016355882195232904,0.00014760104174787848,0.00011035931004193252,0.000302011951198257,0.0003926327575150369,0.0005686652795208794,0.0006280973017498728,0.00013253320914514272,0.00016277014111508418,0.0001672544296729423,0.000128441385887494,0.0003127863254403225,0.00040173978359130943,0.000572331737766177,0.0006351687251930849,0.00015290732084697445,0.00018168083804919897,0.008456916852189342,0.006323122708213608,0.01730401042922792,0.02249620048219941,0.032582122228532656,0.03598732688002697,0.007550646384364064,0.009337723617486185,1.0001765880558187,1.000070610443833,1.0004348103265808,1.0007388016435428,1.0016199995376562,1.0020523120720448,1.0001380521428196,1.0002165246702113,0.06178131257397098,0.061767050833918036,0.06180333262576756,0.06185405407352177,0.0620654970673654,0.062202060229944366,0.06177439474197588,0.061788888460735054
500,30,1e-06,160,32,2,200,1.0,4.680338789184533e-10,4.680173223103518e-10,4.680521193052403e-10,4.681011021818994e-10,4.683430829743484e-10,4.684873585447087e-10,4.680262294171154e-10,4.680430145549645e-10,2.983991211618882e-11,2.9838348752845096e-11,2.984284104350592e-11,2.9846459940481096e-11,2.988166626463104e-11,2.991474378855087e-11,2.983882166994717e-11,2.984123872770979e-11,9.75070581080111e-12,9.750360881465661e-12,9.751085818859174e-12,9.752106295456238e-12,9.757147561965591e-12,9.760153303014765e-12,9.750552470820644e-12,9.750897660624556e-12,6.216648357539337e-13,6.216322656842728e-13,6.217258550730401e-13,6.218012487600228e-13,6.225347138464801e-13,6.232238289281431e-13,6.216412693292317e-13,6.21693799501707e-13,0.3143830296819481,0.3055626830539181,0.4866982676389374,0.5604040720099159,0.6446991727971627,0.7607794715129256,0.2959388836642158,0.3336383999272772,4.217348245361069,3.272726438756707,6.863166691300364,9.195455109135157,19.32087125728828,21.07353050643906,3.8094224580955722,4.685518368295465,9.151564131190177e-05,7.019804911258953e-05,0.0001492089718353774,0.00020491270851394128,0.00039426732157241156,0.0004665576642527851,8.276061124480915e-05,0.00010087651411173097,9.134727954032701e-05,6.995123195213475e-05,0.00014910040998182872,0.00020471470784157308,0.0003936108685439418,0.0004659434027663854,8.253659704245856e-05,0.00010103369606832796,0.00011175651436545891,9.298803353948643e-05,0.0001606460413893194,0.00022274117749184326,0.0003993409657391759,0.0004691607280792672,0.00010342438014447954,0.00012079612656723225,0.005233813615623726,0.004007910365866562,0.008542824247281536,0.011729288845777048,0.02255224212085987,0.026696591436464336,0.0047126616143631376,0.005785517513563199,1.000072390851396,1.0000370134836576,1.0001113660368381,1.000216030303204,1.0007330832785222,1.0010413644117706,1.0000567144232992,1.0000910307653395,0.06376049597476241,0.06375715545479721,0.06376675436646564,0.06377448705231004,0.06384971424066463,0.06392039271057878,0.06375808129633015,0.06376330259581843
500,30,1e-06,240,28,-2,200,1.0,2.0000000004700276,2.0000000004700156,2.000000000470046,2.000000000470076,2.000000000470165,2.0000000004705036,2.000000000470022,2.0000000004700342,1.9841221516626992,1.9841922616044232,1.9849383323825276,1.9851809809374406,1.985397761927093,1.9855831344436585,1.9840250148548797,1.9842181993349632,0.0217391304398916,0.021739130439891473,0.0217391304398918,0.02173913043989213,0.021739130439893093,0.021739130439896778,0.02173913043989154,0.021739130439891678,0.021566545126768474,0.021567307191352428,0.021575416656331822,0.021578054140624355,0.021580410455729275,0.021582425374387593,0.02156551814916327,0.021567573182457306,0.3333665900941971,0.32071866836721913,0.5357968190202673,0.6092410121889941,0.6857025086965108,0.7491015993164807,0.31375138217495974,0.3537843296287687,3.8645293289976417,3.1180201025956165,6.2148381689353,8.430229350148464,12.660484231199218,22.842639334026035,3.521620933264732,4.28250999616198,,,,,,,,,1.0,1.0000000000000002,1.0000000000000004,1.0000000000000004,1.0000000000000007,1.0000000000000009,1.0,1.0,1.4142135671010374,1.4142135651533803,1.4142135704174923,1.4142135756613625,1.4142135905586493,1.414213642446502,1.4142135661354909,1.4142135682983383,89.99999978927643,90.0,90.0,90.0,90.0,90.0,89.99999972658114,89.99999984569946,1.0000000000000135,1.0000000000000078,1.0000000000000229,1.000000000000038,1.0000000000000824,1.0000000000002518,1.0000000000000109,1.000000000000017,0.9920610755982153,0.992096130569069,0.9924691659580336,0.9925904902354614,0.9926988807302624,0.9927915669885232,0.9920111770675423,0.9921063967641143
500,30,1e-06,240,29,-1,200,1.0,1.0000000004703429,1.0000000004700313,1.0000000004701435,1.000000000470281,1.0000000004735239,1.0000000005107323,1.0000000004700775,1.000000000470812,0.9940005260843836,0.9940290716393523,0.9945155518987504,0.9946757946797576,0.9947802710012186,0.9950141004499057,0.993936846568689,0.9940569418964421,0.010989010994179592,0.010989010994176169,0.0109890109941774,0.010989010994178913,0.010989010994214548,0.010989010994623433,0.010989010994176675,0.01098901099418481,0.010923082704223996,0.010923396391641235,0.010928742328557697,0.010930503238239096,0.01093165132968372,0.010934220884064897,0.010922460456562779,0.01092371133543573,0.22195929321799723,0.20848599994178102,0.3660905890445825,0.43745798203649566,0.6119018568219988,0.6882346041836814,0.20555712148677266,0.2394439513515208,7.348756894870539,4.796614577941256,11.510731558322687,16.78098918009597,50.9191507858606,104.52695319993161,6.106165457609349,8.822664762042097,,,,,,,,,1.0,1.0,1.0000000000000002,1.0000000000000002,1.0000000000000004,1.0000000000000004,1.0,1.0,1.000000039567314,1.0000000078218891,1.000000035197211,1.0000000661872555,1.000000571245517,1.0000027347926574,1.0000000171456211,1.0000000731883254,89.9999994671789,90.0,90.0,90.0,90.0,90.0,89.99999938227519,89.9999995520375,1.0000000000003428,1.0000000000000313,1.0000000000001434,1.0000000000002809,1.0000000000035238,1.0000000000407323,1.0000000000000802,1.0000000000008036,0.9940005256172032,0.9940290711721587,0.9945155514313281,0.99467579421226,0.9947802705336718,0.995014099982249,0.9939401912217863,0.9940577262441126
500,30,1e-06,240,30,0,200,1.0,7.760535864653343e-10,4.701164890181773e-10,4.735722402765225e-10,4.912955696625125e-10,3.939873684925018e-09,5.328443943255498e-08,4.761663141129489e-10,1.3403617968326221e-09,3.2798553489807644e-10,2.810029473863301e-11,2.949769052872193e-11,4.229462511308991e-11,3.370802717487737e-09,5.2093893706539006e-08,3.301224221710146e-11,8.782871922126727e-10,8.622817627392603e-12,5.223516544646414e-12,5.261913780850251e-12,5.458839662916805e-12,4.377637427694465e-11,5.920493270283887e-10,5.283815966695264e-12,1.489681401957082e-11,3.6442837210897396e-12,3.1222549709592235e-13,3.2775211698579925e-13,4.699402790343323e-13,3.745336352764152e-11,5.788210411837668e-10,3.724979562843504e-13,9.610365667656042e-12,0.11324111841770831,0.10006419650831995,0.2124248819419092,0.2730817778367534,0.33592242610813455,0.4329689233073797,0.10234985340612159,0.12448826710628895,26.172207352631776,9.99436882497588,47.93219094426163,91.37582432559539,337.3728117189965,698.984140912999,18.373444979742327,35.854025019926105,0.0005659922194985359,0.00022435959302562192,0.0010635630430414979,0.0019249649881339054,0.0076102991039832335,0.0151284060420598,0.00039910419866727323,0.0007827812312215516,0.000565980555947441,0.00022435958737707296,0.0010635624414586623,0.0019249614088003289,0.007610078729267015,0.015126675129986725,0.00040252425393666187,0.0007895308938069427,0.0005832629499369628,0.00023870477725129903,0.001070591917591538,0.0019303602658264142,0.007610707688319902,0.015126883706917496,0.00040935034324705215,0.0007874124538737283,0.03242851988745408,0.012854857557853688,0.060937650633502205,0.11029223280966075,0.4360296017228239,0.8667276987278285,0.02281967740993929,0.044985472754311105,1.6511778435432642,1.0002478489748452,1.0076005112266437,1.045309722686197,8.382709967925571,113.37114772884037,1.0123564475051292,2.8526207575953806,0.6978415636129288,0.059787861146027674,0.06276104367813176,0.08998856407040405,7.171920675505823,110.83807171604043,0.06972515616837335,1.8523505571922427
500,30,1e-06,240,31,1,200,1.0,4.690828197981789e-10,4.690331162981577e-10,4.692039260431664e-10,4.693464979708216e-10,4.697597797831608e-10,4.69962534361789e-10,4.690645373112467e-10,4.691039270884529e-10,2.897543559719239e-11,2.896874684110756e-11,2.8985763001484988e-11,2.9009551360481716e-11,2.910871812459438e-11,2.917276624784391e-11,2.8972263606368e-11,2.897942199242143e-11,5.270593480878415e-12,5.270035014586042e-12,5.271954225204117e-12,5.273556156975523e-12,5.278199772844504e-12,5.2804779141774045e-12,5.270389614223887e-12,5.270812901127754e-12,3.255666921032853e-13,3.2549153754053436e-13,3.256827303537639e-13,3.259500152863114e-13,3.2706424859094806e-13,3.2778389042521247e-13,3.255316933422464e-13,3.2561278608981307e-13,0.21170286890665008,0.19774531105642892,0.36681021316171486,0.42344413364083544,0.5460421532851302,0.6788458338103134,0.19623025161291097,0.22818307270178298,6.8392311468692375,5.057057947816393,14.128270639731863,18.913919066000513,25.374592945961474,30.967804077185406,6.128784499340905,7.631562247879997,0.0001477580487640822,0.00011037188734539487,0.00030251930386833426,0.0003927791339381759,0.0005692257739327985,0.0006284875978006602,0.00013362203335546728,0.00016403635708179623,0.00014760104174787848,0.00011035931004193252,0.000302011951198257,0.0003926327575150369,0.0005686652795208794,0.0006280973017498728,0.0001333937373199885,0.00016268557842715497,0.0001672544296729423,0.000128441385887494,0.0003127863254403225,0.00040173978359130943,0.000572331737766177,0.0006351687251930849,0.00015397308676440413,0.0001828894331052832,0.008456916852189342,0.006323122708213608,0.01730401042922792,0.02249620048219941,0.032582122228532656,0.03598732688002697,0.007617441878373587,0.00932352295481365,1.0001765880558187,1.000070610443833,1.0004348103265808,1.0007388016435428,1.0016199995376562,1.0020523120720448,1.0001379282970855,1.0002200691407235,0.06178131257397098,0.061767050833918036,0.06180333262576756,0.06185405407352177,0.0620654970673654,0.062202060229944366,0.06177478608467262,0.061789648942227805
500,30,1e-06,240,32,2,200,1.0,4.680338789184533e-10,4.680173223103518e-10,4.680521193052403e-10,4.681011021818994e-10,4.683430829743484e-10,4.684873585447087e-10,4.680266198649148e-10,4.680429564889136e-10,2.983991211618882e-11,2.9838348752845096e-11,2.984284104350592e-11,2.9846459940481096e-11,2.988166626463104e-11,2.991474378855087e-11,2.983880748550913e-11,2.9841294129653654e-11,5.3185668058915145e-12,5.318378662617634e-12,5.318774083014095e-12,5.319330706612494e-12,5.322080488344869e-12,5.323719983462599e-12,5.318475298720296e-12,5.3186640960631795e-12,3.3908991041123655e-13,3.3907214491869424e-13,3.3912319367620366e-13,3.3916431750546694e-13,3.395643893708073e-13,3.3994027032444173e-13,3.390775139544423e-13,3.391053241336212e-13,0.3143830296819481,0.3055626830539181,0.4866982676389374,0.5604040720099159,0.6446991727971627,0.7607794715129256,0.29515403421932973,0.33435578421770196,4.217348245361069,3.272726438756707,6.863166691300364,9.195455109135157,19.32087125728828,21.07353050643906,3.8048539772572,4.6686456547782855,9.151564131190177e-05,7.019804911258953e-05,0.0001492089718353774,0.00020491270851394128,0.00039426732157241156,0.0004665576642527851,8.24972143962569e-05,0.00010121091438243887,9.134727954032701e-05,6.995123195213475e-05,0.00014910040998182872,0.00020471470784157308,0.0003936108685439418,0.0004659434027663854,8.257381772690252e-05,0.00010127199527980496,0.00011175651436545891,9.298803353948643e-05,0.0001606460413893194,0.00022274117749184326,0.0003993409657391759,0.0004691607280792672,0.00010361451991699081,0.00012110014182570411,0.005233813615623726,0.004007910365866562,0.008542824247281536,0.011729288845777048,0.02255224212085987,0.026696591436464336,0.0047350477361597886,0.005803093243044849,1.000072390851396,1.0000370134836576,1.0001113660368381,1.000216030303204,1.0007330832785222,1.0010413644117706,1.0000566014992873,1.0000906317675742,0.06376049597476241,0.06375715545479721,0.06376675436646564,0.06377448705231004,0.06384971424066463,0.06392039271057878,0.06375813422340292,0.0637633927712592
