sample_size,T_cap,kappa,epsilon,truncation_bias_beta,variance_envelope_nu,bernstein_lower_tail_D,analytic_probability_floor,is_admissible,strictly_exceeds_analytic_floor
4,64.0,1.0,0.1,95.07769412391455,81.0,1.0,0.9753099120283326,False,True
4,64.0,1.0,0.25,95.07769412391455,81.0,1.0,0.9753099120283326,False,True
4,64.0,1.0,0.5,95.07769412391455,81.0,1.0,0.9753099120283326,False,True
4,64.0,1.0,0.75,95.07769412391455,81.0,1.0,0.9753099120283326,False,True
4,64.0,1.0,0.99,95.07769412391455,81.0,1.0,0.9753099120283326,False,True
4,64.0,0.5,0.1,13.634069669641837,81.0,1.0,0.9753099120283326,False,True
4,64.0,0.5,0.25,13.634069669641837,81.0,1.0,0.9753099120283326,False,True
4,64.0,0.5,0.5,13.634069669641837,81.0,1.0,0.9753099120283326,False,True
4,64.0,0.5,0.75,13.634069669641837,81.0,1.0,0.9753099120283326,False,True
4,64.0,0.5,0.99,13.634069669641837,81.0,1.0,0.9753099120283326,False,True
4,64.0,0.25,0.1,1.1621929196612273,81.0,1.0,0.9753099120283326,False,True
4,64.0,0.25,0.25,1.1621929196612273,81.0,1.0,0.9753099120283326,False,True
4,64.0,0.25,0.5,1.1621929196612273,81.0,1.0,0.9753099120283326,False,True
4,64.0,0.25,0.75,1.1621929196612273,81.0,1.0,0.9753099120283326,False,True
4,64.0,0.25,0.99,1.1621929196612273,81.0,1.0,0.9753099120283326,False,True
4,64.0,0.1,0.1,0.021226673373957852,80.0420027750854,0.9998450133406629,0.9753099120283326,True,True
4,64.0,0.1,0.25,0.021226673373957852,80.0420027750854,0.998694353566487,0.9753099120283326,True,True
4,64.0,0.1,0.5,0.021226673373957852,80.0420027750854,0.9943001132591982,0.9753099120283326,True,True
4,64.0,0.1,0.75,0.021226673373957852,80.0420027750854,0.9868564982971768,0.9753099120283326,True,True
4,64.0,0.1,0.99,0.021226673373957852,80.0420027750854,0.9769141506464204,0.9753099120283326,True,True
4,64.0,0.044721359549995794,0.1,0.000641022628535848,80.00128163434707,0.999753331352698,0.9753099120283326,True,True
4,64.0,0.044721359549995794,0.25,0.000641022628535848,80.00128163434707,0.9984483458636683,0.9753099120283326,True,True
4,64.0,0.044721359549995794,0.5,0.000641022628535848,80.00128163434707,0.9937983686268224,0.9753099120283326,True,True
4,64.0,0.044721359549995794,0.75,0.000641022628535848,80.00128163434707,0.9861029164102216,0.9753099120283326,True,True
4,64.0,0.044721359549995794,0.99,0.000641022628535848,80.00128163434707,0.9759246207676299,0.9753099120283326,True,True
4,128.0,1.0,0.1,63.4044165336153,81.0,1.0,0.9753099120283326,False,True
4,128.0,1.0,0.25,63.4044165336153,81.0,1.0,0.9753099120283326,False,True
4,128.0,1.0,0.5,63.4044165336153,81.0,1.0,0.9753099120283326,False,True
4,128.0,1.0,0.75,63.4044165336153,81.0,1.0,0.9753099120283326,False,True
4,128.0,1.0,0.99,63.4044165336153,81.0,1.0,0.9753099120283326,False,True
4,128.0,0.5,0.1,5.270334894749546,81.0,1.0,0.9753099120283326,False,True
4,128.0,0.5,0.25,5.270334894749546,81.0,1.0,0.9753099120283326,False,True
4,128.0,0.5,0.5,5.270334894749546,81.0,1.0,0.9753099120283326,False,True
4,128.0,0.5,0.75,5.270334894749546,81.0,1.0,0.9753099120283326,False,True
4,128.0,0.5,0.99,5.270334894749546,81.0,1.0,0.9753099120283326,False,True
4,128.0,0.25,0.1,0.1536940477685889,80.28376623521768,1.0,0.9753099120283326,False,True
4,128.0,0.25,0.25,0.1536940477685889,80.28376623521768,0.999769067665711,0.9753099120283326,True,True
4,128.0,0.25,0.5,0.1536940477685889,80.28376623521768,0.9970211370967066,0.9753099120283326,True,True
4,128.0,0.25,0.75,0.1536940477685889,80.28376623521768,0.9912027022826294,0.9753099120283326,True,True
4,128.0,0.25,0.99,0.1536940477685889,80.28376623521768,0.982786770672381,0.9753099120283326,True,True
4,128.0,0.1,0.1,0.00020316860418496382,80.00040629593089,0.9997511505327343,0.9753099120283326,True,True
4,128.0,0.1,0.25,0.00020316860418496382,80.00040629593089,0.9984428820009524,0.9753099120283326,True,True
4,128.0,0.1,0.5,0.00020316860418496382,80.00040629593089,0.993787465798569,0.9753099120283326,True,True
4,128.0,0.1,0.75,0.00020316860418496382,80.00040629593089,0.9860866593668209,0.9753099120283326,True,True
4,128.0,0.1,0.99,0.00020316860418496382,80.00040629593089,0.9759033490451576,0.9753099120283326,True,True
4,128.0,0.044721359549995794,0.1,2.2924852388425984e-07,80.000000458497,0.9997501364913262,0.9753099120283326,True,True
4,128.0,0.044721359549995794,0.25,2.2924852388425984e-07,80.000000458497,0.9984403463065126,0.9753099120283326,True,True
4,128.0,0.044721359549995794,0.5,2.2924852388425984e-07,80.000000458497,0.9937824092257972,0.9753099120283326,True,True
4,128.0,0.044721359549995794,0.75,2.2924852388425984e-07,80.000000458497,0.9860791212218708,0.9753099120283326,True,True
4,128.0,0.044721359549995794,0.99,2.2924852388425984e-07,80.000000458497,0.9758934867205751,0.9753099120283326,True,True
4,256.0,1.0,0.1,34.48380361722079,81.0,1.0,0.9753099120283326,False,True
4,256.0,1.0,0.25,34.48380361722079,81.0,1.0,0.9753099120283326,False,True
4,256.0,1.0,0.5,34.48380361722079,81.0,1.0,0.9753099120283326,False,True
4,256.0,1.0,0.75,34.48380361722079,81.0,1.0,0.9753099120283326,False,True
4,256.0,1.0,0.99,34.48380361722079,81.0,1.0,0.9753099120283326,False,True
4,256.0,0.5,0.1,1.2992822279399274,81.0,1.0,0.9753099120283326,False,True
4,256.0,0.5,0.25,1.2992822279399274,81.0,1.0,0.9753099120283326,False,True
4,256.0,0.5,0.5,1.2992822279399274,81.0,1.0,0.9753099120283326,False,True
4,256.0,0.5,0.75,1.2992822279399274,81.0,1.0,0.9753099120283326,False,True
4,256.0,0.5,0.99,1.2992822279399274,81.0,1.0,0.9753099120283326,False,True
4,256.0,0.25,0.1,0.007852189174839553,80.01564272147485,0.9997878649695547,0.9753099120283326,True,True
4,256.0,0.25,0.25,0.007852189174839553,80.01564272147485,0.9985369457663722,0.9753099120283326,True,True
4,256.0,0.25,0.5,0.007852189174839553,80.01564272147485,0.9939765479609229,0.9753099120283326,True,True
4,256.0,0.25,0.75,0.007852189174839553,80.01564272147485,0.9863692902099812,0.9753099120283326,True,True
4,256.0,0.25,0.99,0.007852189174839553,80.01564272147485,0.9762736065233397,0.9753099120283326,True,True
4,256.0,0.1,0.1,1.6612503916022255e-07,80.00000033225005,0.9997501361755912,0.9753099120283326,True,True
4,256.0,0.1,0.25,1.6612503916022255e-07,80.00000033225005,0.9984403455174727,0.9753099120283326,True,True
4,256.0,0.1,0.5,1.6612503916022255e-07,80.00000033225005,0.9937824076526489,0.9753099120283326,True,True
4,256.0,0.1,0.75,1.6612503916022255e-07,80.00000033225005,0.9860791188768425,0.9753099120283326,True,True
4,256.0,0.1,0.99,1.6612503916022255e-07,80.00000033225005,0.9758934836526255,0.9753099120283326,True,True
4,256.0,0.044721359549995794,0.1,5.083353556626355e-13,80.00000000000102,0.9997501353446584,0.9753099120283326,True,True
4,256.0,0.044721359549995794,0.25,5.083353556626355e-13,80.00000000000102,0.9984403434409249,0.9753099120283326,True,True
4,256.0,0.044721359549995794,0.5,5.083353556626355e-13,80.00000000000102,0.9937824035125323,0.9753099120283326,True,True
4,256.0,0.044721359549995794,0.75,5.083353556626355e-13,80.00000000000102,0.9860791127053395,0.9753099120283326,True,True
4,256.0,0.044721359549995794,0.99,5.083353556626355e-13,80.00000000000102,0.9758934755785821,0.9753099120283326,True,True
4,512.0,1.0,0.1,13.731363267247675,81.0,1.0,0.9753099120283326,False,True
4,512.0,1.0,0.25,13.731363267247675,81.0,1.0,0.9753099120283326,False,True
4,512.0,1.0,0.5,13.731363267247675,81.0,1.0,0.9753099120283326,False,True
4,512.0,1.0,0.75,13.731363267247675,81.0,1.0,0.9753099120283326,False,True
4,512.0,1.0,0.99,13.731363267247675,81.0,1.0,0.9753099120283326,False,True
4,512.0,0.5,0.1,0.1654797877687263,80.30357601537747,1.0,0.9753099120283326,False,True
4,512.0,0.5,0.25,0.1654797877687263,80.30357601537747,0.9998221616957265,0.9753099120283326,True,True
4,512.0,0.5,0.5,0.1654797877687263,80.30357601537747,0.9972207155616503,0.9753099120283326,True,True
4,512.0,0.5,0.75,0.1654797877687263,80.30357601537747,0.9915472167840113,0.9753099120283326,True,True
4,512.0,0.5,0.99,0.1654797877687263,80.30357601537747,0.9832677275716504,0.9753099120283326,True,True
4,512.0,0.25,0.1,0.00010262199615417589,80.00020523346103,0.9997506483825821,0.9753099120283326,True,True
4,512.0,0.25,0.25,0.00010262199615417589,80.00020523346103,0.9984416259461245,0.9753099120283326,True,True
4,512.0,0.25,0.5,0.00010262199615417589,80.00020523346103,0.9937849607701693,0.9753099120283326,True,True
4,512.0,0.25,0.75,0.00010262199615417589,80.00020523346103,0.9860829248371228,0.9753099120283326,True,True
4,512.0,0.25,0.99,0.00010262199615417589,80.00020523346103,0.9758984629927753,0.9753099120283326,True,True
4,512.0,0.1,0.1,4.034125504666725e-12,80.00000000000807,0.9997501353446759,0.9753099120283326,True,True
4,512.0,0.1,0.25,4.034125504666725e-12,80.00000000000807,0.998440343440969,0.9753099120283326,True,True
4,512.0,0.1,0.5,4.034125504666725e-12,80.00000000000807,0.9937824035126201,0.9753099120283326,True,True
4,512.0,0.1,0.75,4.034125504666725e-12,80.00000000000807,0.9860791127054706,0.9753099120283326,True,True
4,512.0,0.1,0.99,4.034125504666725e-12,80.00000000000807,0.9758934755787534,0.9753099120283326,True,True
4,512.0,0.044721359549995794,0.1,5.39348643350696e-22,80.0,0.9997501353446558,0.9753099120283326,True,True
4,512.0,0.044721359549995794,0.25,5.39348643350696e-22,80.0,0.9984403434409186,0.9753099120283326,True,True
4,512.0,0.044721359549995794,0.5,5.39348643350696e-22,80.0,0.9937824035125197,0.9753099120283326,True,True
4,512.0,0.044721359549995794,0.75,5.39348643350696e-22,80.0,0.9860791127053207,0.9753099120283326,True,True
4,512.0,0.044721359549995794,0.99,5.39348643350696e-22,80.0,0.9758934755785573,0.9753099120283326,True,True
4,1024.0,1.0,0.1,3.449713099718058,81.0,1.0,0.9753099120283326,False,True
4,1024.0,1.0,0.25,3.449713099718058,81.0,1.0,0.9753099120283326,False,True
4,1024.0,1.0,0.5,3.449713099718058,81.0,1.0,0.9753099120283326,False,True
4,1024.0,1.0,0.75,3.449713099718058,81.0,1.0,0.9753099120283326,False,True
4,1024.0,1.0,0.99,3.449713099718058,81.0,1.0,0.9753099120283326,False,True
4,1024.0,0.5,0.1,0.00813488854596212,80.01620360068027,0.9997891656788952,0.9753099120283326,True,True
4,1024.0,0.5,0.25,0.00813488854596212,80.01620360068027,0.9985403659096124,0.9753099120283326,True,True
4,1024.0,0.5,0.5,0.00813488854596212,80.01620360068027,0.9939834800093027,0.9753099120283326,True,True
4,1024.0,0.5,0.75,0.00813488854596212,80.01620360068027,0.9863796802840938,0.9753099120283326,True,True
4,1024.0,0.5,0.99,0.00813488854596212,80.01620360068027,0.9762872361341394,0.9753099120283326,True,True
4,1024.0,0.25,0.1,1.931968301175089e-07,80.00000038639362,0.9997501363110006,0.9753099120283326,True,True
4,1024.0,0.25,0.25,1.931968301175089e-07,80.00000038639362,0.9984403458558685,0.9753099120283326,True,True
4,1024.0,0.25,0.5,1.931968301175089e-07,80.00000038639362,0.9937824083273256,0.9753099120283326,True,True
4,1024.0,0.25,0.75,1.931968301175089e-07,80.00000038639362,0.9860791198825557,0.9753099120283326,True,True
4,1024.0,0.25,0.99,1.931968301175089e-07,80.00000038639362,0.9758934849683781,0.9753099120283326,True,True
4,1024.0,0.1,0.1,6.832171154781313e-19,80.0,0.9997501353446558,0.9753099120283326,True,True
4,1024.0,0.1,0.25,6.832171154781313e-19,80.0,0.9984403434409186,0.9753099120283326,True,True
4,1024.0,0.1,0.5,6.832171154781313e-19,80.0,0.9937824035125197,0.9753099120283326,True,True
4,1024.0,0.1,0.75,6.832171154781313e-19,80.0,0.9860791127053207,0.9753099120283326,True,True
4,1024.0,0.1,0.99,6.832171154781313e-19,80.0,0.9758934755785573,0.9753099120283326,True,True
4,1024.0,0.044721359549995794,0.1,8.363355937120393e-36,80.0,0.9997501353446558,0.9753099120283326,True,True
4,1024.0,0.044721359549995794,0.25,8.363355937120393e-36,80.0,0.9984403434409186,0.9753099120283326,True,True
4,1024.0,0.044721359549995794,0.5,8.363355937120393e-36,80.0,0.9937824035125197,0.9753099120283326,True,True
4,1024.0,0.044721359549995794,0.75,8.363355937120393e-36,80.0,0.9860791127053207,0.9753099120283326,True,True
4,1024.0,0.044721359549995794,0.99,8.363355937120393e-36,80.0,0.9758934755785573,0.9753099120283326,True,True
4,2048.0,1.0,0.1,0.44466706591330735,80.69160533231866,1.0,0.9753099120283326,False,True
4,2048.0,1.0,0.25,0.44466706591330735,80.69160533231866,1.0,0.9753099120283326,False,True
4,2048.0,1.0,0.5,0.44466706591330735,80.69160533231866,0.9999241329310461,0.9753099120283326,True,True
4,2048.0,1.0,0.75,0.44466706591330735,80.69160533231866,0.9976948432391861,0.9753099120283326,True,True
4,2048.0,1.0,0.99,0.44466706591330735,80.69160533231866,0.9926725674797827,0.9753099120283326,True,True
4,2048.0,0.5,0.1,0.00010271072030416535,80.00020541089111,0.999750648825912,0.9753099120283326,True,True
4,2048.0,0.5,0.25,0.00010271072030416535,80.00020541089111,0.9984416270547142,0.9753099120283326,True,True
4,2048.0,0.5,0.5,0.00010271072030416535,80.00020541089111,0.9937849629808753,0.9753099120283326,True,True
4,2048.0,0.5,0.75,0.00010271072030416535,80.00020541089111,0.9860829281327608,0.9753099120283326,True,True
4,2048.0,0.5,0.99,0.00010271072030416535,80.00020541089111,0.9758984673045339,0.9753099120283326,True,True
4,2048.0,0.25,0.1,2.3379040835907597e-11,80.00000000004675,0.9997501353447728,0.9753099120283326,True,True
4,2048.0,0.25,0.25,2.3379040835907597e-11,80.00000000004675,0.9984403434412108,0.9753099120283326,True,True
4,2048.0,0.25,0.5,2.3379040835907597e-11,80.00000000004675,0.9937824035131023,0.9753099120283326,True,True
4,2048.0,0.25,0.75,2.3379040835907597e-11,80.00000000004675,0.9860791127061892,0.9753099120283326,True,True
4,2048.0,0.25,0.99,2.3379040835907597e-11,80.00000000004675,0.9758934755796936,0.9753099120283326,True,True
4,2048.0,0.1,0.1,1.0742382559444299e-28,80.0,0.9997501353446558,0.9753099120283326,True,True
4,2048.0,0.1,0.25,1.0742382559444299e-28,80.0,0.9984403434409186,0.9753099120283326,True,True
4,2048.0,0.1,0.5,1.0742382559444299e-28,80.0,0.9937824035125197,0.9753099120283326,True,True
4,2048.0,0.1,0.75,1.0742382559444299e-28,80.0,0.9860791127053207,0.9753099120283326,True,True
4,2048.0,0.1,0.99,1.0742382559444299e-28,80.0,0.9758934755785573,0.9753099120283326,True,True
4,2048.0,0.044721359549995794,0.1,1.6620208733654504e-56,80.0,0.9997501353446558,0.9753099120283326,True,True
4,2048.0,0.044721359549995794,0.25,1.6620208733654504e-56,80.0,0.9984403434409186,0.9753099120283326,True,True
4,2048.0,0.044721359549995794,0.5,1.6620208733654504e-56,80.0,0.9937824035125197,0.9753099120283326,True,True
4,2048.0,0.044721359549995794,0.75,1.6620208733654504e-56,80.0,0.9860791127053207,0.9753099120283326,True,True
4,2048.0,0.044721359549995794,0.99,1.6620208733654504e-56,80.0,0.9758934755785573,0.9753099120283326,True,True
4,4096.0,1.0,0.1,0.022027882325764997,80.04357053705178,0.9998481522956285,0.9753099120283326,True,True
4,4096.0,1.0,0.25,0.022027882325764997,80.04357053705178,0.9987034979246991,0.9753099120283326,True,True
4,4096.0,1.0,0.5,0.022027882325764997,80.04357053705178,0.9943192120067856,0.9753099120283326,True,True
4,4096.0,1.0,0.75,0.022027882325764997,80.04357053705178,0.9868854030142271,0.9753099120283326,True,True
4,4096.0,1.0,0.99,0.022027882325764997,80.04357053705178,0.9769522458421138,0.9753099120283326,True,True
4,4096.0,0.5,0.1,1.8791206492824855e-07,80.0000003758241,0.9997501362845669,0.9753099120283326,True,True
4,4096.0,0.5,0.25,1.8791206492824855e-07,80.0000003758241,0.9984403457898092,0.9753099120283326,True,True
4,4096.0,0.5,0.5,1.8791206492824855e-07,80.0000003758241,0.9937824081956199,0.9753099120283326,True,True
4,4096.0,0.5,0.75,1.8791206492824855e-07,80.0000003758241,0.9860791196862274,0.9753099120283326,True,True
4,4096.0,0.5,0.99,1.8791206492824855e-07,80.0000003758241,0.9758934847115261,0.9753099120283326,True,True
4,4096.0,0.25,0.1,5.825664880000653e-17,80.0,0.9997501353446558,0.9753099120283326,True,True
4,4096.0,0.25,0.25,5.825664880000653e-17,80.0,0.9984403434409186,0.9753099120283326,True,True
4,4096.0,0.25,0.5,5.825664880000653e-17,80.0,0.9937824035125197,0.9753099120283326,True,True
4,4096.0,0.25,0.75,5.825664880000653e-17,80.0,0.9860791127053207,0.9753099120283326,True,True
4,4096.0,0.25,0.99,5.825664880000653e-17,80.0,0.9758934755785573,0.9753099120283326,True,True
4,4096.0,0.1,0.1,9.211361275968073e-43,80.0,0.9997501353446558,0.9753099120283326,True,True
4,4096.0,0.1,0.25,9.211361275968073e-43,80.0,0.9984403434409186,0.9753099120283326,True,True
4,4096.0,0.1,0.5,9.211361275968073e-43,80.0,0.9937824035125197,0.9753099120283326,True,True
4,4096.0,0.1,0.75,9.211361275968073e-43,80.0,0.9860791127053207,0.9753099120283326,True,True
4,4096.0,0.1,0.99,9.211361275968073e-43,80.0,0.9758934755785573,0.9753099120283326,True,True
4,4096.0,0.044721359549995794,0.1,6.4063708369018545e-87,80.0,0.9997501353446558,0.9753099120283326,True,True
4,4096.0,0.044721359549995794,0.25,6.4063708369018545e-87,80.0,0.9984403434409186,0.9753099120283326,True,True
4,4096.0,0.044721359549995794,0.5,6.4063708369018545e-87,80.0,0.9937824035125197,0.9753099120283326,True,True
4,4096.0,0.044721359549995794,0.75,6.4063708369018545e-87,80.0,0.9860791127053207,0.9753099120283326,True,True
4,4096.0,0.044721359549995794,0.99,6.4063708369018545e-87,80.0,0.9758934755785573,0.9753099120283326,True,True
4,8192.0,1.0,0.1,0.0002795068407896594,80.0005589355575,0.9997515314427419,0.9753099120283326,True,True
4,8192.0,1.0,0.25,0.0002795068407896594,80.0005589355575,0.9984438352989842,0.9753099120283326,True,True
4,8192.0,1.0,0.5,0.0002795068407896594,80.0005589355575,0.993789367358546,0.9753099120283326,True,True
4,8192.0,1.0,0.75,0.0002795068407896594,80.0005589355575,0.9860894944074116,0.9753099120283326,True,True
4,8192.0,1.0,0.99,0.0002795068407896594,80.0005589355575,0.9759070583647831,0.9753099120283326,True,True
4,8192.0,0.5,0.1,2.2232381046141962e-11,80.00000000004447,0.999750135344767,0.9753099120283326,True,True
4,8192.0,0.5,0.25,2.2232381046141962e-11,80.00000000004447,0.9984403434411965,0.9753099120283326,True,True
4,8192.0,0.5,0.5,2.2232381046141962e-11,80.00000000004447,0.9937824035130737,0.9753099120283326,True,True
4,8192.0,0.5,0.75,2.2232381046141962e-11,80.00000000004447,0.9860791127061466,0.9753099120283326,True,True
4,8192.0,0.5,0.99,2.2232381046141962e-11,80.00000000004447,0.9758934755796379,0.9753099120283326,True,True
4,8192.0,0.25,0.1,5.984078675237384e-25,80.0,0.9997501353446558,0.9753099120283326,True,True
4,8192.0,0.25,0.25,5.984078675237384e-25,80.0,0.9984403434409186,0.9753099120283326,True,True
4,8192.0,0.25,0.5,5.984078675237384e-25,80.0,0.9937824035125197,0.9753099120283326,True,True
4,8192.0,0.25,0.75,5.984078675237384e-25,80.0,0.9860791127053207,0.9753099120283326,True,True
4,8192.0,0.25,0.99,5.984078675237384e-25,80.0,0.9758934755785573,0.9753099120283326,True,True
4,8192.0,0.1,0.1,7.854108353947351e-63,80.0,0.9997501353446558,0.9753099120283326,True,True
4,8192.0,0.1,0.25,7.854108353947351e-63,80.0,0.9984403434409186,0.9753099120283326,True,True
4,8192.0,0.1,0.5,7.854108353947351e-63,80.0,0.9937824035125197,0.9753099120283326,True,True
4,8192.0,0.1,0.75,7.854108353947351e-63,80.0,0.9860791127053207,0.9753099120283326,True,True
4,8192.0,0.1,0.99,7.854108353947351e-63,80.0,0.9758934755785573,0.9753099120283326,True,True
4,8192.0,0.044721359549995794,0.1,5.782115619281695e-131,80.0,0.9997501353446558,0.9753099120283326,True,True
4,8192.0,0.044721359549995794,0.25,5.782115619281695e-131,80.0,0.9984403434409186,0.9753099120283326,True,True
4,8192.0,0.044721359549995794,0.5,5.782115619281695e-131,80.0,0.9937824035125197,0.9753099120283326,True,True
4,8192.0,0.044721359549995794,0.75,5.782115619281695e-131,80.0,0.9860791127053207,0.9753099120283326,True,True
4,8192.0,0.044721359549995794,0.99,5.782115619281695e-131,80.0,0.9758934755785573,0.9753099120283326,True,True
4,16384.0,1.0,0.1,5.130344448485075e-07,80.00000102606863,0.9997501379107815,0.9753099120283326,True,True
4,16384.0,1.0,0.25,5.130344448485075e-07,80.00000102606863,0.9984403498538174,0.9753099120283326,True,True
4,16384.0,1.0,0.5,5.130344448485075e-07,80.00000102606863,0.9937824162982393,0.9753099120283326,True,True
4,16384.0,1.0,0.75,5.130344448485075e-07,80.00000102606863,0.9860791317644739,0.9753099120283326,True,True
4,16384.0,1.0,0.99,5.130344448485075e-07,80.00000102606863,0.9758935005132352,0.9753099120283326,True,True
4,16384.0,0.5,0.1,5.445433402554211e-17,80.0,0.9997501353446558,0.9753099120283326,True,True
4,16384.0,0.5,0.25,5.445433402554211e-17,80.0,0.9984403434409186,0.9753099120283326,True,True
4,16384.0,0.5,0.5,5.445433402554211e-17,80.0,0.9937824035125197,0.9753099120283326,True,True
4,16384.0,0.5,0.75,5.445433402554211e-17,80.0,0.9860791127053207,0.9753099120283326,True,True
4,16384.0,0.5,0.99,5.445433402554211e-17,80.0,0.9758934755785573,0.9753099120283326,True,True
4,16384.0,0.25,0.1,2.6068451338579417e-36,80.0,0.9997501353446558,0.9753099120283326,True,True
4,16384.0,0.25,0.25,2.6068451338579417e-36,80.0,0.9984403434409186,0.9753099120283326,True,True
4,16384.0,0.25,0.5,2.6068451338579417e-36,80.0,0.9937824035125197,0.9753099120283326,True,True
4,16384.0,0.25,0.75,2.6068451338579417e-36,80.0,0.9860791127053207,0.9753099120283326,True,True
4,16384.0,0.25,0.99,2.6068451338579417e-36,80.0,0.9758934755785573,0.9753099120283326,True,True
4,16384.0,0.1,0.1,2.301866862119891e-91,80.0,0.9997501353446558,0.9753099120283326,True,True
4,16384.0,0.1,0.25,2.301866862119891e-91,80.0,0.9984403434409186,0.9753099120283326,True,True
4,16384.0,0.1,0.5,2.301866862119891e-91,80.0,0.9937824035125197,0.9753099120283326,True,True
4,16384.0,0.1,0.75,2.301866862119891e-91,80.0,0.9860791127053207,0.9753099120283326,True,True
4,16384.0,0.1,0.99,2.301866862119891e-91,80.0,0.9758934755785573,0.9753099120283326,True,True
4,16384.0,0.044721359549995794,0.1,3.850023557909563e-194,80.0,0.9997501353446558,0.9753099120283326,True,True
4,16384.0,0.044721359549995794,0.25,3.850023557909563e-194,80.0,0.9984403434409186,0.9753099120283326,True,True
4,16384.0,0.044721359549995794,0.5,3.850023557909563e-194,80.0,0.9937824035125197,0.9753099120283326,True,True
4,16384.0,0.044721359549995794,0.75,3.850023557909563e-194,80.0,0.9860791127053207,0.9753099120283326,True,True
4,16384.0,0.044721359549995794,0.99,3.850023557909563e-194,80.0,0.9758934755785573,0.9753099120283326,True,True
8,64.0,1.0,0.1,95.07769412391455,81.0,1.0,0.951229424500714,False,True
8,64.0,1.0,0.25,95.07769412391455,81.0,1.0,0.951229424500714,False,True
8,64.0,1.0,0.5,95.07769412391455,81.0,1.0,0.951229424500714,False,True
8,64.0,1.0,0.75,95.07769412391455,81.0,1.0,0.951229424500714,False,True
8,64.0,1.0,0.99,95.07769412391455,81.0,1.0,0.951229424500714,False,True
8,64.0,0.5,0.1,13.634069669641837,81.0,1.0,0.951229424500714,False,True
8,64.0,0.5,0.25,13.634069669641837,81.0,1.0,0.951229424500714,False,True
8,64.0,0.5,0.5,13.634069669641837,81.0,1.0,0.951229424500714,False,True
8,64.0,0.5,0.75,13.634069669641837,81.0,1.0,0.951229424500714,False,True
8,64.0,0.5,0.99,13.634069669641837,81.0,1.0,0.951229424500714,False,True
8,64.0,0.25,0.1,1.1621929196612273,81.0,1.0,0.951229424500714,False,True
8,64.0,0.25,0.25,1.1621929196612273,81.0,1.0,0.951229424500714,False,True
8,64.0,0.25,0.5,1.1621929196612273,81.0,1.0,0.951229424500714,False,True
8,64.0,0.25,0.75,1.1621929196612273,81.0,1.0,0.951229424500714,False,True
8,64.0,0.25,0.99,1.1621929196612273,81.0,1.0,0.951229424500714,False,True
8,64.0,0.1,0.1,0.021226673373957852,80.0420027750854,0.9996900507021904,0.951229424500714,True,True
8,64.0,0.1,0.25,0.021226673373957852,80.0420027750854,0.9973904118455832,0.951229424500714,True,True
8,64.0,0.1,0.5,0.021226673373957852,80.0420027750854,0.9886327152272545,0.951229424500714,True,True
8,64.0,0.1,0.75,0.021226673373957852,80.0420027750854,0.9738857482313659,0.951229424500714,True,True
8,64.0,0.1,0.99,0.021226673373957852,80.0420027750854,0.9543612577332169,0.951229424500714,True,True
8,64.0,0.044721359549995794,0.1,0.000641022628535848,80.00128163434707,0.9995067235508176,0.951229424500714,True,True
8,64.0,0.044721359549995794,0.25,0.000641022628535848,80.00128163434707,0.9968990993578953,0.951229424500714,True,True
8,64.0,0.044721359549995794,0.5,0.000641022628535848,80.00128163434707,0.9876351974853335,0.951229424500714,True,True
8,64.0,0.044721359549995794,0.75,0.000641022628535848,80.00128163434707,0.9723989617527447,0.951229424500714,True,True
8,64.0,0.044721359549995794,0.99,0.000641022628535848,80.00128163434707,0.9524288654204421,0.951229424500714,True,True
8,128.0,1.0,0.1,63.4044165336153,81.0,1.0,0.951229424500714,False,True
8,128.0,1.0,0.25,63.4044165336153,81.0,1.0,0.951229424500714,False,True
8,128.0,1.0,0.5,63.4044165336153,81.0,1.0,0.951229424500714,False,True
8,128.0,1.0,0.75,63.4044165336153,81.0,1.0,0.951229424500714,False,True
8,128.0,1.0,0.99,63.4044165336153,81.0,1.0,0.951229424500714,False,True
8,128.0,0.5,0.1,5.270334894749546,81.0,1.0,0.951229424500714,False,True
8,128.0,0.5,0.25,5.270334894749546,81.0,1.0,0.951229424500714,False,True
8,128.0,0.5,0.5,5.270334894749546,81.0,1.0,0.951229424500714,False,True
8,128.0,0.5,0.75,5.270334894749546,81.0,1.0,0.951229424500714,False,True
8,128.0,0.5,0.99,5.270334894749546,81.0,1.0,0.951229424500714,False,True
8,128.0,0.25,0.1,0.1536940477685889,80.28376623521768,1.0,0.951229424500714,False,True
8,128.0,0.25,0.25,0.1536940477685889,80.28376623521768,0.9995381886611652,0.951229424500714,True,True
8,128.0,0.25,0.5,0.1536940477685889,80.28376623521768,0.9940511478176098,0.951229424500714,True,True
8,128.0,0.25,0.75,0.1536940477685889,80.28376623521768,0.9824827970123869,0.951229424500714,True,True
8,128.0,0.25,0.99,0.1536940477685889,80.28376623521768,0.9658698366086471,0.951229424500714,True,True
8,128.0,0.1,0.1,0.00020316860418496382,80.00040629593089,0.9995023629915261,0.951229424500714,True,True
8,128.0,0.1,0.25,0.00020316860418496382,80.00040629593089,0.9968881886183678,0.951229424500714,True,True
8,128.0,0.1,0.5,0.00020316860418496382,80.00040629593089,0.987613527178342,0.951229424500714,True,True
8,128.0,0.1,0.75,0.00020316860418496382,80.00040629593089,0.9723668997812168,0.951229424500714,True,True
8,128.0,0.1,0.99,0.00020316860418496382,80.00040629593089,0.9523873466775549,0.951229424500714,True,True
8,128.0,0.044721359549995794,0.1,2.2924852388425984e-07,80.000000458497,0.9995003354144253,0.951229424500714,True,True
8,128.0,0.044721359549995794,0.25,2.2924852388425984e-07,80.000000458497,0.9968831251326687,0.951229424500714,True,True
8,128.0,0.044721359549995794,0.5,2.2924852388425984e-07,80.000000458497,0.9876034768866299,0.951229424500714,True,True
8,128.0,0.044721359549995794,0.75,2.2924852388425984e-07,80.000000458497,0.972352033309697,0.951229424500714,True,True
8,128.0,0.044721359549995794,0.99,2.2924852388425984e-07,80.000000458497,0.9523680974236414,0.951229424500714,True,True
8,256.0,1.0,0.1,34.48380361722079,81.0,1.0,0.951229424500714,False,True
8,256.0,1.0,0.25,34.48380361722079,81.0,1.0,0.951229424500714,False,True
8,256.0,1.0,0.5,34.48380361722079,81.0,1.0,0.951229424500714,False,True
8,256.0,1.0,0.75,34.48380361722079,81.0,1.0,0.951229424500714,False,True
8,256.0,1.0,0.99,34.48380361722079,81.0,1.0,0.951229424500714,False,True
8,256.0,0.5,0.1,1.2992822279399274,81.0,1.0,0.951229424500714,False,True
8,256.0,0.5,0.25,1.2992822279399274,81.0,1.0,0.951229424500714,False,True
8,256.0,0.5,0.5,1.2992822279399274,81.0,1.0,0.951229424500714,False,True
8,256.0,0.5,0.75,1.2992822279399274,81.0,1.0,0.951229424500714,False,True
8,256.0,0.5,0.99,1.2992822279399274,81.0,1.0,0.951229424500714,False,True
8,256.0,0.25,0.1,0.007852189174839553,80.01564272147485,0.9995757749403806,0.951229424500714,True,True
8,256.0,0.25,0.25,0.007852189174839553,80.01564272147485,0.9970760320604349,0.951229424500714,True,True
8,256.0,0.25,0.5,0.007852189174839553,80.01564272147485,0.9879893778963128,0.951229424500714,True,True
8,256.0,0.25,0.75,0.007852189174839553,80.01564272147485,0.9729243766693422,0.951229424500714,True,True
8,256.0,0.25,0.99,0.007852189174839553,80.01564272147485,0.9531101547940889,0.951229424500714,True,True
8,256.0,0.1,0.1,1.6612503916022255e-07,80.00000033225005,0.9995003347831132,0.951229424500714,True,True
8,256.0,0.1,0.25,1.6612503916022255e-07,80.00000033225005,0.9968831235570503,0.951229424500714,True,True
8,256.0,0.1,0.5,1.6612503916022255e-07,80.00000033225005,0.9876034737598957,0.951229424500714,True,True
8,256.0,0.1,0.75,1.6612503916022255e-07,80.00000033225005,0.9723520286849302,0.951229424500714,True,True
8,256.0,0.1,0.99,1.6612503916022255e-07,80.00000033225005,0.9523680914356571,0.951229424500714,True,True
8,256.0,0.044721359549995794,0.1,5.083353556626355e-13,80.00000000000102,0.9995003331216628,0.951229424500714,True,True
8,256.0,0.044721359549995794,0.25,5.083353556626355e-13,80.00000000000102,0.9968831194104321,0.951229424500714,True,True
8,256.0,0.044721359549995794,0.5,5.083353556626355e-13,80.00000000000102,0.9876034655311456,0.951229424500714,True,True
8,256.0,0.044721359549995794,0.75,5.083353556626355e-13,80.00000000000102,0.9723520165137498,0.951229424500714,True,True
8,256.0,0.044721359549995794,0.99,5.083353556626355e-13,80.00000000000102,0.9523680756768446,0.951229424500714,True,True
8,512.0,1.0,0.1,13.731363267247675,81.0,1.0,0.951229424500714,False,True
8,512.0,1.0,0.25,13.731363267247675,81.0,1.0,0.951229424500714,False,True
8,512.0,1.0,0.5,13.731363267247675,81.0,1.0,0.951229424500714,False,True
8,512.0,1.0,0.75,13.731363267247675,81.0,1.0,0.951229424500714,False,True
8,512.0,1.0,0.99,13.731363267247675,81.0,1.0,0.951229424500714,False,True
8,512.0,0.5,0.1,0.1654797877687263,80.30357601537747,1.0,0.951229424500714,False,True
8,512.0,0.5,0.25,0.1654797877687263,80.30357601537747,0.9996443550179154,0.951229424500714,True,True
8,512.0,0.5,0.5,0.1654797877687263,80.30357601537747,0.9944491555452897,0.951229424500714,True,True
8,512.0,0.5,0.75,0.1654797877687263,80.30357601537747,0.983165883112119,0.951229424500714,True,True
8,512.0,0.5,0.99,0.1654797877687263,80.30357601537747,0.9668154240839173,0.951229424500714,True,True
8,512.0,0.25,0.1,0.00010262199615417589,80.00020523346103,0.9995013589413934,0.951229424500714,True,True
8,512.0,0.25,0.25,0.00010262199615417589,80.00020523346103,0.9968856804219409,0.951229424500714,True,True
8,512.0,0.25,0.5,0.00010262199615417589,80.00020523346103,0.987608548252967,0.951229424500714,True,True
8,512.0,0.25,0.75,0.00010262199615417589,80.00020523346103,0.9723595346553349,0.951229424500714,True,True
8,512.0,0.25,0.99,0.00010262199615417589,80.00020523346103,0.9523778100716611,0.951229424500714,True,True
8,512.0,0.1,0.1,4.034125504666725e-12,80.00000000000807,0.999500333121698,0.951229424500714,True,True
8,512.0,0.1,0.25,4.034125504666725e-12,80.00000000000807,0.9968831194105201,0.951229424500714,True,True
8,512.0,0.1,0.5,4.034125504666725e-12,80.00000000000807,0.9876034655313203,0.951229424500714,True,True
8,512.0,0.1,0.75,4.034125504666725e-12,80.00000000000807,0.972352016514008,0.951229424500714,True,True
8,512.0,0.1,0.99,4.034125504666725e-12,80.00000000000807,0.952368075677179,0.951229424500714,True,True
8,512.0,0.044721359549995794,0.1,5.39348643350696e-22,80.0,0.9995003331216576,0.951229424500714,True,True
8,512.0,0.044721359549995794,0.25,5.39348643350696e-22,80.0,0.9968831194104194,0.951229424500714,True,True
8,512.0,0.044721359549995794,0.5,5.39348643350696e-22,80.0,0.9876034655311204,0.951229424500714,True,True
8,512.0,0.044721359549995794,0.75,5.39348643350696e-22,80.0,0.9723520165137125,0.951229424500714,True,True
8,512.0,0.044721359549995794,0.99,5.39348643350696e-22,80.0,0.9523680756767964,0.951229424500714,True,True
8,1024.0,1.0,0.1,3.449713099718058,81.0,1.0,0.951229424500714,False,True
8,1024.0,1.0,0.25,3.449713099718058,81.0,1.0,0.951229424500714,False,True
8,1024.0,1.0,0.5,3.449713099718058,81.0,1.0,0.951229424500714,False,True
8,1024.0,1.0,0.75,3.449713099718058,81.0,1.0,0.951229424500714,False,True
8,1024.0,1.0,0.99,3.449713099718058,81.0,1.0,0.951229424500714,False,True
8,1024.0,0.5,0.1,0.00813488854596212,80.01620360068027,0.9995783758089014,0.951229424500714,True,True
8,1024.0,0.5,0.25,0.00813488854596212,80.01620360068027,0.9970828623509026,0.951229424500714,True,True
8,1024.0,0.5,0.5,0.00813488854596212,80.01620360068027,0.9880031585314039,0.951229424500714,True,True
8,1024.0,0.5,0.75,0.00813488854596212,80.01620360068027,0.9729448736773513,0.951229424500714,True,True
8,1024.0,0.5,0.99,0.00813488854596212,80.01620360068027,0.9531367674384367,0.951229424500714,True,True
8,1024.0,0.25,0.1,1.931968301175089e-07,80.00000038639362,0.9995003350538643,0.951229424500714,True,True
8,1024.0,0.25,0.25,1.931968301175089e-07,80.00000038639362,0.9968831242327864,0.951229424500714,True,True
8,1024.0,0.25,0.5,1.931968301175089e-07,80.00000038639362,0.9876034751008592,0.951229424500714,True,True
8,1024.0,0.25,0.75,1.931968301175089e-07,80.00000038639362,0.9723520306683556,0.951229424500714,True,True
8,1024.0,0.25,0.99,1.931968301175089e-07,80.00000038639362,0.952368094003726,0.951229424500714,True,True
8,1024.0,0.1,0.1,6.832171154781313e-19,80.0,0.9995003331216576,0.951229424500714,True,True
8,1024.0,0.1,0.25,6.832171154781313e-19,80.0,0.9968831194104194,0.951229424500714,True,True
8,1024.0,0.1,0.5,6.832171154781313e-19,80.0,0.9876034655311204,0.951229424500714,True,True
8,1024.0,0.1,0.75,6.832171154781313e-19,80.0,0.9723520165137125,0.951229424500714,True,True
8,1024.0,0.1,0.99,6.832171154781313e-19,80.0,0.9523680756767964,0.951229424500714,True,True
8,1024.0,0.044721359549995794,0.1,8.363355937120393e-36,80.0,0.9995003331216576,0.951229424500714,True,True
8,1024.0,0.044721359549995794,0.25,8.363355937120393e-36,80.0,0.9968831194104194,0.951229424500714,True,True
8,1024.0,0.044721359549995794,0.5,8.363355937120393e-36,80.0,0.9876034655311204,0.951229424500714,True,True
8,1024.0,0.044721359549995794,0.75,8.363355937120393e-36,80.0,0.9723520165137125,0.951229424500714,True,True
8,1024.0,0.044721359549995794,0.99,8.363355937120393e-36,80.0,0.9523680756767964,0.951229424500714,True,True
8,2048.0,1.0,0.1,0.44466706591330735,80.69160533231866,1.0,0.951229424500714,False,True
8,2048.0,1.0,0.25,0.44466706591330735,80.69160533231866,1.0,0.951229424500714,False,True
8,2048.0,1.0,0.5,0.44466706591330735,80.69160533231866,0.9998482716179042,0.951229424500714,True,True
8,2048.0,1.0,0.75,0.44466706591330735,80.69160533231866,0.9953950002260642,0.951229424500714,True,True
8,2048.0,1.0,0.99,0.44466706591330735,80.69160533231866,0.9853988262269038,0.951229424500714,True,True
8,2048.0,0.5,0.1,0.00010271072030416535,80.00020541089111,0.9995013598278322,0.951229424500714,True,True
8,2048.0,0.5,0.25,0.00010271072030416535,80.00020541089111,0.9968856826356649,0.951229424500714,True,True
8,2048.0,0.5,0.5,0.00010271072030416535,80.00020541089111,0.9876085526468997,0.951229424500714,True,True
8,2048.0,0.5,0.75,0.00010271072030416535,80.00020541089111,0.9723595411548794,0.951229424500714,True,True
8,2048.0,0.5,0.99,0.00010271072030416535,80.00020541089111,0.9523778184873383,0.951229424500714,True,True
8,2048.0,0.25,0.1,2.3379040835907597e-11,80.00000000004675,0.9995003331218915,0.951229424500714,True,True
8,2048.0,0.25,0.25,2.3379040835907597e-11,80.00000000004675,0.9968831194110029,0.951229424500714,True,True
8,2048.0,0.25,0.5,2.3379040835907597e-11,80.00000000004675,0.9876034655322785,0.951229424500714,True,True
8,2048.0,0.25,0.75,2.3379040835907597e-11,80.00000000004675,0.9723520165154254,0.951229424500714,True,True
8,2048.0,0.25,0.99,2.3379040835907597e-11,80.00000000004675,0.952368075679014,0.951229424500714,True,True
8,2048.0,0.1,0.1,1.0742382559444299e-28,80.0,0.9995003331216576,0.951229424500714,True,True
8,2048.0,0.1,0.25,1.0742382559444299e-28,80.0,0.9968831194104194,0.951229424500714,True,True
8,2048.0,0.1,0.5,1.0742382559444299e-28,80.0,0.9876034655311204,0.951229424500714,True,True
8,2048.0,0.1,0.75,1.0742382559444299e-28,80.0,0.9723520165137125,0.951229424500714,True,True
8,2048.0,0.1,0.99,1.0742382559444299e-28,80.0,0.9523680756767964,0.951229424500714,True,True
8,2048.0,0.044721359549995794,0.1,1.6620208733654504e-56,80.0,0.9995003331216576,0.951229424500714,True,True
8,2048.0,0.044721359549995794,0.25,1.6620208733654504e-56,80.0,0.9968831194104194,0.951229424500714,True,True
8,2048.0,0.044721359549995794,0.5,1.6620208733654504e-56,80.0,0.9876034655311204,0.951229424500714,True,True
8,2048.0,0.044721359549995794,0.75,1.6620208733654504e-56,80.0,0.9723520165137125,0.951229424500714,True,True
8,2048.0,0.044721359549995794,0.99,1.6620208733654504e-56,80.0,0.9523680756767964,0.951229424500714,True,True
8,4096.0,1.0,0.1,0.022027882325764997,80.04357053705178,0.9996963276489823,0.951229424500714,True,True
8,4096.0,1.0,0.25,0.022027882325764997,80.04357053705178,0.9974086767670295,0.951229424500714,True,True
8,4096.0,1.0,0.5,0.022027882325764997,80.04357053705178,0.9886706953657952,0.951229424500714,True,True
8,4096.0,1.0,0.75,0.022027882325764997,80.04357053705178,0.9739427986825534,0.951229424500714,True,True
8,4096.0,1.0,0.99,0.022027882325764997,80.04357053705178,0.9544356906559499,0.951229424500714,True,True
8,4096.0,0.5,0.1,1.8791206492824855e-07,80.0000003758241,0.9995003350010101,0.951229424500714,True,True
8,4096.0,0.5,0.25,1.8791206492824855e-07,80.0000003758241,0.9968831241008739,0.951229424500714,True,True
8,4096.0,0.5,0.5,1.8791206492824855e-07,80.0000003758241,0.9876034748390857,0.951229424500714,True,True
8,4096.0,0.5,0.75,1.8791206492824855e-07,80.0000003758241,0.9723520302811652,0.951229424500714,True,True
8,4096.0,0.5,0.99,1.8791206492824855e-07,80.0000003758241,0.9523680935024057,0.951229424500714,True,True
8,4096.0,0.25,0.1,5.825664880000653e-17,80.0,0.9995003331216576,0.951229424500714,True,True
8,4096.0,0.25,0.25,5.825664880000653e-17,80.0,0.9968831194104194,0.951229424500714,True,True
8,4096.0,0.25,0.5,5.825664880000653e-17,80.0,0.9876034655311204,0.951229424500714,True,True
8,4096.0,0.25,0.75,5.825664880000653e-17,80.0,0.9723520165137125,0.951229424500714,True,True
8,4096.0,0.25,0.99,5.825664880000653e-17,80.0,0.9523680756767964,0.951229424500714,True,True
8,4096.0,0.1,0.1,9.211361275968073e-43,80.0,0.9995003331216576,0.951229424500714,True,True
8,4096.0,0.1,0.25,9.211361275968073e-43,80.0,0.9968831194104194,0.951229424500714,True,True
8,4096.0,0.1,0.5,9.211361275968073e-43,80.0,0.9876034655311204,0.951229424500714,True,True
8,4096.0,0.1,0.75,9.211361275968073e-43,80.0,0.9723520165137125,0.951229424500714,True,True
8,4096.0,0.1,0.99,9.211361275968073e-43,80.0,0.9523680756767964,0.951229424500714,True,True
8,4096.0,0.044721359549995794,0.1,6.4063708369018545e-87,80.0,0.9995003331216576,0.951229424500714,True,True
8,4096.0,0.044721359549995794,0.25,6.4063708369018545e-87,80.0,0.9968831194104194,0.951229424500714,True,True
8,4096.0,0.044721359549995794,0.5,6.4063708369018545e-87,80.0,0.9876034655311204,0.951229424500714,True,True
8,4096.0,0.044721359549995794,0.75,6.4063708369018545e-87,80.0,0.9723520165137125,0.951229424500714,True,True
8,4096.0,0.044721359549995794,0.99,6.4063708369018545e-87,80.0,0.9523680756767964,0.951229424500714,True,True
8,8192.0,1.0,0.1,0.0002795068407896594,80.0005589355575,0.9995031246221078,0.951229424500714,True,True
8,8192.0,1.0,0.25,0.0002795068407896594,80.0005589355575,0.996890092246545,0.951229424500714,True,True
8,8192.0,1.0,0.5,0.0002795068407896594,80.0005589355575,0.9876173066748989,0.951229424500714,True,True
8,8192.0,1.0,0.75,0.0002795068407896594,80.0005589355575,0.9723724909806646,0.951229424500714,True,True
8,8192.0,1.0,0.99,0.0002795068407896594,80.0005589355575,0.9523945865662041,0.951229424500714,True,True
8,8192.0,0.5,0.1,2.2232381046141962e-11,80.00000000004447,0.99950033312188,0.951229424500714,True,True
8,8192.0,0.5,0.25,2.2232381046141962e-11,80.00000000004447,0.9968831194109743,0.951229424500714,True,True
8,8192.0,0.5,0.5,2.2232381046141962e-11,80.00000000004447,0.9876034655322217,0.951229424500714,True,True
8,8192.0,0.5,0.75,2.2232381046141962e-11,80.00000000004447,0.9723520165153414,0.951229424500714,True,True
8,8192.0,0.5,0.99,2.2232381046141962e-11,80.00000000004447,0.9523680756789054,0.951229424500714,True,True
8,8192.0,0.25,0.1,5.984078675237384e-25,80.0,0.9995003331216576,0.951229424500714,True,True
8,8192.0,0.25,0.25,5.984078675237384e-25,80.0,0.9968831194104194,0.951229424500714,True,True
8,8192.0,0.25,0.5,5.984078675237384e-25,80.0,0.9876034655311204,0.951229424500714,True,True
8,8192.0,0.25,0.75,5.984078675237384e-25,80.0,0.9723520165137125,0.951229424500714,True,True
8,8192.0,0.25,0.99,5.984078675237384e-25,80.0,0.9523680756767964,0.951229424500714,True,True
8,8192.0,0.1,0.1,7.854108353947351e-63,80.0,0.9995003331216576,0.951229424500714,True,True
8,8192.0,0.1,0.25,7.854108353947351e-63,80.0,0.9968831194104194,0.951229424500714,True,True
8,8192.0,0.1,0.5,7.854108353947351e-63,80.0,0.9876034655311204,0.951229424500714,True,True
8,8192.0,0.1,0.75,7.854108353947351e-63,80.0,0.9723520165137125,0.951229424500714,True,True
8,8192.0,0.1,0.99,7.854108353947351e-63,80.0,0.9523680756767964,0.951229424500714,True,True
8,8192.0,0.044721359549995794,0.1,5.782115619281695e-131,80.0,0.9995003331216576,0.951229424500714,True,True
8,8192.0,0.044721359549995794,0.25,5.782115619281695e-131,80.0,0.9968831194104194,0.951229424500714,True,True
8,8192.0,0.044721359549995794,0.5,5.782115619281695e-131,80.0,0.9876034655311204,0.951229424500714,True,True
8,8192.0,0.044721359549995794,0.75,5.782115619281695e-131,80.0,0.9723520165137125,0.951229424500714,True,True
8,8192.0,0.044721359549995794,0.99,5.782115619281695e-131,80.0,0.9523680756767964,0.951229424500714,True,True
8,16384.0,1.0,0.1,5.130344448485075e-07,80.00000102606863,0.9995003382526267,0.951229424500714,True,True
8,16384.0,1.0,0.25,5.130344448485075e-07,80.00000102606863,0.9968831322162133,0.951229424500714,True,True
8,16384.0,1.0,0.5,5.130344448485075e-07,80.00000102606863,0.9876034909435668,0.951229424500714,True,True
8,16384.0,1.0,0.75,5.130344448485075e-07,80.00000102606863,0.9723520541013787,0.951229424500714,True,True
8,16384.0,1.0,0.99,5.130344448485075e-07,80.00000102606863,0.9523681243439758,0.951229424500714,True,True
8,16384.0,0.5,0.1,5.445433402554211e-17,80.0,0.9995003331216576,0.951229424500714,True,True
8,16384.0,0.5,0.25,5.445433402554211e-17,80.0,0.9968831194104194,0.951229424500714,True,True
8,16384.0,0.5,0.5,5.445433402554211e-17,80.0,0.9876034655311204,0.951229424500714,True,True
8,16384.0,0.5,0.75,5.445433402554211e-17,80.0,0.9723520165137125,0.951229424500714,True,True
8,16384.0,0.5,0.99,5.445433402554211e-17,80.0,0.9523680756767964,0.951229424500714,True,True
8,16384.0,0.25,0.1,2.6068451338579417e-36,80.0,0.9995003331216576,0.951229424500714,True,True
8,16384.0,0.25,0.25,2.6068451338579417e-36,80.0,0.9968831194104194,0.951229424500714,True,True
8,16384.0,0.25,0.5,2.6068451338579417e-36,80.0,0.9876034655311204,0.951229424500714,True,True
8,16384.0,0.25,0.75,2.6068451338579417e-36,80.0,0.9723520165137125,0.951229424500714,True,True
8,16384.0,0.25,0.99,2.6068451338579417e-36,80.0,0.9523680756767964,0.951229424500714,True,True
8,16384.0,0.1,0.1,2.301866862119891e-91,80.0,0.9995003331216576,0.951229424500714,True,True
8,16384.0,0.1,0.25,2.301866862119891e-91,80.0,0.9968831194104194,0.951229424500714,True,True
8,16384.0,0.1,0.5,2.301866862119891e-91,80.0,0.9876034655311204,0.951229424500714,True,True
8,16384.0,0.1,0.75,2.301866862119891e-91,80.0,0.9723520165137125,0.951229424500714,True,True
8,16384.0,0.1,0.99,2.301866862119891e-91,80.0,0.9523680756767964,0.951229424500714,True,True
8,16384.0,0.044721359549995794,0.1,3.850023557909563e-194,80.0,0.9995003331216576,0.951229424500714,True,True
8,16384.0,0.044721359549995794,0.25,3.850023557909563e-194,80.0,0.9968831194104194,0.951229424500714,True,True
8,16384.0,0.044721359549995794,0.5,3.850023557909563e-194,80.0,0.9876034655311204,0.951229424500714,True,True
8,16384.0,0.044721359549995794,0.75,3.850023557909563e-194,80.0,0.9723520165137125,0.951229424500714,True,True
8,16384.0,0.044721359549995794,0.99,3.850023557909563e-194,80.0,0.9523680756767964,0.951229424500714,True,True
16,64.0,1.0,0.1,95.07769412391455,81.0,1.0,0.9048374180359595,False,True
16,64.0,1.0,0.25,95.07769412391455,81.0,1.0,0.9048374180359595,False,True
16,64.0,1.0,0.5,95.07769412391455,81.0,1.0,0.9048374180359595,False,True
16,64.0,1.0,0.75,95.07769412391455,81.0,1.0,0.9048374180359595,False,True
16,64.0,1.0,0.99,95.07769412391455,81.0,1.0,0.9048374180359595,False,True
16,64.0,0.5,0.1,13.634069669641837,81.0,1.0,0.9048374180359595,False,True
16,64.0,0.5,0.25,13.634069669641837,81.0,1.0,0.9048374180359595,False,True
16,64.0,0.5,0.5,13.634069669641837,81.0,1.0,0.9048374180359595,False,True
16,64.0,0.5,0.75,13.634069669641837,81.0,1.0,0.9048374180359595,False,True
16,64.0,0.5,0.99,13.634069669641837,81.0,1.0,0.9048374180359595,False,True
16,64.0,0.25,0.1,1.1621929196612273,81.0,1.0,0.9048374180359595,False,True
16,64.0,0.25,0.25,1.1621929196612273,81.0,1.0,0.9048374180359595,False,True
16,64.0,0.25,0.5,1.1621929196612273,81.0,1.0,0.9048374180359595,False,True
16,64.0,0.25,0.75,1.1621929196612273,81.0,1.0,0.9048374180359595,False,True
16,64.0,0.25,0.99,1.1621929196612273,81.0,1.0,0.9048374180359595,False,True
16,64.0,0.1,0.1,0.021226673373957852,80.0420027750854,0.9993801974729482,0.9048374180359595,True,True
16,64.0,0.1,0.25,0.021226673373957852,80.0420027750854,0.994787633641502,0.9048374180359595,True,True
16,64.0,0.1,0.5,0.021226673373957852,80.0420027750854,0.9773946456176136,0.9048374180359595,True,True
16,64.0,0.1,0.75,0.021226673373957852,80.0420027750854,0.9484534506081672,0.9048374180359595,True,True
16,64.0,0.1,0.99,0.021226673373957852,80.0420027750854,0.9108054102621277,0.9048374180359595,True,True
16,64.0,0.044721359549995794,0.1,0.000641022628535848,80.00128163434707,0.9990136904232905,0.9048374180359595,True,True
16,64.0,0.044721359549995794,0.25,0.000641022628535848,80.00128163434707,0.9938078143005828,0.9048374180359595,True,True
16,64.0,0.044721359549995794,0.5,0.000641022628535848,80.00128163434707,0.9754232833118935,0.9048374180359595,True,True
16,64.0,0.044721359549995794,0.75,0.000641022628535848,80.00128163434707,0.9455597408178157,0.9048374180359595,True,True
16,64.0,0.044721359549995794,0.99,0.000641022628535848,80.00128163434707,0.9071207436860708,0.9048374180359595,True,True
16,128.0,1.0,0.1,63.4044165336153,81.0,1.0,0.9048374180359595,False,True
16,128.0,1.0,0.25,63.4044165336153,81.0,1.0,0.9048374180359595,False,True
16,128.0,1.0,0.5,63.4044165336153,81.0,1.0,0.9048374180359595,False,True
16,128.0,1.0,0.75,63.4044165336153,81.0,1.0,0.9048374180359595,False,True
16,128.0,1.0,0.99,63.4044165336153,81.0,1.0,0.9048374180359595,False,True
16,128.0,0.5,0.1,5.270334894749546,81.0,1.0,0.9048374180359595,False,True
16,128.0,0.5,0.25,5.270334894749546,81.0,1.0,0.9048374180359595,False,True
16,128.0,0.5,0.5,5.270334894749546,81.0,1.0,0.9048374180359595,False,True
16,128.0,0.5,0.75,5.270334894749546,81.0,1.0,0.9048374180359595,False,True
16,128.0,0.5,0.99,5.270334894749546,81.0,1.0,0.9048374180359595,False,True
16,128.0,0.25,0.1,0.1536940477685889,80.28376623521768,1.0,0.9048374180359595,False,True
16,128.0,0.25,0.25,0.1536940477685889,80.28376623521768,0.999076590592043,0.9048374180359595,True,True
16,128.0,0.25,0.5,0.1536940477685889,80.28376623521768,0.9881376844775077,0.9048374180359595,True,True
16,128.0,0.25,0.75,0.1536940477685889,80.28376623521768,0.9652724464252831,0.9048374180359595,True,True
16,128.0,0.25,0.99,0.1536940477685889,80.28376623521768,0.9329045412704147,0.9048374180359595,True,True
16,128.0,0.1,0.1,0.00020316860418496382,80.00040629593089,0.9990049736256443,0.9048374180359595,True,True
16,128.0,0.1,0.25,0.00020316860418496382,80.00040629593089,0.9937860606068104,0.9048374180359595,True,True
16,128.0,0.1,0.5,0.00020316860418496382,80.00040629593089,0.9753804790656458,0.9048374180359595,True,True
16,128.0,0.1,0.75,0.00020316860418496382,80.00040629593089,0.945497387790135,0.9048374180359595,True,True
16,128.0,0.1,0.99,0.00020316860418496382,80.00040629593089,0.907041658111513,0.9048374180359595,True,True
16,128.0,0.044721359549995794,0.1,2.2924852388425984e-07,80.000000458497,0.9990009204935486,0.9048374180359595,True,True
16,128.0,0.044721359549995794,0.25,2.2924852388425984e-07,80.000000458497,0.993775965174276,0.9048374180359595,True,True
16,128.0,0.044721359549995794,0.5,2.2924852388425984e-07,80.000000458497,0.97536062755856,0.9048374180359595,True,True
16,128.0,0.044721359549995794,0.75,2.2924852388425984e-07,80.000000458497,0.9454684766815021,0.9048374180359595,True,True
16,128.0,0.044721359549995794,0.99,2.2924852388425984e-07,80.000000458497,0.9070049929903264,0.9048374180359595,True,True
16,256.0,1.0,0.1,34.48380361722079,81.0,1.0,0.9048374180359595,False,True
16,256.0,1.0,0.25,34.48380361722079,81.0,1.0,0.9048374180359595,False,True
16,256.0,1.0,0.5,34.48380361722079,81.0,1.0,0.9048374180359595,False,True
16,256.0,1.0,0.75,34.48380361722079,81.0,1.0,0.9048374180359595,False,True
16,256.0,1.0,0.99,34.48380361722079,81.0,1.0,0.9048374180359595,False,True
16,256.0,0.5,0.1,1.2992822279399274,81.0,1.0,0.9048374180359595,False,True
16,256.0,0.5,0.25,1.2992822279399274,81.0,1.0,0.9048374180359595,False,True
16,256.0,0.5,0.5,1.2992822279399274,81.0,1.0,0.9048374180359595,False,True
16,256.0,0.5,0.75,1.2992822279399274,81.0,1.0,0.9048374180359595,False,True
16,256.0,0.5,0.99,1.2992822279399274,81.0,1.0,0.9048374180359595,False,True
16,256.0,0.25,0.1,0.007852189174839553,80.01564272147485,0.9991517298476624,0.9048374180359595,True,True
16,256.0,0.25,0.25,0.007852189174839553,80.01564272147485,0.9941606137093816,0.9048374180359595,True,True
16,256.0,0.25,0.5,0.007852189174839553,80.01564272147485,0.9761230108359432,0.9048374180359595,True,True
16,256.0,0.25,0.75,0.007852189174839553,80.01564272147485,0.946581842717428,0.9048374180359595,True,True
16,256.0,0.25,0.99,0.007852189174839553,80.01564272147485,0.908418967171612,0.9048374180359595,True,True
16,256.0,0.1,0.1,1.6612503916022255e-07,80.00000033225005,0.9990009192315553,0.9048374180359595,True,True
16,256.0,0.1,0.25,1.6612503916022255e-07,80.00000033225005,0.9937759620328612,0.9048374180359595,True,True
16,256.0,0.1,0.5,1.6612503916022255e-07,80.00000033225005,0.9753606213826128,0.9048374180359595,True,True
16,256.0,0.1,0.75,1.6612503916022255e-07,80.00000033225005,0.9454684676876994,0.9048374180359595,True,True
16,256.0,0.1,0.99,1.6612503916022255e-07,80.00000033225005,0.9070049815847963,0.9048374180359595,True,True
16,256.0,0.044721359549995794,0.1,5.083353556626355e-13,80.00000000000102,0.9990009159103147,0.9048374180359595,True,True
16,256.0,0.044721359549995794,0.25,5.083353556626355e-13,80.00000000000102,0.9937759537654738,0.9048374180359595,True,True
16,256.0,0.044721359549995794,0.5,5.083353556626355e-13,80.00000000000102,0.9753606051291287,0.9048374180359595,True,True
16,256.0,0.044721359549995794,0.75,5.083353556626355e-13,80.00000000000102,0.9454684440183555,0.9048374180359595,True,True
16,256.0,0.044721359549995794,0.99,5.083353556626355e-13,80.00000000000102,0.9070049515684159,0.9048374180359595,True,True
16,512.0,1.0,0.1,13.731363267247675,81.0,1.0,0.9048374180359595,False,True
16,512.0,1.0,0.25,13.731363267247675,81.0,1.0,0.9048374180359595,False,True
16,512.0,1.0,0.5,13.731363267247675,81.0,1.0,0.9048374180359595,False,True
16,512.0,1.0,0.75,13.731363267247675,81.0,1.0,0.9048374180359595,False,True
16,512.0,1.0,0.99,13.731363267247675,81.0,1.0,0.9048374180359595,False,True
16,512.0,0.5,0.1,0.1654797877687263,80.30357601537747,1.0,0.9048374180359595,False,True
16,512.0,0.5,0.25,0.1654797877687263,80.30357601537747,0.999288836519184,0.9048374180359595,True,True
16,512.0,0.5,0.5,0.1654797877687263,80.30357601537747,0.9889291229647398,0.9048374180359595,True,True
16,512.0,0.5,0.75,0.1654797877687263,80.30357601537747,0.9666151537156329,0.9048374180359595,True,True
16,512.0,0.5,0.99,0.1654797877687263,80.30357601537747,0.934732064246565,0.9048374180359595,True,True
16,512.0,0.25,0.1,0.00010262199615417589,80.00020523346103,0.9990029665256921,0.9048374180359595,True,True
16,512.0,0.25,0.25,0.00010262199615417589,80.00020523346103,0.9937810598303161,0.9048374180359595,True,True
16,512.0,0.25,0.5,0.00010262199615417589,80.00020523346103,0.975370644582333,0.9048374180359595,True,True
16,512.0,0.25,0.75,0.00010262199615417589,80.00020523346103,0.9454830646351393,0.9048374180359595,True,True
16,512.0,0.25,0.99,0.00010262199615417589,80.00020523346103,0.907023493116893,0.9048374180359595,True,True
16,512.0,0.1,0.1,4.034125504666725e-12,80.00000000000807,0.9990009159103852,0.9048374180359595,True,True
16,512.0,0.1,0.25,4.034125504666725e-12,80.00000000000807,0.9937759537656493,0.9048374180359595,True,True
16,512.0,0.1,0.5,4.034125504666725e-12,80.00000000000807,0.9753606051294736,0.9048374180359595,True,True
16,512.0,0.1,0.75,4.034125504666725e-12,80.00000000000807,0.9454684440188579,0.9048374180359595,True,True
16,512.0,0.1,0.99,4.034125504666725e-12,80.00000000000807,0.9070049515690529,0.9048374180359595,True,True
16,512.0,0.044721359549995794,0.1,5.39348643350696e-22,80.0,0.9990009159103046,0.9048374180359595,True,True
16,512.0,0.044721359549995794,0.25,5.39348643350696e-22,80.0,0.9937759537654485,0.9048374180359595,True,True
16,512.0,0.044721359549995794,0.5,5.39348643350696e-22,80.0,0.975360605129079,0.9048374180359595,True,True
16,512.0,0.044721359549995794,0.75,5.39348643350696e-22,80.0,0.9454684440182831,0.9048374180359595,True,True
16,512.0,0.044721359549995794,0.99,5.39348643350696e-22,80.0,0.9070049515683241,0.9048374180359595,True,True
16,1024.0,1.0,0.1,3.449713099718058,81.0,1.0,0.9048374180359595,False,True
16,1024.0,1.0,0.25,3.449713099718058,81.0,1.0,0.9048374180359595,False,True
16,1024.0,1.0,0.5,3.449713099718058,81.0,1.0,0.9048374180359595,False,True
16,1024.0,1.0,0.75,3.449713099718058,81.0,1.0,0.9048374180359595,False,True
16,1024.0,1.0,0.99,3.449713099718058,81.0,1.0,0.9048374180359595,False,True
16,1024.0,0.5,0.1,0.00813488854596212,80.01620360068027,0.9991569293847613,0.9048374180359595,True,True
16,1024.0,0.5,0.25,0.00813488854596212,80.01620360068027,0.994174234393869,0.9048374180359595,True,True
16,1024.0,0.5,0.5,0.00813488854596212,80.01620360068027,0.9761502412680303,0.9048374180359595,True,True
16,1024.0,0.5,0.75,0.00813488854596212,80.01620360068027,0.946621727215037,0.9048374180359595,True,True
16,1024.0,0.5,0.99,0.00813488854596212,80.01620360068027,0.9084696974429927,0.9048374180359595,True,True
16,1024.0,0.25,0.1,1.931968301175089e-07,80.00000038639362,0.9990009197727869,0.9048374180359595,True,True
16,1024.0,0.25,0.25,1.931968301175089e-07,80.00000038639362,0.993775963380121,0.9048374180359595,True,True
16,1024.0,0.25,0.5,1.931968301175089e-07,80.00000038639362,0.9753606240312935,0.9048374180359595,True,True
16,1024.0,0.25,0.75,1.931968301175089e-07,80.00000038639362,0.9454684715448748,0.9048374180359595,True,True
16,1024.0,0.25,0.99,1.931968301175089e-07,80.00000038639362,0.90700498647629,0.9048374180359595,True,True
16,1024.0,0.1,0.1,6.832171154781313e-19,80.0,0.9990009159103046,0.9048374180359595,True,True
16,1024.0,0.1,0.25,6.832171154781313e-19,80.0,0.9937759537654485,0.9048374180359595,True,True
16,1024.0,0.1,0.5,6.832171154781313e-19,80.0,0.975360605129079,0.9048374180359595,True,True
16,1024.0,0.1,0.75,6.832171154781313e-19,80.0,0.9454684440182831,0.9048374180359595,True,True
16,1024.0,0.1,0.99,6.832171154781313e-19,80.0,0.9070049515683241,0.9048374180359595,True,True
16,1024.0,0.044721359549995794,0.1,8.363355937120393e-36,80.0,0.9990009159103046,0.9048374180359595,True,True
16,1024.0,0.044721359549995794,0.25,8.363355937120393e-36,80.0,0.9937759537654485,0.9048374180359595,True,True
16,1024.0,0.044721359549995794,0.5,8.363355937120393e-36,80.0,0.975360605129079,0.9048374180359595,True,True
16,1024.0,0.044721359549995794,0.75,8.363355937120393e-36,80.0,0.9454684440182831,0.9048374180359595,True,True
16,1024.0,0.044721359549995794,0.99,8.363355937120393e-36,80.0,0.9070049515683241,0.9048374180359595,True,True
16,2048.0,1.0,0.1,0.44466706591330735,80.69160533231866,1.0,0.9048374180359595,False,True
16,2048.0,1.0,0.25,0.44466706591330735,80.69160533231866,1.0,0.9048374180359595,False,True
16,2048.0,1.0,0.5,0.44466706591330735,80.69160533231866,0.9996965662573104,0.9048374180359595,True,True
16,2048.0,1.0,0.75,0.44466706591330735,80.69160533231866,0.9908112064750464,0.9048374180359595,True,True
16,2048.0,1.0,0.99,0.44466706591330735,80.69160533231866,0.9710108467293598,0.9048374180359595,True,True
16,2048.0,0.5,0.1,0.00010271072030416535,80.00020541089111,0.9990029682976855,0.9048374180359595,True,True
16,2048.0,0.5,0.25,0.00010271072030416535,80.00020541089111,0.9937810642439755,0.9048374180359595,True,True
16,2048.0,0.5,0.5,0.00010271072030416535,80.00020541089111,0.975370653261304,0.9048374180359595,True,True
16,2048.0,0.5,0.75,0.00010271072030416535,80.00020541089111,0.9454830772749276,0.9048374180359595,True,True
16,2048.0,0.5,0.99,0.00010271072030416535,80.00020541089111,0.9070235091467015,0.9048374180359595,True,True
16,2048.0,0.25,0.1,2.3379040835907597e-11,80.00000000004675,0.999000915910772,0.9048374180359595,True,True
16,2048.0,0.25,0.25,2.3379040835907597e-11,80.00000000004675,0.993775953766612,0.9048374180359595,True,True
16,2048.0,0.25,0.5,2.3379040835907597e-11,80.00000000004675,0.9753606051313664,0.9048374180359595,True,True
16,2048.0,0.25,0.75,2.3379040835907597e-11,80.00000000004675,0.9454684440216141,0.9048374180359595,True,True
16,2048.0,0.25,0.99,2.3379040835907597e-11,80.00000000004675,0.9070049515725483,0.9048374180359595,True,True
16,2048.0,0.1,0.1,1.0742382559444299e-28,80.0,0.9990009159103046,0.9048374180359595,True,True
16,2048.0,0.1,0.25,1.0742382559444299e-28,80.0,0.9937759537654485,0.9048374180359595,True,True
16,2048.0,0.1,0.5,1.0742382559444299e-28,80.0,0.975360605129079,0.9048374180359595,True,True
16,2048.0,0.1,0.75,1.0742382559444299e-28,80.0,0.9454684440182831,0.9048374180359595,True,True
16,2048.0,0.1,0.99,1.0742382559444299e-28,80.0,0.9070049515683241,0.9048374180359595,True,True
16,2048.0,0.044721359549995794,0.1,1.6620208733654504e-56,80.0,0.9990009159103046,0.9048374180359595,True,True
16,2048.0,0.044721359549995794,0.25,1.6620208733654504e-56,80.0,0.9937759537654485,0.9048374180359595,True,True
16,2048.0,0.044721359549995794,0.5,1.6620208733654504e-56,80.0,0.975360605129079,0.9048374180359595,True,True
16,2048.0,0.044721359549995794,0.75,1.6620208733654504e-56,80.0,0.9454684440182831,0.9048374180359595,True,True
16,2048.0,0.044721359549995794,0.99,1.6620208733654504e-56,80.0,0.9070049515683241,0.9048374180359595,True,True
16,4096.0,1.0,0.1,0.022027882325764997,80.04357053705178,0.9993927475148613,0.9048374180359595,True,True
16,4096.0,1.0,0.25,0.022027882325764997,80.04357053705178,0.9948240684901566,0.9048374180359595,True,True
16,4096.0,1.0,0.5,0.022027882325764997,80.04357053705178,0.977469743875085,0.9048374180359595,True,True
16,4096.0,1.0,0.75,0.022027882325764997,80.04357053705178,0.9485645751056047,0.9048374180359595,True,True
16,4096.0,1.0,0.99,0.022027882325764997,80.04357053705178,0.9109474875979001,0.9048374180359595,True,True
16,4096.0,0.5,0.1,1.8791206492824855e-07,80.0000003758241,0.9990009196671314,0.9048374180359595,True,True
16,4096.0,0.5,0.25,1.8791206492824855e-07,80.0000003758241,0.9937759631171184,0.9048374180359595,True,True
16,4096.0,0.5,0.5,1.8791206492824855e-07,80.0000003758241,0.9753606235142367,0.9048374180359595,True,True
16,4096.0,0.5,0.75,1.8791206492824855e-07,80.0000003758241,0.9454684707919041,0.9048374180359595,True,True
16,4096.0,0.5,0.99,1.8791206492824855e-07,80.0000003758241,0.907004985521407,0.9048374180359595,True,True
16,4096.0,0.25,0.1,5.825664880000653e-17,80.0,0.9990009159103046,0.9048374180359595,True,True
16,4096.0,0.25,0.25,5.825664880000653e-17,80.0,0.9937759537654485,0.9048374180359595,True,True
16,4096.0,0.25,0.5,5.825664880000653e-17,80.0,0.975360605129079,0.9048374180359595,True,True
16,4096.0,0.25,0.75,5.825664880000653e-17,80.0,0.9454684440182831,0.9048374180359595,True,True
16,4096.0,0.25,0.99,5.825664880000653e-17,80.0,0.9070049515683241,0.9048374180359595,True,True
16,4096.0,0.1,0.1,9.211361275968073e-43,80.0,0.9990009159103046,0.9048374180359595,True,True
16,4096.0,0.1,0.25,9.211361275968073e-43,80.0,0.9937759537654485,0.9048374180359595,True,True
16,4096.0,0.1,0.5,9.211361275968073e-43,80.0,0.975360605129079,0.9048374180359595,True,True
16,4096.0,0.1,0.75,9.211361275968073e-43,80.0,0.9454684440182831,0.9048374180359595,True,True
16,4096.0,0.1,0.99,9.211361275968073e-43,80.0,0.9070049515683241,0.9048374180359595,True,True
16,4096.0,0.044721359549995794,0.1,6.4063708369018545e-87,80.0,0.9990009159103046,0.9048374180359595,True,True
16,4096.0,0.044721359549995794,0.25,6.4063708369018545e-87,80.0,0.9937759537654485,0.9048374180359595,True,True
16,4096.0,0.044721359549995794,0.5,6.4063708369018545e-87,80.0,0.975360605129079,0.9048374180359595,True,True
16,4096.0,0.044721359549995794,0.75,6.4063708369018545e-87,80.0,0.9454684440182831,0.9048374180359595,True,True
16,4096.0,0.044721359549995794,0.99,6.4063708369018545e-87,80.0,0.9070049515683241,0.9048374180359595,True,True
16,8192.0,1.0,0.1,0.0002795068407896594,80.0005589355575,0.9990064961293567,0.9048374180359595,True,True
16,8192.0,1.0,0.25,0.0002795068407896594,80.0005589355575,0.993789856019325,0.9048374180359595,True,True
16,8192.0,1.0,0.5,0.0002795068407896594,80.0005589355575,0.9753879444437813,0.9048374180359595,True,True
16,8192.0,1.0,0.75,0.0002795068407896594,80.0005589355575,0.9455082612159427,0.9048374180359595,True,True
16,8192.0,1.0,0.99,0.0002795068407896594,80.0005589355575,0.9070554485206109,0.9048374180359595,True,True
16,8192.0,0.5,0.1,2.2232381046141962e-11,80.00000000004447,0.999000915910749,0.9048374180359595,True,True
16,8192.0,0.5,0.25,2.2232381046141962e-11,80.00000000004447,0.9937759537665549,0.9048374180359595,True,True
16,8192.0,0.5,0.5,2.2232381046141962e-11,80.00000000004447,0.9753606051312542,0.9048374180359595,True,True
16,8192.0,0.5,0.75,2.2232381046141962e-11,80.00000000004447,0.9454684440214507,0.9048374180359595,True,True
16,8192.0,0.5,0.99,2.2232381046141962e-11,80.00000000004447,0.9070049515723412,0.9048374180359595,True,True
16,8192.0,0.25,0.1,5.984078675237384e-25,80.0,0.9990009159103046,0.9048374180359595,True,True
16,8192.0,0.25,0.25,5.984078675237384e-25,80.0,0.9937759537654485,0.9048374180359595,True,True
16,8192.0,0.25,0.5,5.984078675237384e-25,80.0,0.975360605129079,0.9048374180359595,True,True
16,8192.0,0.25,0.75,5.984078675237384e-25,80.0,0.9454684440182831,0.9048374180359595,True,True
16,8192.0,0.25,0.99,5.984078675237384e-25,80.0,0.9070049515683241,0.9048374180359595,True,True
16,8192.0,0.1,0.1,7.854108353947351e-63,80.0,0.9990009159103046,0.9048374180359595,True,True
16,8192.0,0.1,0.25,7.854108353947351e-63,80.0,0.9937759537654485,0.9048374180359595,True,True
16,8192.0,0.1,0.5,7.854108353947351e-63,80.0,0.975360605129079,0.9048374180359595,True,True
16,8192.0,0.1,0.75,7.854108353947351e-63,80.0,0.9454684440182831,0.9048374180359595,True,True
16,8192.0,0.1,0.99,7.854108353947351e-63,80.0,0.9070049515683241,0.9048374180359595,True,True
16,8192.0,0.044721359549995794,0.1,5.782115619281695e-131,80.0,0.9990009159103046,0.9048374180359595,True,True
16,8192.0,0.044721359549995794,0.25,5.782115619281695e-131,80.0,0.9937759537654485,0.9048374180359595,True,True
16,8192.0,0.044721359549995794,0.5,5.782115619281695e-131,80.0,0.975360605129079,0.9048374180359595,True,True
16,8192.0,0.044721359549995794,0.75,5.782115619281695e-131,80.0,0.9454684440182831,0.9048374180359595,True,True
16,8192.0,0.044721359549995794,0.99,5.782115619281695e-131,80.0,0.9070049515683241,0.9048374180359595,True,True
16,16384.0,1.0,0.1,5.130344448485075e-07,80.00000102606863,0.9990009261671152,0.9048374180359595,True,True
16,16384.0,1.0,0.25,5.130344448485075e-07,80.00000102606863,0.9937759792972081,0.9048374180359595,True,True
16,16384.0,1.0,0.5,5.130344448485075e-07,80.00000102606863,0.9753606553239199,0.9048374180359595,True,True
16,16384.0,1.0,0.75,5.130344448485075e-07,80.00000102606863,0.9454685171151704,0.9048374180359595,True,True
16,16384.0,1.0,0.99,5.130344448485075e-07,80.00000102606863,0.9070050442664624,0.9048374180359595,True,True
16,16384.0,0.5,0.1,5.445433402554211e-17,80.0,0.9990009159103046,0.9048374180359595,True,True
16,16384.0,0.5,0.25,5.445433402554211e-17,80.0,0.9937759537654485,0.9048374180359595,True,True
16,16384.0,0.5,0.5,5.445433402554211e-17,80.0,0.975360605129079,0.9048374180359595,True,True
16,16384.0,0.5,0.75,5.445433402554211e-17,80.0,0.9454684440182831,0.9048374180359595,True,True
16,16384.0,0.5,0.99,5.445433402554211e-17,80.0,0.9070049515683241,0.9048374180359595,True,True
16,16384.0,0.25,0.1,2.6068451338579417e-36,80.0,0.9990009159103046,0.9048374180359595,True,True
16,16384.0,0.25,0.25,2.6068451338579417e-36,80.0,0.9937759537654485,0.9048374180359595,True,True
16,16384.0,0.25,0.5,2.6068451338579417e-36,80.0,0.975360605129079,0.9048374180359595,True,True
16,16384.0,0.25,0.75,2.6068451338579417e-36,80.0,0.9454684440182831,0.9048374180359595,True,True
16,16384.0,0.25,0.99,2.6068451338579417e-36,80.0,0.9070049515683241,0.9048374180359595,True,True
16,16384.0,0.1,0.1,2.301866862119891e-91,80.0,0.9990009159103046,0.9048374180359595,True,True
16,16384.0,0.1,0.25,2.301866862119891e-91,80.0,0.9937759537654485,0.9048374180359595,True,True
16,16384.0,0.1,0.5,2.301866862119891e-91,80.0,0.975360605129079,0.9048374180359595,True,True
16,16384.0,0.1,0.75,2.301866862119891e-91,80.0,0.9454684440182831,0.9048374180359595,True,True
16,16384.0,0.1,0.99,2.301866862119891e-91,80.0,0.9070049515683241,0.9048374180359595,True,True
16,16384.0,0.044721359549995794,0.1,3.850023557909563e-194,80.0,0.9990009159103046,0.9048374180359595,True,True
16,16384.0,0.044721359549995794,0.25,3.850023557909563e-194,80.0,0.9937759537654485,0.9048374180359595,True,True
16,16384.0,0.044721359549995794,0.5,3.850023557909563e-194,80.0,0.975360605129079,0.9048374180359595,True,True
16,16384.0,0.044721359549995794,0.75,3.850023557909563e-194,80.0,0.9454684440182831,0.9048374180359595,True,True
16,16384.0,0.044721359549995794,0.99,3.850023557909563e-194,80.0,0.9070049515683241,0.9048374180359595,True,True
32,64.0,1.0,0.1,95.07769412391455,81.0,1.0,0.8187307530779818,False,True
32,64.0,1.0,0.25,95.07769412391455,81.0,1.0,0.8187307530779818,False,True
32,64.0,1.0,0.5,95.07769412391455,81.0,1.0,0.8187307530779818,False,True
32,64.0,1.0,0.75,95.07769412391455,81.0,1.0,0.8187307530779818,False,True
32,64.0,1.0,0.99,95.07769412391455,81.0,1.0,0.8187307530779818,False,True
32,64.0,0.5,0.1,13.634069669641837,81.0,1.0,0.8187307530779818,False,True
32,64.0,0.5,0.25,13.634069669641837,81.0,1.0,0.8187307530779818,False,True
32,64.0,0.5,0.5,13.634069669641837,81.0,1.0,0.8187307530779818,False,True
32,64.0,0.5,0.75,13.634069669641837,81.0,1.0,0.8187307530779818,False,True
32,64.0,0.5,0.99,13.634069669641837,81.0,1.0,0.8187307530779818,False,True
32,64.0,0.25,0.1,1.1621929196612273,81.0,1.0,0.8187307530779818,False,True
32,64.0,0.25,0.25,1.1621929196612273,81.0,1.0,0.8187307530779818,False,True
32,64.0,0.25,0.5,1.1621929196612273,81.0,1.0,0.8187307530779818,False,True
32,64.0,0.25,0.75,1.1621929196612273,81.0,1.0,0.8187307530779818,False,True
32,64.0,0.25,0.99,1.1621929196612273,81.0,1.0,0.8187307530779818,False,True
32,64.0,0.1,0.1,0.021226673373957852,80.0420027750854,0.9987607791010689,0.8187307530779818,True,True
32,64.0,0.1,0.25,0.021226673373957852,80.0420027750854,0.9896024360460591,0.8187307530779818,True,True
32,64.0,0.1,0.5,0.021226673373957852,80.0420027750854,0.9553002932819804,0.8187307530779818,True,True
32,64.0,0.1,0.75,0.021226673373957852,80.0420027750854,0.8995639479705392,0.8187307530779818,True,True
32,64.0,0.1,0.99,0.021226673373957852,80.0420027750854,0.8295664953627628,0.8187307530779818,True,True
32,64.0,0.044721359549995794,0.1,0.000641022628535848,80.00128163434707,0.998028353653162,0.8187307530779818,True,True
32,64.0,0.044721359549995794,0.25,0.000641022628535848,80.00128163434707,0.9876539717649017,0.8187307530779818,True,True
32,64.0,0.044721359549995794,0.5,0.000641022628535848,80.00128163434707,0.9514505816269546,0.8187307530779818,True,True
32,64.0,0.044721359549995794,0.75,0.000641022628535848,80.00128163434707,0.8940832234554548,0.8187307530779818,True,True
32,64.0,0.044721359549995794,0.99,0.000641022628535848,80.00128163434707,0.8228680436255701,0.8187307530779818,True,True
32,128.0,1.0,0.1,63.4044165336153,81.0,1.0,0.8187307530779818,False,True
32,128.0,1.0,0.25,63.4044165336153,81.0,1.0,0.8187307530779818,False,True
32,128.0,1.0,0.5,63.4044165336153,81.0,1.0,0.8187307530779818,False,True
32,128.0,1.0,0.75,63.4044165336153,81.0,1.0,0.8187307530779818,False,True
32,128.0,1.0,0.99,63.4044165336153,81.0,1.0,0.8187307530779818,False,True
32,128.0,0.5,0.1,5.270334894749546,81.0,1.0,0.8187307530779818,False,True
32,128.0,0.5,0.25,5.270334894749546,81.0,1.0,0.8187307530779818,False,True
32,128.0,0.5,0.5,5.270334894749546,81.0,1.0,0.8187307530779818,False,True
32,128.0,0.5,0.75,5.270334894749546,81.0,1.0,0.8187307530779818,False,True
32,128.0,0.5,0.99,5.270334894749546,81.0,1.0,0.8187307530779818,False,True
32,128.0,0.25,0.1,0.1536940477685889,80.28376623521768,1.0,0.8187307530779818,False,True
32,128.0,0.25,0.25,0.1536940477685889,80.28376623521768,0.9981540338690208,0.8187307530779818,True,True
32,128.0,0.25,0.5,0.1536940477685889,80.28376623521768,0.9764160834845705,0.8187307530779818,True,True
32,128.0,0.25,0.75,0.1536940477685889,80.28376623521768,0.931750895827851,0.8187307530779818,True,True
32,128.0,0.25,0.99,0.1536940477685889,80.28376623521768,0.8703108831229628,0.8187307530779818,True,True
32,128.0,0.1,0.1,0.00020316860418496382,80.00040629593089,0.9980109373287743,0.8187307530779818,True,True
32,128.0,0.1,0.25,0.00020316860418496382,80.00040629593089,0.9876107342564031,0.8187307530779818,True,True
32,128.0,0.1,0.5,0.00020316860418496382,80.00040629593089,0.9513670789423289,0.8187307530779818,True,True
32,128.0,0.1,0.75,0.00020316860418496382,80.00040629593089,0.8939653103179689,0.8187307530779818,True,True
32,128.0,0.1,0.99,0.00020316860418496382,80.00040629593089,0.822724569549683,0.8187307530779818,True,True
32,128.0,0.044721359549995794,0.1,2.2924852388425984e-07,80.000000458497,0.9980028391469573,0.8187307530779818,True,True
32,128.0,0.044721359549995794,0.25,2.2924852388425984e-07,80.000000458497,0.9875906689580639,0.8187307530779818,True,True
32,128.0,0.044721359549995794,0.5,2.2924852388425984e-07,80.000000458497,0.951328353791428,0.8187307530779818,True,True
32,128.0,0.044721359549995794,0.75,2.2924852388425984e-07,80.000000458497,0.89391064039844,0.8187307530779818,True,True
32,128.0,0.044721359549995794,0.99,2.2924852388425984e-07,80.000000458497,0.822658057309382,0.8187307530779818,True,True
32,256.0,1.0,0.1,34.48380361722079,81.0,1.0,0.8187307530779818,False,True
32,256.0,1.0,0.25,34.48380361722079,81.0,1.0,0.8187307530779818,False,True
32,256.0,1.0,0.5,34.48380361722079,81.0,1.0,0.8187307530779818,False,True
32,256.0,1.0,0.75,34.48380361722079,81.0,1.0,0.8187307530779818,False,True
32,256.0,1.0,0.99,34.48380361722079,81.0,1.0,0.8187307530779818,False,True
32,256.0,0.5,0.1,1.2992822279399274,81.0,1.0,0.8187307530779818,False,True
32,256.0,0.5,0.25,1.2992822279399274,81.0,1.0,0.8187307530779818,False,True
32,256.0,0.5,0.5,1.2992822279399274,81.0,1.0,0.8187307530779818,False,True
32,256.0,0.5,0.75,1.2992822279399274,81.0,1.0,0.8187307530779818,False,True
32,256.0,0.5,0.99,1.2992822279399274,81.0,1.0,0.8187307530779818,False,True
32,256.0,0.25,0.1,0.007852189174839553,80.01564272147485,0.9983041792575761,0.8187307530779818,True,True
32,256.0,0.25,0.25,0.007852189174839553,80.01564272147485,0.9883553258510142,0.8187307530779818,True,True
32,256.0,0.25,0.5,0.007852189174839553,80.01564272147485,0.952816132283427,0.8187307530779818,True,True
32,256.0,0.25,0.75,0.007852189174839553,80.01564272147485,0.8960171849623215,0.8187307530779818,True,True
32,256.0,0.25,0.99,0.007852189174839553,80.01564272147485,0.8252250199171383,0.8187307530779818,True,True
32,256.0,0.1,0.1,1.6612503916022255e-07,80.00000033225005,0.9980028366254925,0.8187307530779818,True,True
32,256.0,0.1,0.25,1.6612503916022255e-07,80.00000033225005,0.9875906627143388,0.8187307530779818,True,True
32,256.0,0.1,0.5,1.6612503916022255e-07,80.00000033225005,0.9513283417438766,0.8187307530779818,True,True
32,256.0,0.1,0.75,1.6612503916022255e-07,80.00000033225005,0.8939106233917262,0.8187307530779818,True,True
32,256.0,0.1,0.99,1.6612503916022255e-07,80.00000033225005,0.8226580366196367,0.8187307530779818,True,True
32,256.0,0.044721359549995794,0.1,5.083353556626355e-13,80.00000000000102,0.9980028299896477,0.8187307530779818,True,True
32,256.0,0.044721359549995794,0.25,5.083353556626355e-13,80.00000000000102,0.9875906462824772,0.8187307530779818,True,True
32,256.0,0.044721359549995794,0.5,5.083353556626355e-13,80.00000000000102,0.9513283100378601,0.8187307530779818,True,True
32,256.0,0.044721359549995794,0.75,5.083353556626355e-13,80.00000000000102,0.8939105786344902,0.8187307530779818,True,True
32,256.0,0.044721359549995794,0.99,5.083353556626355e-13,80.00000000000102,0.8226579821696245,0.8187307530779818,True,True
32,512.0,1.0,0.1,13.731363267247675,81.0,1.0,0.8187307530779818,False,True
32,512.0,1.0,0.25,13.731363267247675,81.0,1.0,0.8187307530779818,False,True
32,512.0,1.0,0.5,13.731363267247675,81.0,1.0,0.8187307530779818,False,True
32,512.0,1.0,0.75,13.731363267247675,81.0,1.0,0.8187307530779818,False,True
32,512.0,1.0,0.99,13.731363267247675,81.0,1.0,0.8187307530779818,False,True
32,512.0,0.5,0.1,0.1654797877687263,80.30357601537747,1.0,0.8187307530779818,False,True
32,512.0,0.5,0.25,0.1654797877687263,80.30357601537747,0.9985781787918644,0.8187307530779818,True,True
32,512.0,0.5,0.5,0.1654797877687263,80.30357601537747,0.9779808102478094,0.8187307530779818,True,True
32,512.0,0.5,0.75,0.1654797877687263,80.30357601537747,0.9343448553926966,0.8187307530779818,True,True
32,512.0,0.5,0.99,0.1654797877687263,80.30357601537747,0.8737240319306444,0.8187307530779818,True,True
32,512.0,0.25,0.1,0.00010262199615417589,80.00020523346103,0.9980069271271331,0.8187307530779818,True,True
32,512.0,0.25,0.25,0.00010262199615417589,80.00020523346103,0.9876007948774661,0.8187307530779818,True,True
32,512.0,0.25,0.5,0.00010262199615417589,80.00020523346103,0.9513478943129557,0.8187307530779818,True,True
32,512.0,0.25,0.75,0.00010262199615417589,80.00020523346103,0.893938225511855,0.8187307530779818,True,True
32,512.0,0.25,0.99,0.00010262199615417589,80.00020523346103,0.8226916170659704,0.8187307530779818,True,True
32,512.0,0.1,0.1,4.034125504666725e-12,80.00000000000807,0.9980028299897885,0.8187307530779818,True,True
32,512.0,0.1,0.25,4.034125504666725e-12,80.00000000000807,0.9875906462828259,0.8187307530779818,True,True
32,512.0,0.1,0.5,4.034125504666725e-12,80.00000000000807,0.9513283100385331,0.8187307530779818,True,True
32,512.0,0.1,0.75,4.034125504666725e-12,80.00000000000807,0.8939105786354401,0.8187307530779818,True,True
32,512.0,0.1,0.99,4.034125504666725e-12,80.00000000000807,0.8226579821707801,0.8187307530779818,True,True
32,512.0,0.044721359549995794,0.1,5.39348643350696e-22,80.0,0.9980028299896274,0.8187307530779818,True,True
32,512.0,0.044721359549995794,0.25,5.39348643350696e-22,80.0,0.9875906462824269,0.8187307530779818,True,True
32,512.0,0.044721359549995794,0.5,5.39348643350696e-22,80.0,0.9513283100377632,0.8187307530779818,True,True
32,512.0,0.044721359549995794,0.75,5.39348643350696e-22,80.0,0.8939105786343533,0.8187307530779818,True,True
32,512.0,0.044721359549995794,0.99,5.39348643350696e-22,80.0,0.8226579821694578,0.8187307530779818,True,True
32,1024.0,1.0,0.1,3.449713099718058,81.0,1.0,0.8187307530779818,False,True
32,1024.0,1.0,0.25,3.449713099718058,81.0,1.0,0.8187307530779818,False,True
32,1024.0,1.0,0.5,3.449713099718058,81.0,1.0,0.8187307530779818,False,True
32,1024.0,1.0,0.75,3.449713099718058,81.0,1.0,0.8187307530779818,False,True
32,1024.0,1.0,0.99,3.449713099718058,81.0,1.0,0.8187307530779818,False,True
32,1024.0,0.5,0.1,0.00813488854596212,80.01620360068027,0.9983145695375848,0.8187307530779818,True,True
32,1024.0,0.5,0.25,0.00813488854596212,80.01620360068027,0.9883824083326356,0.8187307530779818,True,True
32,1024.0,0.5,0.5,0.00813488854596212,80.01620360068027,0.9528692935276338,0.8187307530779818,True,True
32,1024.0,0.5,0.75,0.00813488854596212,80.01620360068027,0.8960926944355799,0.8187307530779818,True,True
32,1024.0,0.5,0.99,0.00813488854596212,80.01620360068027,0.8253171911721625,0.8187307530779818,True,True
32,1024.0,0.25,0.1,1.931968301175089e-07,80.00000038639362,0.9980028377068741,0.8187307530779818,True,True
32,1024.0,0.25,0.25,1.931968301175089e-07,80.00000038639362,0.9875906653920876,0.8187307530779818,True,True
32,1024.0,0.25,0.5,1.931968301175089e-07,80.00000038639362,0.9513283469107143,0.8187307530779818,True,True
32,1024.0,0.25,0.75,1.931968301175089e-07,80.00000038639362,0.8939106306854017,0.8187307530779818,True,True
32,1024.0,0.25,0.99,1.931968301175089e-07,80.00000038639362,0.822658045492855,0.8187307530779818,True,True
32,1024.0,0.1,0.1,6.832171154781313e-19,80.0,0.9980028299896274,0.8187307530779818,True,True
32,1024.0,0.1,0.25,6.832171154781313e-19,80.0,0.9875906462824269,0.8187307530779818,True,True
32,1024.0,0.1,0.5,6.832171154781313e-19,80.0,0.9513283100377632,0.8187307530779818,True,True
32,1024.0,0.1,0.75,6.832171154781313e-19,80.0,0.8939105786343533,0.8187307530779818,True,True
32,1024.0,0.1,0.99,6.832171154781313e-19,80.0,0.8226579821694578,0.8187307530779818,True,True
32,1024.0,0.044721359549995794,0.1,8.363355937120393e-36,80.0,0.9980028299896274,0.8187307530779818,True,True
32,1024.0,0.044721359549995794,0.25,8.363355937120393e-36,80.0,0.9875906462824269,0.8187307530779818,True,True
32,1024.0,0.044721359549995794,0.5,8.363355937120393e-36,80.0,0.9513283100377632,0.8187307530779818,True,True
32,1024.0,0.044721359549995794,0.75,8.363355937120393e-36,80.0,0.8939105786343533,0.8187307530779818,True,True
32,1024.0,0.044721359549995794,0.99,8.363355937120393e-36,80.0,0.8226579821694578,0.8187307530779818,True,True
32,2048.0,1.0,0.1,0.44466706591330735,80.69160533231866,1.0,0.8187307530779818,False,True
32,2048.0,1.0,0.25,0.44466706591330735,80.69160533231866,1.0,0.8187307530779818,False,True
32,2048.0,1.0,0.5,0.44466706591330735,80.69160533231866,0.9993932245866571,0.8187307530779818,True,True
32,2048.0,1.0,0.75,0.44466706591330735,80.69160533231866,0.9817068468765371,0.8187307530779818,True,True
32,2048.0,1.0,0.99,0.44466706591330735,80.69160533231866,0.9428620644660682,0.8187307530779818,True,True
32,2048.0,0.5,0.1,0.00010271072030416535,80.00020541089111,0.9980069306675866,0.8187307530779818,True,True
32,2048.0,0.5,0.25,0.00010271072030416535,80.00020541089111,0.9876008036498887,0.8187307530779818,True,True
32,2048.0,0.5,0.5,0.00010271072030416535,80.00020541089111,0.951347911243383,0.8187307530779818,True,True
32,2048.0,0.5,0.75,0.00010271072030416535,80.00020541089111,0.8939382494132668,0.8187307530779818,True,True
32,2048.0,0.5,0.99,0.00010271072030416535,80.00020541089111,0.8226916461447965,0.8187307530779818,True,True
32,2048.0,0.25,0.1,2.3379040835907597e-11,80.00000000004675,0.9980028299905612,0.8187307530779818,True,True
32,2048.0,0.25,0.25,2.3379040835907597e-11,80.00000000004675,0.9875906462847394,0.8187307530779818,True,True
32,2048.0,0.25,0.5,2.3379040835907597e-11,80.00000000004675,0.9513283100422252,0.8187307530779818,True,True
32,2048.0,0.25,0.75,2.3379040835907597e-11,80.00000000004675,0.893910578640652,0.8187307530779818,True,True
32,2048.0,0.25,0.99,2.3379040835907597e-11,80.00000000004675,0.8226579821771207,0.8187307530779818,True,True
32,2048.0,0.1,0.1,1.0742382559444299e-28,80.0,0.9980028299896274,0.8187307530779818,True,True
32,2048.0,0.1,0.25,1.0742382559444299e-28,80.0,0.9875906462824269,0.8187307530779818,True,True
32,2048.0,0.1,0.5,1.0742382559444299e-28,80.0,0.9513283100377632,0.8187307530779818,True,True
32,2048.0,0.1,0.75,1.0742382559444299e-28,80.0,0.8939105786343533,0.8187307530779818,True,True
32,2048.0,0.1,0.99,1.0742382559444299e-28,80.0,0.8226579821694578,0.8187307530779818,True,True
32,2048.0,0.044721359549995794,0.1,1.6620208733654504e-56,80.0,0.9980028299896274,0.8187307530779818,True,True
32,2048.0,0.044721359549995794,0.25,1.6620208733654504e-56,80.0,0.9875906462824269,0.8187307530779818,True,True
32,2048.0,0.044721359549995794,0.5,1.6620208733654504e-56,80.0,0.9513283100377632,0.8187307530779818,True,True
32,2048.0,0.044721359549995794,0.75,1.6620208733654504e-56,80.0,0.8939105786343533,0.8187307530779818,True,True
32,2048.0,0.044721359549995794,0.99,1.6620208733654504e-56,80.0,0.8226579821694578,0.8187307530779818,True,True
32,4096.0,1.0,0.1,0.022027882325764997,80.04357053705178,0.9987858637853034,0.8187307530779818,True,True
32,4096.0,1.0,0.25,0.022027882325764997,80.04357053705178,0.9896749272473078,0.8187307530779818,True,True
32,4096.0,1.0,0.5,0.022027882325764997,80.04357053705178,0.9554471001912243,0.8187307530779818,True,True
32,4096.0,1.0,0.75,0.022027882325764997,80.04357053705178,0.8997747531452764,0.8187307530779818,True,True
32,4096.0,1.0,0.99,0.022027882325764997,80.04357053705178,0.8298253251609264,0.8187307530779818,True,True
32,4096.0,0.5,0.1,1.8791206492824855e-07,80.0000003758241,0.9980028374957745,0.8187307530779818,True,True
32,4096.0,0.5,0.25,1.8791206492824855e-07,80.0000003758241,0.9875906648693563,0.8187307530779818,True,True
32,4096.0,0.5,0.5,1.8791206492824855e-07,80.0000003758241,0.9513283459020806,0.8187307530779818,True,True
32,4096.0,0.5,0.75,1.8791206492824855e-07,80.0000003758241,0.8939106292615815,0.8187307530779818,True,True
32,4096.0,0.5,0.99,1.8791206492824855e-07,80.0000003758241,0.8226580437606876,0.8187307530779818,True,True
32,4096.0,0.25,0.1,5.825664880000653e-17,80.0,0.9980028299896274,0.8187307530779818,True,True
32,4096.0,0.25,0.25,5.825664880000653e-17,80.0,0.9875906462824269,0.8187307530779818,True,True
32,4096.0,0.25,0.5,5.825664880000653e-17,80.0,0.9513283100377632,0.8187307530779818,True,True
32,4096.0,0.25,0.75,5.825664880000653e-17,80.0,0.8939105786343533,0.8187307530779818,True,True
32,4096.0,0.25,0.99,5.825664880000653e-17,80.0,0.822657982169458,0.8187307530779818,True,True
32,4096.0,0.1,0.1,9.211361275968073e-43,80.0,0.9980028299896274,0.8187307530779818,True,True
32,4096.0,0.1,0.25,9.211361275968073e-43,80.0,0.9875906462824269,0.8187307530779818,True,True
32,4096.0,0.1,0.5,9.211361275968073e-43,80.0,0.9513283100377632,0.8187307530779818,True,True
32,4096.0,0.1,0.75,9.211361275968073e-43,80.0,0.8939105786343533,0.8187307530779818,True,True
32,4096.0,0.1,0.99,9.211361275968073e-43,80.0,0.8226579821694578,0.8187307530779818,True,True
32,4096.0,0.044721359549995794,0.1,6.4063708369018545e-87,80.0,0.9980028299896274,0.8187307530779818,True,True
32,4096.0,0.044721359549995794,0.25,6.4063708369018545e-87,80.0,0.9875906462824269,0.8187307530779818,True,True
32,4096.0,0.044721359549995794,0.5,6.4063708369018545e-87,80.0,0.9513283100377632,0.8187307530779818,True,True
32,4096.0,0.044721359549995794,0.75,6.4063708369018545e-87,80.0,0.8939105786343533,0.8187307530779818,True,True
32,4096.0,0.044721359549995794,0.99,6.4063708369018545e-87,80.0,0.8226579821694578,0.8187307530779818,True,True
32,8192.0,1.0,0.1,0.0002795068407896594,80.0005589355575,0.9980139793086542,0.8187307530779818,True,True
32,8192.0,1.0,0.25,0.0002795068407896594,80.0005589355575,0.9876182779269108,0.8187307530779818,True,True
32,8192.0,1.0,0.5,0.0002795068407896594,80.0005589355575,0.951381642166265,0.8187307530779818,True,True
32,8192.0,1.0,0.75,0.0002795068407896594,80.0005589355575,0.8939858720275954,0.8187307530779818,True,True
32,8192.0,1.0,0.99,0.0002795068407896594,80.0005589355575,0.8227495866909267,0.8187307530779818,True,True
32,8192.0,0.5,0.1,2.2232381046141962e-11,80.00000000004447,0.9980028299905155,0.8187307530779818,True,True
32,8192.0,0.5,0.25,2.2232381046141962e-11,80.00000000004447,0.987590646284626,0.8187307530779818,True,True
32,8192.0,0.5,0.5,2.2232381046141962e-11,80.00000000004447,0.9513283100420064,0.8187307530779818,True,True
32,8192.0,0.5,0.75,2.2232381046141962e-11,80.00000000004447,0.8939105786403431,0.8187307530779818,True,True
32,8192.0,0.5,0.99,2.2232381046141962e-11,80.00000000004447,0.8226579821767449,0.8187307530779818,True,True
32,8192.0,0.25,0.1,5.984078675237384e-25,80.0,0.9980028299896274,0.8187307530779818,True,True
32,8192.0,0.25,0.25,5.984078675237384e-25,80.0,0.9875906462824269,0.8187307530779818,True,True
32,8192.0,0.25,0.5,5.984078675237384e-25,80.0,0.9513283100377632,0.8187307530779818,True,True
32,8192.0,0.25,0.75,5.984078675237384e-25,80.0,0.8939105786343533,0.8187307530779818,True,True
32,8192.0,0.25,0.99,5.984078675237384e-25,80.0,0.8226579821694578,0.8187307530779818,True,True
32,8192.0,0.1,0.1,7.854108353947351e-63,80.0,0.9980028299896274,0.8187307530779818,True,True
32,8192.0,0.1,0.25,7.854108353947351e-63,80.0,0.9875906462824269,0.8187307530779818,True,True
32,8192.0,0.1,0.5,7.854108353947351e-63,80.0,0.9513283100377632,0.8187307530779818,True,True
32,8192.0,0.1,0.75,7.854108353947351e-63,80.0,0.8939105786343533,0.8187307530779818,True,True
32,8192.0,0.1,0.99,7.854108353947351e-63,80.0,0.8226579821694578,0.8187307530779818,True,True
32,8192.0,0.044721359549995794,0.1,5.782115619281695e-131,80.0,0.9980028299896274,0.8187307530779818,True,True
32,8192.0,0.044721359549995794,0.25,5.782115619281695e-131,80.0,0.9875906462824269,0.8187307530779818,True,True
32,8192.0,0.044721359549995794,0.5,5.782115619281695e-131,80.0,0.9513283100377632,0.8187307530779818,True,True
32,8192.0,0.044721359549995794,0.75,5.782115619281695e-131,80.0,0.8939105786343533,0.8187307530779818,True,True
32,8192.0,0.044721359549995794,0.99,5.782115619281695e-131,80.0,0.8226579821694578,0.8187307530779818,True,True
32,16384.0,1.0,0.1,5.130344448485075e-07,80.00000102606863,0.9980028504827541,0.8187307530779818,True,True
32,16384.0,1.0,0.25,5.130344448485075e-07,80.00000102606863,0.9875906970281249,0.8187307530779818,True,True
32,16384.0,1.0,0.5,5.130344448485075e-07,80.00000102606863,0.9513284079539065,0.8187307530779818,True,True
32,16384.0,1.0,0.75,5.130344448485075e-07,80.00000102606863,0.8939107168559594,0.8187307530779818,True,True
32,16384.0,1.0,0.99,5.130344448485075e-07,80.00000102606863,0.8226581503248075,0.8187307530779818,True,True
32,16384.0,0.5,0.1,5.445433402554211e-17,80.0,0.9980028299896274,0.8187307530779818,True,True
32,16384.0,0.5,0.25,5.445433402554211e-17,80.0,0.9875906462824269,0.8187307530779818,True,True
32,16384.0,0.5,0.5,5.445433402554211e-17,80.0,0.9513283100377632,0.8187307530779818,True,True
32,16384.0,0.5,0.75,5.445433402554211e-17,80.0,0.8939105786343533,0.8187307530779818,True,True
32,16384.0,0.5,0.99,5.445433402554211e-17,80.0,0.8226579821694578,0.8187307530779818,True,True
32,16384.0,0.25,0.1,2.6068451338579417e-36,80.0,0.9980028299896274,0.8187307530779818,True,True
32,16384.0,0.25,0.25,2.6068451338579417e-36,80.0,0.9875906462824269,0.8187307530779818,True,True
32,16384.0,0.25,0.5,2.6068451338579417e-36,80.0,0.9513283100377632,0.8187307530779818,True,True
32,16384.0,0.25,0.75,2.6068451338579417e-36,80.0,0.8939105786343533,0.8187307530779818,True,True
32,16384.0,0.25,0.99,2.6068451338579417e-36,80.0,0.8226579821694578,0.8187307530779818,True,True
32,16384.0,0.1,0.1,2.301866862119891e-91,80.0,0.9980028299896274,0.8187307530779818,True,True
32,16384.0,0.1,0.25,2.301866862119891e-91,80.0,0.9875906462824269,0.8187307530779818,True,True
32,16384.0,0.1,0.5,2.301866862119891e-91,80.0,0.9513283100377632,0.8187307530779818,True,True
32,16384.0,0.1,0.75,2.301866862119891e-91,80.0,0.8939105786343533,0.8187307530779818,True,True
32,16384.0,0.1,0.99,2.301866862119891e-91,80.0,0.8226579821694578,0.8187307530779818,True,True
32,16384.0,0.044721359549995794,0.1,3.850023557909563e-194,80.0,0.9980028299896274,0.8187307530779818,True,True
32,16384.0,0.044721359549995794,0.25,3.850023557909563e-194,80.0,0.9875906462824269,0.8187307530779818,True,True
32,16384.0,0.044721359549995794,0.5,3.850023557909563e-194,80.0,0.9513283100377632,0.8187307530779818,True,True
32,16384.0,0.044721359549995794,0.75,3.850023557909563e-194,80.0,0.8939105786343533,0.8187307530779818,True,True
32,16384.0,0.044721359549995794,0.99,3.850023557909563e-194,80.0,0.8226579821694578,0.8187307530779818,True,True
