spectrum_index,rank_index,setup_name,step_rank,eta,orientation_seed,budget,analysis_role,risk_name,representative_minimizer_q,minimum_q_smallest,minimum_q_largest,minimum_q_count,minimum_is_zero,minimum_is_plateau,minimum_mean_risk,mean_trial_minimizer_q,median_trial_minimizer_q,bootstrap_q_ci_low,bootstrap_q_ci_high,bootstrap_samples,bootstrap_seed
0,0,step_r5_eta_0,5,0.0,52000,80,sensitivity,full_risk,5,5,36,32,True,True,0.0,5.0,5.0,5.0,5.0,20000,20260815
0,0,step_r5_eta_0,5,0.0,52000,80,sensitivity,rank_risk,5,5,36,32,True,True,0.0,5.0,5.0,5.0,5.0,20000,20260816
0,0,step_r5_eta_0,5,0.0,52000,80,sensitivity,gaussian_risk,5,5,36,32,True,True,0.0,5.0,5.0,5.0,5.0,20000,20260817
0,0,step_r5_eta_0,5,0.0,52000,80,sensitivity,rademacher_risk,5,5,36,32,True,True,0.0,5.0,5.0,5.0,5.0,20000,20260818
0,0,step_r5_eta_0,5,0.0,52000,160,primary,full_risk,5,5,76,72,True,True,0.0,5.0,5.0,5.0,5.0,20000,20260815
0,0,step_r5_eta_0,5,0.0,52000,160,primary,rank_risk,5,5,76,72,True,True,0.0,5.0,5.0,5.0,5.0,20000,20260816
0,0,step_r5_eta_0,5,0.0,52000,160,primary,gaussian_risk,5,5,76,72,True,True,0.0,5.0,5.0,5.0,5.0,20000,20260817
0,0,step_r5_eta_0,5,0.0,52000,160,primary,rademacher_risk,5,5,76,72,True,True,0.0,5.0,5.0,5.0,5.0,20000,20260818
0,0,step_r5_eta_0,5,0.0,52000,240,sensitivity,full_risk,5,5,116,112,True,True,0.0,5.0,5.0,5.0,5.0,20000,20260815
0,0,step_r5_eta_0,5,0.0,52000,240,sensitivity,rank_risk,5,5,116,112,True,True,0.0,5.0,5.0,5.0,5.0,20000,20260816
0,0,step_r5_eta_0,5,0.0,52000,240,sensitivity,gaussian_risk,5,5,116,112,True,True,0.0,5.0,5.0,5.0,5.0,20000,20260817
0,0,step_r5_eta_0,5,0.0,52000,240,sensitivity,rademacher_risk,5,5,116,112,True,True,0.0,5.0,5.0,5.0,5.0,20000,20260818
1,0,step_r5_eta_1e-14,5,1e-14,52000,80,sensitivity,full_risk,5,5,5,1,False,False,1.4142857142857143e-27,5.0,5.0,5.0,5.0,20000,20260815
1,0,step_r5_eta_1e-14,5,1e-14,52000,80,sensitivity,rank_risk,5,5,5,1,False,False,1.4142857142857143e-27,5.0,5.0,5.0,5.0,20000,20260816
1,0,step_r5_eta_1e-14,5,1e-14,52000,80,sensitivity,gaussian_risk,5,5,5,1,False,False,1.4142857145763179e-27,5.0,5.0,5.0,5.0,20000,20260817
1,0,step_r5_eta_1e-14,5,1e-14,52000,80,sensitivity,rademacher_risk,5,5,5,1,False,False,1.4094366422179554e-29,5.0,5.0,5.0,5.0,20000,20260818
1,0,step_r5_eta_1e-14,5,1e-14,52000,160,primary,full_risk,5,5,5,1,False,False,6.599999999999999e-28,5.0,5.0,5.0,5.0,20000,20260815
1,0,step_r5_eta_1e-14,5,1e-14,52000,160,primary,rank_risk,5,5,5,1,False,False,6.599999999999999e-28,5.0,5.0,5.0,5.0,20000,20260816
1,0,step_r5_eta_1e-14,5,1e-14,52000,160,primary,gaussian_risk,5,5,5,1,False,False,6.60000000135615e-28,5.0,5.0,5.0,5.0,20000,20260817
1,0,step_r5_eta_1e-14,5,1e-14,52000,160,primary,rademacher_risk,5,5,5,1,False,False,6.577370997017126e-30,5.0,5.0,5.0,5.0,20000,20260818
1,0,step_r5_eta_1e-14,5,1e-14,52000,240,sensitivity,full_risk,5,5,5,1,False,False,4.3043478260869565e-28,5.0,5.0,5.0,5.0,20000,20260815
1,0,step_r5_eta_1e-14,5,1e-14,52000,240,sensitivity,rank_risk,5,5,5,1,False,False,4.3043478260869565e-28,5.0,5.0,5.0,5.0,20000,20260816
1,0,step_r5_eta_1e-14,5,1e-14,52000,240,sensitivity,gaussian_risk,5,5,5,1,False,False,4.304347826971402e-28,5.0,5.0,5.0,5.0,20000,20260817
1,0,step_r5_eta_1e-14,5,1e-14,52000,240,sensitivity,rademacher_risk,5,5,5,1,False,False,4.289589780663343e-30,5.0,5.0,5.0,5.0,20000,20260818
2,0,step_r5_eta_1e-10,5,1e-10,52000,80,sensitivity,full_risk,5,5,5,1,False,False,1.4142857142857145e-19,5.0,5.0,5.0,5.0,20000,20260815
2,0,step_r5_eta_1e-10,5,1e-10,52000,80,sensitivity,rank_risk,5,5,5,1,False,False,1.4142857142857145e-19,5.0,5.0,5.0,5.0,20000,20260816
2,0,step_r5_eta_1e-10,5,1e-10,52000,80,sensitivity,gaussian_risk,5,5,5,1,False,False,1.4142887466324266e-19,5.0,5.0,5.0,5.0,20000,20260817
2,0,step_r5_eta_1e-10,5,1e-10,52000,80,sensitivity,rademacher_risk,5,5,5,1,False,False,1.4094520342684121e-21,5.0,5.0,5.0,5.0,20000,20260818
2,0,step_r5_eta_1e-10,5,1e-10,52000,160,primary,full_risk,5,5,5,1,False,False,6.6e-20,5.0,5.0,5.0,5.0,20000,20260815
2,0,step_r5_eta_1e-10,5,1e-10,52000,160,primary,rank_risk,5,5,5,1,False,False,6.6e-20,5.0,5.0,5.0,5.0,20000,20260816
2,0,step_r5_eta_1e-10,5,1e-10,52000,160,primary,gaussian_risk,5,5,5,1,False,False,6.600014150951324e-20,5.0,5.0,5.0,5.0,20000,20260817
2,0,step_r5_eta_1e-10,5,1e-10,52000,160,primary,rademacher_risk,5,5,5,1,False,False,6.577442826585923e-22,5.0,5.0,5.0,5.0,20000,20260818
2,0,step_r5_eta_1e-10,5,1e-10,52000,240,sensitivity,full_risk,5,5,5,1,False,False,4.3043478260869565e-20,5.0,5.0,5.0,5.0,20000,20260815
2,0,step_r5_eta_1e-10,5,1e-10,52000,240,sensitivity,rank_risk,5,5,5,1,False,False,4.3043478260869565e-20,5.0,5.0,5.0,5.0,20000,20260816
2,0,step_r5_eta_1e-10,5,1e-10,52000,240,sensitivity,gaussian_risk,5,5,5,1,False,False,4.304357054968256e-20,5.0,5.0,5.0,5.0,20000,20260817
2,0,step_r5_eta_1e-10,5,1e-10,52000,240,sensitivity,rademacher_risk,5,5,5,1,False,False,4.289636626034297e-22,5.0,5.0,5.0,5.0,20000,20260818
3,0,step_r5_eta_1e-06,5,1e-06,52000,80,sensitivity,full_risk,5,5,5,1,False,False,1.4142857142857144e-11,5.0,5.0,5.0,5.0,20000,20260815
3,0,step_r5_eta_1e-06,5,1e-06,52000,80,sensitivity,rank_risk,5,5,5,1,False,False,1.4142857142857144e-11,5.0,5.0,5.0,5.0,20000,20260816
3,0,step_r5_eta_1e-06,5,1e-06,52000,80,sensitivity,gaussian_risk,6,6,6,1,False,False,1.4529890693952481e-11,5.04,5.0,5.0,6.0,20000,20260817
3,0,step_r5_eta_1e-06,5,1e-06,52000,80,sensitivity,rademacher_risk,6,6,6,1,False,False,1.738053323099578e-13,5.06,5.0,6.0,6.0,20000,20260818
3,0,step_r5_eta_1e-06,5,1e-06,52000,160,primary,full_risk,5,5,5,1,False,False,6.599999999999998e-12,5.0,5.0,5.0,5.0,20000,20260815
3,0,step_r5_eta_1e-06,5,1e-06,52000,160,primary,rank_risk,5,5,5,1,False,False,6.599999999999998e-12,5.0,5.0,5.0,5.0,20000,20260816
3,0,step_r5_eta_1e-06,5,1e-06,52000,160,primary,gaussian_risk,6,6,6,1,False,False,6.6758957242484376e-12,5.055,5.0,5.0,6.0,20000,20260817
3,0,step_r5_eta_1e-06,5,1e-06,52000,160,primary,rademacher_risk,6,6,6,1,False,False,7.985650403430493e-14,5.06,5.0,6.0,6.0,20000,20260818
3,0,step_r5_eta_1e-06,5,1e-06,52000,240,sensitivity,full_risk,5,5,5,1,False,False,4.304347826086957e-12,5.0,5.0,5.0,5.0,20000,20260815
3,0,step_r5_eta_1e-06,5,1e-06,52000,240,sensitivity,rank_risk,5,5,5,1,False,False,4.304347826086957e-12,5.0,5.0,5.0,5.0,20000,20260816
3,0,step_r5_eta_1e-06,5,1e-06,52000,240,sensitivity,gaussian_risk,6,6,6,1,False,False,4.333476171880565e-12,5.06,5.0,5.0,6.0,20000,20260817
3,0,step_r5_eta_1e-06,5,1e-06,52000,240,sensitivity,rademacher_risk,6,6,6,1,False,False,5.183667805735583e-14,5.06,5.0,6.0,6.0,20000,20260818
4,1,step_r15_eta_0,15,0.0,52001,80,sensitivity,full_risk,15,15,36,22,True,True,0.0,15.0,15.0,15.0,15.0,20000,20260819
4,1,step_r15_eta_0,15,0.0,52001,80,sensitivity,rank_risk,15,15,36,22,True,True,0.0,15.0,15.0,15.0,15.0,20000,20260820
4,1,step_r15_eta_0,15,0.0,52001,80,sensitivity,gaussian_risk,15,15,36,22,True,True,0.0,15.0,15.0,15.0,15.0,20000,20260821
4,1,step_r15_eta_0,15,0.0,52001,80,sensitivity,rademacher_risk,15,15,36,22,True,True,0.0,15.0,15.0,15.0,15.0,20000,20260822
4,1,step_r15_eta_0,15,0.0,52001,160,primary,full_risk,15,15,76,62,True,True,0.0,15.0,15.0,15.0,15.0,20000,20260819
4,1,step_r15_eta_0,15,0.0,52001,160,primary,rank_risk,15,15,76,62,True,True,0.0,15.0,15.0,15.0,15.0,20000,20260820
4,1,step_r15_eta_0,15,0.0,52001,160,primary,gaussian_risk,15,15,76,62,True,True,0.0,15.0,15.0,15.0,15.0,20000,20260821
4,1,step_r15_eta_0,15,0.0,52001,160,primary,rademacher_risk,15,15,76,62,True,True,0.0,15.0,15.0,15.0,15.0,20000,20260822
4,1,step_r15_eta_0,15,0.0,52001,240,sensitivity,full_risk,15,15,116,102,True,True,0.0,15.0,15.0,15.0,15.0,20000,20260819
4,1,step_r15_eta_0,15,0.0,52001,240,sensitivity,rank_risk,15,15,116,102,True,True,0.0,15.0,15.0,15.0,15.0,20000,20260820
4,1,step_r15_eta_0,15,0.0,52001,240,sensitivity,gaussian_risk,15,15,116,102,True,True,0.0,15.0,15.0,15.0,15.0,20000,20260821
4,1,step_r15_eta_0,15,0.0,52001,240,sensitivity,rademacher_risk,15,15,116,102,True,True,0.0,15.0,15.0,15.0,15.0,20000,20260822
5,1,step_r15_eta_1e-14,15,1e-14,52001,80,sensitivity,full_risk,15,15,15,1,False,False,1.9400000000000003e-27,15.0,15.0,15.0,15.0,20000,20260819
5,1,step_r15_eta_1e-14,15,1e-14,52001,80,sensitivity,rank_risk,15,15,15,1,False,False,1.9400000000000003e-27,15.0,15.0,15.0,15.0,20000,20260820
5,1,step_r15_eta_1e-14,15,1e-14,52001,80,sensitivity,gaussian_risk,15,15,15,1,False,False,1.9400000051552953e-27,15.0,15.0,15.0,15.0,20000,20260821
5,1,step_r15_eta_1e-14,15,1e-14,52001,80,sensitivity,rademacher_risk,15,15,15,1,False,False,5.796979350287142e-29,15.0,15.0,15.0,15.0,20000,20260822
5,1,step_r15_eta_1e-14,15,1e-14,52001,160,primary,full_risk,15,15,15,1,False,False,7.461538461538462e-28,15.0,15.0,15.0,15.0,20000,20260819
5,1,step_r15_eta_1e-14,15,1e-14,52001,160,primary,rank_risk,15,15,15,1,False,False,7.461538461538462e-28,15.0,15.0,15.0,15.0,20000,20260820
5,1,step_r15_eta_1e-14,15,1e-14,52001,160,primary,gaussian_risk,15,15,15,1,False,False,7.461538481366521e-28,15.0,15.0,15.0,15.0,20000,20260821
5,1,step_r15_eta_1e-14,15,1e-14,52001,160,primary,rademacher_risk,15,15,15,1,False,False,2.2296074424181312e-29,15.0,15.0,15.0,15.0,20000,20260822
5,1,step_r15_eta_1e-14,15,1e-14,52001,240,sensitivity,full_risk,15,15,15,1,False,False,4.619047619047619e-28,15.0,15.0,15.0,15.0,20000,20260819
5,1,step_r15_eta_1e-14,15,1e-14,52001,240,sensitivity,rank_risk,15,15,15,1,False,False,4.619047619047619e-28,15.0,15.0,15.0,15.0,20000,20260820
5,1,step_r15_eta_1e-14,15,1e-14,52001,240,sensitivity,gaussian_risk,15,15,15,1,False,False,4.619047631322132e-28,15.0,15.0,15.0,15.0,20000,20260821
5,1,step_r15_eta_1e-14,15,1e-14,52001,240,sensitivity,rademacher_risk,15,15,15,1,False,False,1.3802331786397956e-29,15.0,15.0,15.0,15.0,20000,20260822
6,1,step_r15_eta_1e-10,15,1e-10,52001,80,sensitivity,full_risk,15,15,15,1,False,False,1.94e-19,15.0,15.0,15.0,15.0,20000,20260819
6,1,step_r15_eta_1e-10,15,1e-10,52001,80,sensitivity,rank_risk,15,15,15,1,False,False,1.94e-19,15.0,15.0,15.0,15.0,20000,20260820
6,1,step_r15_eta_1e-10,15,1e-10,52001,80,sensitivity,gaussian_risk,15,15,15,1,False,False,1.940083860048589e-19,15.0,15.0,15.0,15.0,20000,20260821
6,1,step_r15_eta_1e-10,15,1e-10,52001,80,sensitivity,rademacher_risk,15,15,15,1,False,False,5.800350314065212e-21,15.005,15.0,15.0,15.0,20000,20260822
6,1,step_r15_eta_1e-10,15,1e-10,52001,160,primary,full_risk,15,15,15,1,False,False,7.461538461538463e-20,15.0,15.0,15.0,15.0,20000,20260819
6,1,step_r15_eta_1e-10,15,1e-10,52001,160,primary,rank_risk,15,15,15,1,False,False,7.461538461538463e-20,15.0,15.0,15.0,15.0,20000,20260820
6,1,step_r15_eta_1e-10,15,1e-10,52001,160,primary,gaussian_risk,15,15,15,1,False,False,7.461861000186881e-20,15.0,15.0,15.0,15.0,20000,20260821
6,1,step_r15_eta_1e-10,15,1e-10,52001,160,primary,rademacher_risk,15,15,15,1,False,False,2.230903966948158e-21,15.005,15.0,15.0,15.0,20000,20260822
6,1,step_r15_eta_1e-10,15,1e-10,52001,240,sensitivity,full_risk,15,15,15,1,False,False,4.619047619047621e-20,15.0,15.0,15.0,15.0,20000,20260819
6,1,step_r15_eta_1e-10,15,1e-10,52001,240,sensitivity,rank_risk,15,15,15,1,False,False,4.619047619047621e-20,15.0,15.0,15.0,15.0,20000,20260820
6,1,step_r15_eta_1e-10,15,1e-10,52001,240,sensitivity,gaussian_risk,15,15,15,1,False,False,4.6192472858299734e-20,15.005,15.0,15.0,15.0,20000,20260821
6,1,step_r15_eta_1e-10,15,1e-10,52001,240,sensitivity,rademacher_risk,15,15,15,1,False,False,1.3810357890631455e-21,15.005,15.0,15.0,15.0,20000,20260822
7,1,step_r15_eta_1e-06,15,1e-06,52001,80,sensitivity,full_risk,15,15,15,1,False,False,1.9400000000000002e-11,15.0,15.0,15.0,15.0,20000,20260819
7,1,step_r15_eta_1e-06,15,1e-06,52001,80,sensitivity,rank_risk,15,15,15,1,False,False,1.9400000000000002e-11,15.0,15.0,15.0,15.0,20000,20260820
7,1,step_r15_eta_1e-06,15,1e-06,52001,80,sensitivity,gaussian_risk,16,16,16,1,False,False,2.017101564827627e-11,15.04,15.0,15.0,16.0,20000,20260821
7,1,step_r15_eta_1e-06,15,1e-06,52001,80,sensitivity,rademacher_risk,16,16,16,1,False,False,6.437453427386228e-13,15.08,15.0,16.0,16.0,20000,20260822
7,1,step_r15_eta_1e-06,15,1e-06,52001,160,primary,full_risk,15,15,15,1,False,False,7.461538461538462e-12,15.0,15.0,15.0,15.0,20000,20260819
7,1,step_r15_eta_1e-06,15,1e-06,52001,160,primary,rank_risk,15,15,15,1,False,False,7.461538461538462e-12,15.0,15.0,15.0,15.0,20000,20260820
7,1,step_r15_eta_1e-06,15,1e-06,52001,160,primary,gaussian_risk,16,16,16,1,False,False,7.564130868103601e-12,15.07,15.0,15.0,16.0,20000,20260821
7,1,step_r15_eta_1e-06,15,1e-06,52001,160,primary,rademacher_risk,16,16,16,1,False,False,2.414045035269835e-13,15.1,15.0,16.0,16.0,20000,20260822
7,1,step_r15_eta_1e-06,15,1e-06,52001,240,sensitivity,full_risk,15,15,15,1,False,False,4.6190476190476184e-12,15.0,15.0,15.0,15.0,20000,20260819
7,1,step_r15_eta_1e-06,15,1e-06,52001,240,sensitivity,rank_risk,15,15,15,1,False,False,4.6190476190476184e-12,15.0,15.0,15.0,15.0,20000,20260820
7,1,step_r15_eta_1e-06,15,1e-06,52001,240,sensitivity,gaussian_risk,16,16,16,1,False,False,4.654849764986832e-12,15.075,15.0,16.0,16.0,20000,20260821
7,1,step_r15_eta_1e-06,15,1e-06,52001,240,sensitivity,rademacher_risk,16,16,16,1,False,False,1.4855661755506676e-13,15.1,15.0,16.0,16.0,20000,20260822
8,2,step_r30_eta_0,30,0.0,52002,80,sensitivity,full_risk,30,30,36,7,True,True,0.0,30.0,30.0,30.0,30.0,20000,20260823
8,2,step_r30_eta_0,30,0.0,52002,80,sensitivity,rank_risk,30,30,36,7,True,True,0.0,30.0,30.0,30.0,30.0,20000,20260824
8,2,step_r30_eta_0,30,0.0,52002,80,sensitivity,gaussian_risk,30,30,36,7,True,True,0.0,30.0,30.0,30.0,30.0,20000,20260825
8,2,step_r30_eta_0,30,0.0,52002,80,sensitivity,rademacher_risk,30,30,36,7,True,True,0.0,30.0,30.0,30.0,30.0,20000,20260826
8,2,step_r30_eta_0,30,0.0,52002,160,primary,full_risk,30,30,76,47,True,True,0.0,30.0,30.0,30.0,30.0,20000,20260823
8,2,step_r30_eta_0,30,0.0,52002,160,primary,rank_risk,30,30,76,47,True,True,0.0,30.0,30.0,30.0,30.0,20000,20260824
8,2,step_r30_eta_0,30,0.0,52002,160,primary,gaussian_risk,30,30,76,47,True,True,0.0,30.0,30.0,30.0,30.0,20000,20260825
8,2,step_r30_eta_0,30,0.0,52002,160,primary,rademacher_risk,30,30,76,47,True,True,0.0,30.0,30.0,30.0,30.0,20000,20260826
8,2,step_r30_eta_0,30,0.0,52002,240,sensitivity,full_risk,30,30,116,87,True,True,0.0,30.0,30.0,30.0,30.0,20000,20260823
8,2,step_r30_eta_0,30,0.0,52002,240,sensitivity,rank_risk,30,30,116,87,True,True,0.0,30.0,30.0,30.0,30.0,20000,20260824
8,2,step_r30_eta_0,30,0.0,52002,240,sensitivity,gaussian_risk,30,30,116,87,True,True,0.0,30.0,30.0,30.0,30.0,20000,20260825
8,2,step_r30_eta_0,30,0.0,52002,240,sensitivity,rademacher_risk,30,30,116,87,True,True,0.0,30.0,30.0,30.0,30.0,20000,20260826
9,2,step_r30_eta_1e-14,30,1e-14,52002,80,sensitivity,full_risk,30,30,30,1,False,False,4.6999999999999996e-27,30.0,30.0,30.0,30.0,20000,20260823
9,2,step_r30_eta_1e-14,30,1e-14,52002,80,sensitivity,rank_risk,30,30,30,1,False,False,4.6999999999999996e-27,30.0,30.0,30.0,30.0,20000,20260824
9,2,step_r30_eta_1e-14,30,1e-14,52002,80,sensitivity,gaussian_risk,30,30,30,1,False,False,4.7000000004612986e-27,30.0,30.0,30.0,30.0,20000,20260825
9,2,step_r30_eta_1e-14,30,1e-14,52002,80,sensitivity,rademacher_risk,30,30,30,1,False,False,2.8090914284904997e-28,30.0,30.0,30.0,30.0,20000,20260826
9,2,step_r30_eta_1e-14,30,1e-14,52002,160,primary,full_risk,30,30,30,1,False,False,9.4e-28,30.0,30.0,30.0,30.0,20000,20260823
9,2,step_r30_eta_1e-14,30,1e-14,52002,160,primary,rank_risk,30,30,30,1,False,False,9.4e-28,30.0,30.0,30.0,30.0,20000,20260824
9,2,step_r30_eta_1e-14,30,1e-14,52002,160,primary,gaussian_risk,30,30,30,1,False,False,9.400000000922598e-28,30.0,30.0,30.0,30.0,20000,20260825
9,2,step_r30_eta_1e-14,30,1e-14,52002,160,primary,rademacher_risk,30,30,30,1,False,False,5.618182856980999e-29,30.0,30.0,30.0,30.0,20000,20260826
9,2,step_r30_eta_1e-14,30,1e-14,52002,240,sensitivity,full_risk,30,30,30,1,False,False,5.222222222222221e-28,30.0,30.0,30.0,30.0,20000,20260823
9,2,step_r30_eta_1e-14,30,1e-14,52002,240,sensitivity,rank_risk,30,30,30,1,False,False,5.222222222222221e-28,30.0,30.0,30.0,30.0,20000,20260824
9,2,step_r30_eta_1e-14,30,1e-14,52002,240,sensitivity,gaussian_risk,30,30,30,1,False,False,5.222222222734776e-28,30.0,30.0,30.0,30.0,20000,20260825
9,2,step_r30_eta_1e-14,30,1e-14,52002,240,sensitivity,rademacher_risk,30,30,30,1,False,False,3.121212698322778e-29,30.0,30.0,30.0,30.0,20000,20260826
10,2,step_r30_eta_1e-10,30,1e-10,52002,80,sensitivity,full_risk,30,30,30,1,False,False,4.699999999999999e-19,30.0,30.0,30.0,30.0,20000,20260823
10,2,step_r30_eta_1e-10,30,1e-10,52002,80,sensitivity,rank_risk,30,30,30,1,False,False,4.699999999999999e-19,30.0,30.0,30.0,30.0,20000,20260824
10,2,step_r30_eta_1e-10,30,1e-10,52002,80,sensitivity,gaussian_risk,30,30,30,1,False,False,4.700004645896941e-19,30.0,30.0,30.0,30.0,20000,20260825
10,2,step_r30_eta_1e-10,30,1e-10,52002,80,sensitivity,rademacher_risk,30,30,30,1,False,False,2.809094472807586e-20,30.0,30.0,30.0,30.0,20000,20260826
10,2,step_r30_eta_1e-10,30,1e-10,52002,160,primary,full_risk,30,30,30,1,False,False,9.400000000000003e-20,30.0,30.0,30.0,30.0,20000,20260823
10,2,step_r30_eta_1e-10,30,1e-10,52002,160,primary,rank_risk,30,30,30,1,False,False,9.400000000000003e-20,30.0,30.0,30.0,30.0,20000,20260824
10,2,step_r30_eta_1e-10,30,1e-10,52002,160,primary,gaussian_risk,30,30,30,1,False,False,9.400009291793883e-20,30.0,30.0,30.0,30.0,20000,20260825
10,2,step_r30_eta_1e-10,30,1e-10,52002,160,primary,rademacher_risk,30,30,30,1,False,False,5.618188945615172e-21,30.0,30.0,30.0,30.0,20000,20260826
10,2,step_r30_eta_1e-10,30,1e-10,52002,240,sensitivity,full_risk,30,30,30,1,False,False,5.222222222222221e-20,30.0,30.0,30.0,30.0,20000,20260823
10,2,step_r30_eta_1e-10,30,1e-10,52002,240,sensitivity,rank_risk,30,30,30,1,False,False,5.222222222222221e-20,30.0,30.0,30.0,30.0,20000,20260824
10,2,step_r30_eta_1e-10,30,1e-10,52002,240,sensitivity,gaussian_risk,30,30,30,1,False,False,5.222227384329935e-20,30.0,30.0,30.0,30.0,20000,20260825
10,2,step_r30_eta_1e-10,30,1e-10,52002,240,sensitivity,rademacher_risk,30,30,30,1,False,False,3.1212160808973177e-21,30.0,30.0,30.0,30.0,20000,20260826
11,2,step_r30_eta_1e-06,30,1e-06,52002,80,sensitivity,full_risk,30,30,30,1,False,False,4.7000000000000006e-11,30.0,30.0,30.0,30.0,20000,20260823
11,2,step_r30_eta_1e-06,30,1e-06,52002,80,sensitivity,rank_risk,30,30,30,1,False,False,4.7000000000000006e-11,30.0,30.0,30.0,30.0,20000,20260824
11,2,step_r30_eta_1e-06,30,1e-06,52002,80,sensitivity,gaussian_risk,31,31,31,1,False,False,5.2120313310908774e-11,30.045,30.0,30.0,31.0,20000,20260825
11,2,step_r30_eta_1e-06,30,1e-06,52002,80,sensitivity,rademacher_risk,31,31,31,1,False,False,3.219492844132488e-12,30.08,30.0,31.0,31.0,20000,20260826
11,2,step_r30_eta_1e-06,30,1e-06,52002,160,primary,full_risk,30,30,30,1,False,False,9.400000000000001e-12,30.0,30.0,30.0,30.0,20000,20260823
11,2,step_r30_eta_1e-06,30,1e-06,52002,160,primary,rank_risk,30,30,30,1,False,False,9.400000000000001e-12,30.0,30.0,30.0,30.0,20000,20260824
11,2,step_r30_eta_1e-06,30,1e-06,52002,160,primary,gaussian_risk,31,31,31,1,False,False,9.573118771391409e-12,30.075,30.0,30.0,31.0,20000,20260825
11,2,step_r30_eta_1e-06,30,1e-06,52002,160,primary,rademacher_risk,31,31,31,1,False,False,5.913354203508651e-13,30.1,30.0,31.0,31.0,20000,20260826
11,2,step_r30_eta_1e-06,30,1e-06,52002,240,sensitivity,full_risk,30,30,30,1,False,False,5.222222222222224e-12,30.0,30.0,30.0,30.0,20000,20260823
11,2,step_r30_eta_1e-06,30,1e-06,52002,240,sensitivity,rank_risk,30,30,30,1,False,False,5.222222222222224e-12,30.0,30.0,30.0,30.0,20000,20260824
11,2,step_r30_eta_1e-06,30,1e-06,52002,240,sensitivity,gaussian_risk,31,31,31,1,False,False,5.270593480878415e-12,30.09,30.0,31.0,31.0,20000,20260825
11,2,step_r30_eta_1e-06,30,1e-06,52002,240,sensitivity,rademacher_risk,31,31,31,1,False,False,3.255666921032853e-13,30.105,30.0,31.0,31.0,20000,20260826
